time,gFx,gFy,gFz,gFTotal
0.000,0.113,-0.493,-0.694,0.859
0.010,0.086,-0.450,-0.808,0.929
0.020,-0.002,-0.385,-0.908,0.986
0.030,-0.060,-0.364,-0.990,1.057
0.040,-0.029,-0.392,-1.028,1.101
0.050,-0.038,-0.416,-1.020,1.102
0.060,-0.092,-0.401,-1.007,1.087
0.070,-0.122,-0.395,-0.984,1.067
0.080,-0.124,-0.410,-0.959,1.051
0.090,-0.107,-0.437,-0.946,1.047
0.100,-0.102,-0.468,-0.913,1.031
0.110,-0.111,-0.475,-0.847,0.977
0.120,-0.102,-0.481,-0.793,0.933
0.130,-0.147,-0.483,-0.778,0.927
0.140,-0.153,-0.494,-0.777,0.933
0.149,-0.127,-0.505,-0.763,0.923
0.159,-0.131,-0.490,-0.763,0.917
0.169,-0.142,-0.486,-0.773,0.924
0.179,-0.135,-0.483,-0.778,0.926
0.189,-0.109,-0.482,-0.793,0.934
0.199,-0.078,-0.489,-0.819,0.957
0.209,-0.065,-0.488,-0.840,0.973
0.219,-0.064,-0.474,-0.844,0.970
0.229,-0.067,-0.465,-0.837,0.960
0.239,-0.074,-0.462,-0.825,0.948
0.249,-0.073,-0.458,-0.819,0.941
0.259,-0.063,-0.461,-0.821,0.944
0.269,-0.051,-0.467,-0.830,0.954
0.279,-0.049,-0.470,-0.844,0.968
0.289,-0.054,-0.478,-0.862,0.987
0.299,-0.057,-0.486,-0.881,1.008
0.309,-0.067,-0.490,-0.894,1.022
0.319,-0.078,-0.494,-0.909,1.037
0.329,-0.085,-0.501,-0.915,1.047
0.339,-0.093,-0.504,-0.911,1.045
0.349,-0.104,-0.503,-0.898,1.034
0.359,-0.118,-0.502,-0.880,1.020
0.369,-0.124,-0.500,-0.865,1.006
0.379,-0.129,-0.500,-0.859,1.002
0.389,-0.135,-0.498,-0.859,1.002
0.399,-0.138,-0.483,-0.852,0.989
0.409,-0.123,-0.479,-0.848,0.982
0.419,-0.096,-0.496,-0.846,0.986
0.429,-0.085,-0.512,-0.834,0.983
0.439,-0.048,-0.494,-0.798,0.940
0.449,-0.033,-0.525,-0.779,0.940
0.458,-0.044,-0.524,-0.779,0.940
0.468,-0.046,-0.499,-0.798,0.942
0.478,-0.063,-0.483,-0.828,0.960
0.488,-0.060,-0.480,-0.845,0.973
0.498,-0.036,-0.472,-0.857,0.979
0.508,-0.039,-0.464,-0.866,0.983
0.518,-0.040,-0.465,-0.850,0.970
0.528,-0.028,-0.479,-0.811,0.942
0.538,-0.028,-0.486,-0.783,0.922
0.548,-0.047,-0.481,-0.774,0.912
0.558,-0.062,-0.478,-0.778,0.915
0.568,-0.075,-0.478,-0.794,0.930
0.578,-0.077,-0.481,-0.812,0.947
0.588,-0.073,-0.483,-0.811,0.946
0.598,-0.070,-0.489,-0.774,0.919
0.608,-0.073,-0.496,-0.734,0.889
0.618,-0.075,-0.506,-0.714,0.878
0.628,-0.067,-0.515,-0.714,0.883
0.638,-0.056,-0.515,-0.730,0.896
0.648,-0.060,-0.509,-0.752,0.910
0.658,-0.071,-0.500,-0.755,0.908
0.668,-0.077,-0.490,-0.749,0.898
0.678,-0.080,-0.483,-0.752,0.898
0.688,-0.077,-0.487,-0.765,0.910
0.698,-0.069,-0.484,-0.792,0.931
0.708,-0.079,-0.475,-0.833,0.962
0.718,-0.089,-0.478,-0.866,0.993
0.728,-0.099,-0.476,-0.889,1.013
0.738,-0.125,-0.463,-0.898,1.018
0.748,-0.146,-0.456,-0.882,1.003
0.758,-0.143,-0.464,-0.845,0.975
0.768,-0.119,-0.475,-0.795,0.934
0.778,-0.099,-0.477,-0.751,0.895
0.788,-0.082,-0.473,-0.728,0.872
0.797,-0.065,-0.461,-0.734,0.869
0.808,-0.050,-0.438,-0.754,0.873
0.818,-0.036,-0.410,-0.779,0.881
0.827,-0.027,-0.382,-0.814,0.899
0.837,-0.021,-0.357,-0.837,0.910
0.847,-0.009,-0.336,-0.859,0.923
0.857,0.015,-0.327,-0.884,0.942
0.867,0.040,-0.324,-0.912,0.968
0.877,0.066,-0.322,-0.948,1.003
0.887,0.095,-0.327,-0.976,1.034
0.897,0.108,-0.324,-1.007,1.063
0.907,0.118,-0.328,-1.034,1.091
0.917,0.145,-0.341,-1.057,1.120
0.927,0.158,-0.351,-1.048,1.117
0.937,0.155,-0.352,-1.005,1.076
0.947,0.146,-0.343,-0.937,1.008
0.957,0.135,-0.330,-0.847,0.919
0.967,0.123,-0.311,-0.754,0.825
0.977,0.110,-0.284,-0.683,0.748
0.987,0.099,-0.267,-0.642,0.702
0.997,0.085,-0.268,-0.623,0.684
1.007,0.055,-0.281,-0.629,0.691
1.017,0.021,-0.298,-0.666,0.730
1.027,0.018,-0.313,-0.737,0.801
1.037,0.025,-0.317,-0.833,0.892
1.047,0.024,-0.321,-0.927,0.981
1.057,0.011,-0.330,-1.000,1.053
1.067,0.005,-0.339,-1.064,1.117
1.077,0.031,-0.344,-1.108,1.161
1.087,0.067,-0.340,-1.118,1.171
1.097,0.086,-0.344,-1.116,1.171
1.107,0.080,-0.354,-1.085,1.145
1.117,0.057,-0.344,-1.039,1.096
1.126,0.031,-0.328,-1.007,1.060
1.137,0.007,-0.317,-0.990,1.039
1.146,-0.011,-0.312,-0.985,1.033
1.157,0.003,-0.317,-1.001,1.050
1.166,0.046,-0.337,-1.026,1.081
1.176,0.081,-0.353,-1.038,1.099
1.186,0.095,-0.354,-1.039,1.102
1.196,0.091,-0.349,-1.035,1.096
1.206,0.079,-0.338,-1.040,1.096
1.216,0.075,-0.327,-1.057,1.110
1.226,0.092,-0.324,-1.077,1.128
1.236,0.118,-0.332,-1.074,1.131
1.246,0.137,-0.351,-1.044,1.109
1.256,0.140,-0.364,-0.990,1.064
1.266,0.131,-0.366,-0.930,1.008
1.276,0.123,-0.368,-0.888,0.969
1.286,0.123,-0.371,-0.878,0.961
1.296,0.136,-0.367,-0.899,0.980
1.306,0.154,-0.364,-0.926,1.007
1.316,0.166,-0.359,-0.941,1.021
1.326,0.176,-0.357,-0.942,1.022
1.336,0.175,-0.360,-0.932,1.014
1.346,0.161,-0.357,-0.920,1.000
1.356,0.151,-0.345,-0.916,0.990
1.366,0.159,-0.333,-0.938,1.008
1.376,0.173,-0.328,-0.980,1.048
1.386,0.183,-0.329,-1.009,1.076
1.396,0.186,-0.329,-1.012,1.081
1.406,0.184,-0.335,-0.995,1.065
1.416,0.189,-0.346,-0.974,1.050
1.426,0.198,-0.350,-0.967,1.047
1.436,0.198,-0.348,-0.965,1.045
1.446,0.200,-0.343,-0.967,1.045
1.456,0.199,-0.336,-0.964,1.041
1.466,0.198,-0.335,-0.962,1.037
1.475,0.213,-0.334,-0.965,1.043
1.485,0.228,-0.330,-0.965,1.046
1.495,0.230,-0.322,-0.962,1.040
1.505,0.231,-0.304,-0.970,1.043
1.515,0.234,-0.290,-0.990,1.058
1.525,0.235,-0.289,-1.007,1.074
1.535,0.247,-0.287,-1.026,1.094
1.545,0.269,-0.279,-1.048,1.118
1.555,0.286,-0.275,-1.074,1.145
1.565,0.291,-0.275,-1.087,1.158
1.575,0.287,-0.269,-1.078,1.148
1.585,0.273,-0.262,-1.058,1.123
1.595,0.257,-0.253,-1.042,1.103
1.605,0.237,-0.244,-1.031,1.086
1.615,0.217,-0.237,-1.033,1.082
1.625,0.187,-0.225,-1.045,1.085
1.635,0.157,-0.211,-1.072,1.103
1.645,0.142,-0.200,-1.111,1.138
1.655,0.137,-0.186,-1.154,1.176
1.665,0.135,-0.179,-1.183,1.204
1.675,0.133,-0.183,-1.195,1.216
1.685,0.126,-0.189,-1.177,1.198
1.695,0.105,-0.188,-1.140,1.160
1.705,0.080,-0.179,-1.110,1.127
1.715,0.061,-0.169,-1.082,1.097
1.725,0.051,-0.164,-1.055,1.069
1.735,0.056,-0.162,-1.030,1.044
1.745,0.061,-0.159,-1.006,1.020
1.755,0.060,-0.160,-0.983,0.998
1.765,0.057,-0.165,-0.952,0.968
1.775,0.044,-0.167,-0.917,0.933
1.784,0.020,-0.168,-0.893,0.909
1.795,-0.002,-0.165,-0.880,0.895
1.804,-0.011,-0.155,-0.887,0.900
1.814,-0.016,-0.143,-0.903,0.914
1.824,-0.025,-0.133,-0.916,0.926
1.834,-0.032,-0.126,-0.934,0.943
1.844,-0.030,-0.122,-0.954,0.962
1.854,-0.015,-0.118,-0.979,0.987
1.864,0.008,-0.123,-1.020,1.028
1.874,0.023,-0.129,-1.072,1.080
1.884,0.036,-0.127,-1.123,1.130
1.894,0.058,-0.127,-1.156,1.164
1.904,0.080,-0.121,-1.164,1.173
1.914,0.086,-0.112,-1.143,1.152
1.924,0.086,-0.116,-1.098,1.107
1.934,0.082,-0.135,-1.042,1.054
1.944,0.073,-0.158,-0.980,0.995
1.954,0.071,-0.176,-0.931,0.950
1.964,0.069,-0.184,-0.904,0.925
1.974,0.060,-0.193,-0.890,0.913
1.984,0.052,-0.200,-0.882,0.906
1.994,0.050,-0.198,-0.887,0.910
2.004,0.047,-0.195,-0.904,0.926
2.014,0.040,-0.194,-0.925,0.946
2.024,0.040,-0.195,-0.946,0.967
2.034,0.042,-0.199,-0.956,0.978
2.044,0.035,-0.201,-0.954,0.976
2.054,0.029,-0.203,-0.952,0.974
2.064,0.027,-0.209,-0.947,0.970
2.074,0.037,-0.218,-0.948,0.974
2.084,0.059,-0.229,-0.961,0.989
2.094,0.075,-0.241,-0.960,0.992
2.104,0.075,-0.244,-0.940,0.974
2.114,0.063,-0.243,-0.917,0.950
2.124,0.051,-0.243,-0.903,0.936
2.133,0.053,-0.242,-0.903,0.937
2.144,0.069,-0.235,-0.919,0.951
2.153,0.087,-0.226,-0.944,0.975
2.164,0.114,-0.215,-0.986,1.016
2.173,0.136,-0.205,-1.015,1.045
2.183,0.253,-0.232,-1.060,1.114
2.193,0.237,-0.310,-1.057,1.127
2.203,0.085,-0.282,-0.996,1.038
2.213,0.182,-0.219,-0.928,0.971
2.223,0.202,-0.252,-0.932,0.986
2.233,0.207,-0.325,-0.921,0.998
2.243,0.198,-0.346,-0.864,0.952
2.253,0.207,-0.332,-0.818,0.907
2.263,0.190,-0.317,-0.773,0.857
2.273,0.164,-0.315,-0.746,0.826
2.283,0.121,-0.306,-0.792,0.858
2.293,0.077,-0.253,-0.900,0.938
2.303,0.088,-0.220,-0.991,1.019
2.313,0.063,-0.207,-1.067,1.088
2.323,0.072,-0.193,-1.093,1.112
2.333,0.076,-0.177,-1.093,1.110
2.343,0.087,-0.173,-1.063,1.081
2.353,0.117,-0.202,-0.994,1.022
2.363,0.131,-0.236,-0.930,0.968
2.373,0.146,-0.253,-0.878,0.926
2.383,0.157,-0.265,-0.857,0.910
2.393,0.145,-0.269,-0.864,0.917
2.403,0.133,-0.254,-0.902,0.946
2.413,0.129,-0.238,-0.963,1.000
2.423,0.121,-0.218,-1.007,1.037
2.432,0.120,-0.214,-1.026,1.055
2.443,0.116,-0.220,-1.031,1.060
2.452,0.121,-0.231,-1.025,1.057
2.462,0.122,-0.245,-1.012,1.048
2.472,0.123,-0.260,-0.990,1.031
2.482,0.124,-0.273,-0.955,1.001
2.492,0.121,-0.290,-0.920,0.973
2.502,0.124,-0.304,-0.887,0.946
2.512,0.126,-0.315,-0.857,0.921
2.523,0.130,-0.329,-0.825,0.897
2.532,0.134,-0.340,-0.805,0.884
2.542,0.115,-0.332,-0.808,0.881
2.552,0.102,-0.314,-0.820,0.884
2.562,0.092,-0.302,-0.847,0.903
2.572,0.098,-0.298,-0.875,0.930
2.582,0.107,-0.287,-0.904,0.955
2.592,0.114,-0.275,-0.919,0.966
2.602,0.115,-0.269,-0.922,0.967
2.612,0.116,-0.264,-0.922,0.966
2.622,0.123,-0.263,-0.925,0.969
2.632,0.137,-0.267,-0.941,0.987
2.642,0.158,-0.273,-0.965,1.016
2.652,0.173,-0.274,-0.980,1.032
2.662,0.184,-0.279,-0.983,1.038
2.672,0.179,-0.285,-0.977,1.033
2.682,0.177,-0.290,-0.963,1.021
2.692,0.183,-0.297,-0.954,1.016
2.702,0.177,-0.307,-0.939,1.003
2.712,0.156,-0.314,-0.914,0.979
2.722,0.131,-0.310,-0.898,0.959
2.732,0.112,-0.300,-0.892,0.948
2.742,0.100,-0.299,-0.886,0.941
2.751,0.098,-0.306,-0.877,0.934
2.762,0.095,-0.310,-0.870,0.928
2.772,0.091,-0.308,-0.870,0.927
2.781,0.087,-0.299,-0.874,0.928
2.791,0.081,-0.292,-0.882,0.932
2.801,0.078,-0.290,-0.898,0.947
2.811,0.086,-0.289,-0.922,0.970
2.821,0.103,-0.285,-0.948,0.995
2.831,0.117,-0.285,-0.965,1.012
2.841,0.120,-0.288,-0.965,1.014
2.851,0.114,-0.288,-0.953,1.002
2.861,0.109,-0.284,-0.941,0.989
2.871,0.106,-0.288,-0.936,0.985
2.881,0.106,-0.295,-0.938,0.989
2.891,0.107,-0.299,-0.944,0.996
2.901,0.104,-0.300,-0.951,1.003
2.911,0.097,-0.303,-0.948,1.000
2.921,0.089,-0.303,-0.948,0.999
2.931,0.087,-0.297,-0.958,1.007
2.941,0.088,-0.293,-0.973,1.020
2.951,0.091,-0.294,-0.982,1.029
2.961,0.095,-0.297,-0.983,1.031
2.971,0.104,-0.294,-0.981,1.029
2.981,0.112,-0.288,-0.983,1.030
2.991,0.121,-0.282,-0.991,1.037
3.001,0.121,-0.280,-0.989,1.035
3.011,0.125,-0.285,-0.976,1.025
3.021,0.133,-0.286,-0.965,1.015
3.031,0.137,-0.284,-0.963,1.013
3.041,0.139,-0.281,-0.957,1.007
3.051,0.144,-0.281,-0.953,1.004
3.061,0.147,-0.279,-0.953,1.004
3.071,0.146,-0.277,-0.950,1.000
3.081,0.141,-0.276,-0.941,0.991
3.091,0.137,-0.274,-0.929,0.978
3.100,0.135,-0.277,-0.923,0.973
3.111,0.138,-0.278,-0.930,0.980
3.120,0.138,-0.273,-0.948,0.996
3.131,0.137,-0.269,-0.959,1.006
3.140,0.136,-0.269,-0.959,1.005
3.150,0.137,-0.267,-0.949,0.995
3.160,0.138,-0.269,-0.934,0.981
3.170,0.141,-0.266,-0.930,0.978
3.180,0.139,-0.262,-0.941,0.986
3.190,0.134,-0.259,-0.945,0.989
3.200,0.133,-0.256,-0.942,0.986
3.210,0.137,-0.258,-0.938,0.983
3.220,0.139,-0.258,-0.939,0.983
3.230,0.135,-0.255,-0.941,0.984
3.240,0.134,-0.258,-0.941,0.985
3.250,0.133,-0.259,-0.941,0.985
3.260,0.132,-0.252,-0.947,0.989
3.270,0.128,-0.249,-0.957,0.997
3.280,0.125,-0.251,-0.964,1.004
3.290,0.126,-0.254,-0.975,1.016
3.300,0.129,-0.256,-0.984,1.025
3.310,0.130,-0.253,-0.993,1.033
3.320,0.127,-0.254,-0.990,1.029
3.330,0.126,-0.255,-0.977,1.017
3.340,0.126,-0.261,-0.961,1.004
3.350,0.120,-0.266,-0.944,0.988
3.360,0.112,-0.263,-0.934,0.977
3.370,0.104,-0.260,-0.927,0.969
3.380,0.105,-0.257,-0.924,0.965
3.390,0.108,-0.257,-0.928,0.969
3.400,0.111,-0.262,-0.930,0.972
3.409,0.105,-0.265,-0.929,0.972
3.419,0.106,-0.261,-0.931,0.972
3.430,0.105,-0.254,-0.933,0.973
3.440,0.105,-0.251,-0.945,0.983
3.449,0.111,-0.255,-0.955,0.995
3.460,0.113,-0.259,-0.957,0.998
3.469,0.109,-0.260,-0.950,0.990
3.479,0.105,-0.257,-0.944,0.984
3.489,0.111,-0.261,-0.947,0.989
3.499,0.118,-0.267,-0.952,0.996
3.509,0.118,-0.264,-0.956,0.999
3.519,0.114,-0.259,-0.961,1.002
3.529,0.112,-0.257,-0.968,1.008
3.539,0.116,-0.257,-0.975,1.015
3.549,0.114,-0.255,-0.977,1.017
3.559,0.109,-0.251,-0.979,1.017
3.569,0.110,-0.252,-0.978,1.016
3.579,0.108,-0.248,-0.983,1.020
3.589,0.114,-0.245,-0.990,1.026
3.599,0.115,-0.247,-0.995,1.032
3.609,0.118,-0.250,-0.989,1.027
3.619,0.119,-0.253,-0.970,1.010
3.629,0.116,-0.255,-0.952,0.992
3.639,0.119,-0.253,-0.946,0.986
3.649,0.116,-0.254,-0.944,0.984
3.659,0.111,-0.255,-0.937,0.978
3.669,0.107,-0.256,-0.935,0.976
3.679,0.105,-0.256,-0.940,0.980
3.689,0.105,-0.254,-0.952,0.991
3.699,0.108,-0.252,-0.959,0.997
3.709,0.108,-0.250,-0.962,1.000
3.719,0.104,-0.252,-0.962,1.000
3.729,0.098,-0.252,-0.957,0.995
3.739,0.096,-0.249,-0.956,0.992
3.749,0.097,-0.247,-0.963,0.999
3.759,0.097,-0.242,-0.978,1.012
3.768,0.097,-0.240,-0.987,1.020
3.778,0.100,-0.240,-0.989,1.022
3.788,0.098,-0.243,-0.983,1.018
3.798,0.099,-0.241,-0.979,1.013
3.808,0.096,-0.240,-0.976,1.010
3.818,0.091,-0.242,-0.968,1.002
3.829,0.088,-0.243,-0.962,0.996
3.838,0.090,-0.241,-0.959,0.993
3.848,0.092,-0.240,-0.959,0.993
3.858,0.097,-0.237,-0.963,0.997
3.868,0.101,-0.234,-0.965,0.999
3.878,0.096,-0.234,-0.962,0.995
3.888,0.091,-0.234,-0.951,0.984
3.898,0.092,-0.232,-0.940,0.973
3.908,0.094,-0.232,-0.938,0.971
3.918,0.098,-0.232,-0.945,0.978
3.928,0.099,-0.234,-0.951,0.984
3.938,0.098,-0.236,-0.949,0.983
3.948,0.096,-0.238,-0.942,0.977
3.958,0.090,-0.234,-0.945,0.978
3.968,0.091,-0.232,-0.958,0.990
3.978,0.098,-0.236,-0.968,1.001
3.988,0.103,-0.242,-0.968,1.003
3.998,0.105,-0.245,-0.963,1.000
4.008,0.100,-0.243,-0.963,0.998
4.018,0.099,-0.243,-0.963,0.998
4.028,0.101,-0.243,-0.962,0.997
4.038,0.101,-0.243,-0.962,0.997
4.048,0.097,-0.245,-0.957,0.993
4.058,0.093,-0.243,-0.950,0.985
4.068,0.089,-0.239,-0.949,0.983
4.078,0.090,-0.238,-0.959,0.992
4.088,0.094,-0.239,-0.969,1.002
4.098,0.099,-0.240,-0.976,1.009
4.107,0.095,-0.244,-0.972,1.006
4.118,0.090,-0.243,-0.963,0.997
4.127,0.085,-0.241,-0.957,0.991
4.137,0.082,-0.240,-0.955,0.988
4.148,0.083,-0.241,-0.957,0.990
4.157,0.087,-0.241,-0.964,0.997
4.167,0.089,-0.240,-0.967,1.000
4.177,0.083,-0.238,-0.965,0.997
4.187,0.078,-0.236,-0.959,0.991
4.197,0.078,-0.235,-0.956,0.988
4.207,0.077,-0.231,-0.962,0.992
4.217,0.082,-0.235,-0.973,1.004
4.227,0.088,-0.238,-0.975,1.007
4.237,0.088,-0.239,-0.972,1.005
4.247,0.085,-0.235,-0.968,1.000
4.257,0.084,-0.232,-0.968,0.999
4.267,0.084,-0.233,-0.967,0.998
4.277,0.083,-0.234,-0.962,0.994
4.287,0.082,-0.232,-0.959,0.990
4.297,0.084,-0.232,-0.957,0.989
4.307,0.086,-0.231,-0.962,0.993
4.317,0.086,-0.228,-0.966,0.996
4.327,0.085,-0.226,-0.968,0.998
4.337,0.086,-0.223,-0.968,0.997
4.347,0.090,-0.225,-0.965,0.995
4.357,0.094,-0.229,-0.964,0.995
4.367,0.098,-0.230,-0.961,0.993
4.377,0.103,-0.230,-0.964,0.997
4.387,0.106,-0.229,-0.968,1.000
4.397,0.104,-0.229,-0.964,0.996
4.406,0.103,-0.229,-0.956,0.989
4.417,0.104,-0.232,-0.950,0.984
4.426,0.105,-0.231,-0.951,0.984
4.436,0.102,-0.228,-0.956,0.988
4.446,0.101,-0.228,-0.956,0.988
4.456,0.100,-0.228,-0.954,0.986
4.466,0.102,-0.228,-0.959,0.991
4.476,0.104,-0.224,-0.969,1.000
4.486,0.105,-0.222,-0.972,1.003
4.496,0.104,-0.226,-0.966,0.998
4.506,0.104,-0.230,-0.956,0.989
4.516,0.109,-0.228,-0.962,0.994
4.526,0.112,-0.224,-0.975,1.006
4.536,0.110,-0.223,-0.979,1.010
4.546,0.109,-0.223,-0.976,1.007
4.556,0.110,-0.226,-0.971,1.003
4.566,0.109,-0.227,-0.965,0.997
4.576,0.106,-0.226,-0.964,0.996
4.586,0.108,-0.224,-0.968,1.000
4.596,0.107,-0.224,-0.973,1.004
4.606,0.106,-0.222,-0.970,1.001
4.616,0.106,-0.221,-0.962,0.993
4.626,0.106,-0.221,-0.956,0.987
4.636,0.110,-0.221,-0.956,0.988
4.646,0.118,-0.220,-0.960,0.992
4.656,0.119,-0.220,-0.964,0.996
4.666,0.116,-0.221,-0.964,0.995
4.676,0.113,-0.220,-0.962,0.993
4.686,0.112,-0.220,-0.958,0.990
4.696,0.110,-0.220,-0.955,0.986
4.706,0.109,-0.219,-0.960,0.991
4.716,0.110,-0.220,-0.967,0.998
4.726,0.112,-0.221,-0.971,1.002
4.735,0.110,-0.219,-0.974,1.004
4.746,0.108,-0.219,-0.974,1.004
4.755,0.109,-0.221,-0.973,1.004
4.765,0.109,-0.221,-0.974,1.005
4.775,0.109,-0.218,-0.983,1.013
4.785,0.107,-0.218,-0.992,1.022
4.796,0.107,-0.216,-0.992,1.021
4.805,0.105,-0.214,-0.992,1.020
4.815,0.104,-0.216,-0.989,1.017
4.825,0.105,-0.217,-0.984,1.013
4.835,0.106,-0.216,-0.980,1.009
4.845,0.103,-0.216,-0.973,1.002
4.855,0.099,-0.214,-0.969,0.997
4.865,0.098,-0.211,-0.968,0.995
4.875,0.097,-0.207,-0.967,0.994
4.885,0.097,-0.203,-0.970,0.996
4.895,0.100,-0.203,-0.978,1.003
4.905,0.106,-0.205,-0.979,1.006
4.915,0.105,-0.205,-0.972,0.999
4.925,0.101,-0.204,-0.961,0.988
4.935,0.098,-0.203,-0.956,0.982
4.945,0.098,-0.204,-0.955,0.982
4.955,0.098,-0.205,-0.954,0.980
4.965,0.095,-0.203,-0.954,0.980
4.975,0.094,-0.202,-0.952,0.977
4.985,0.095,-0.203,-0.950,0.976
4.995,0.099,-0.205,-0.951,0.977
5.005,0.104,-0.205,-0.956,0.983
5.015,0.106,-0.207,-0.958,0.985
5.025,0.102,-0.206,-0.952,0.980
5.035,0.098,-0.204,-0.952,0.979
5.045,0.096,-0.202,-0.959,0.985
5.055,0.097,-0.203,-0.965,0.991
5.065,0.101,-0.205,-0.967,0.994
5.074,0.108,-0.206,-0.974,1.002
5.085,0.112,-0.204,-0.983,1.010
5.094,0.113,-0.204,-0.987,1.014
5.104,0.120,-0.208,-0.978,1.007
5.114,0.121,-0.213,-0.962,0.993
5.125,0.116,-0.220,-0.946,0.978
5.134,0.112,-0.221,-0.941,0.973
5.144,0.112,-0.218,-0.946,0.977
5.154,0.108,-0.217,-0.954,0.985
5.164,0.103,-0.217,-0.962,0.991
5.174,0.102,-0.219,-0.967,0.997
5.184,0.104,-0.219,-0.971,1.001
5.194,0.107,-0.218,-0.975,1.004
5.204,0.108,-0.218,-0.976,1.006
5.214,0.110,-0.218,-0.973,1.003
5.224,0.110,-0.220,-0.968,0.999
5.234,0.110,-0.219,-0.966,0.996
5.244,0.109,-0.215,-0.972,1.002
5.254,0.109,-0.211,-0.984,1.013
5.264,0.115,-0.212,-0.989,1.018
5.274,0.116,-0.215,-0.981,1.011
5.284,0.112,-0.217,-0.973,1.003
5.294,0.107,-0.215,-0.965,0.994
5.304,0.107,-0.215,-0.962,0.992
5.314,0.109,-0.214,-0.967,0.997
5.324,0.108,-0.213,-0.972,1.000
5.334,0.107,-0.213,-0.968,0.997
5.344,0.104,-0.212,-0.961,0.990
5.354,0.100,-0.213,-0.955,0.984
5.364,0.098,-0.215,-0.949,0.978
5.374,0.097,-0.214,-0.946,0.975
5.384,0.096,-0.214,-0.948,0.977
5.394,0.095,-0.215,-0.953,0.981
5.403,0.097,-0.214,-0.959,0.987
5.413,0.098,-0.216,-0.958,0.987
5.424,0.099,-0.217,-0.958,0.988
5.433,0.100,-0.214,-0.964,0.993
5.443,0.100,-0.212,-0.970,0.998
5.453,0.102,-0.213,-0.969,0.998
5.463,0.103,-0.214,-0.965,0.994
5.473,0.103,-0.213,-0.966,0.994
5.483,0.103,-0.211,-0.971,0.999
5.493,0.105,-0.211,-0.975,1.003
5.503,0.106,-0.213,-0.978,1.006
5.513,0.109,-0.214,-0.976,1.005
5.523,0.111,-0.214,-0.977,1.007
5.533,0.107,-0.215,-0.974,1.003
5.543,0.100,-0.216,-0.966,0.995
5.553,0.097,-0.216,-0.960,0.989
5.563,0.096,-0.214,-0.958,0.986
5.573,0.100,-0.214,-0.958,0.987
5.583,0.101,-0.212,-0.961,0.989
5.593,0.103,-0.212,-0.961,0.989
5.603,0.105,-0.214,-0.957,0.986
5.613,0.107,-0.217,-0.950,0.980
5.623,0.109,-0.216,-0.952,0.982
5.633,0.107,-0.213,-0.962,0.991
5.643,0.107,-0.214,-0.967,0.996
5.653,0.107,-0.216,-0.966,0.995
5.663,0.106,-0.217,-0.965,0.995
5.673,0.105,-0.219,-0.964,0.994
5.683,0.105,-0.222,-0.962,0.992
5.693,0.105,-0.224,-0.960,0.991
5.703,0.104,-0.224,-0.963,0.994
5.712,0.102,-0.223,-0.967,0.998
5.723,0.100,-0.222,-0.971,1.001
5.733,0.099,-0.221,-0.972,1.002
5.742,0.100,-0.221,-0.971,1.001
5.752,0.102,-0.221,-0.972,1.002
5.762,0.107,-0.222,-0.976,1.006
5.772,0.110,-0.226,-0.972,1.003
5.782,0.104,-0.223,-0.963,0.994
5.792,0.096,-0.221,-0.967,0.996
5.802,0.093,-0.219,-0.968,0.997
5.812,0.096,-0.215,-0.977,1.005
5.822,0.102,-0.216,-0.988,1.017
5.832,0.106,-0.217,-0.988,1.017
5.842,0.107,-0.218,-0.982,1.011
5.852,0.105,-0.219,-0.973,1.003
5.862,0.105,-0.222,-0.963,0.994
5.872,0.104,-0.225,-0.957,0.988
5.882,0.102,-0.226,-0.955,0.986
5.892,0.096,-0.223,-0.956,0.987
5.902,0.096,-0.219,-0.961,0.990
5.912,0.097,-0.217,-0.960,0.989
5.922,0.098,-0.217,-0.960,0.990
5.932,0.103,-0.214,-0.965,0.994
5.942,0.107,-0.212,-0.973,1.001
5.952,0.105,-0.213,-0.974,1.003
5.962,0.102,-0.214,-0.967,0.995
5.972,0.101,-0.214,-0.963,0.992
5.982,0.100,-0.213,-0.965,0.993
5.992,0.102,-0.213,-0.970,0.999
6.002,0.109,-0.214,-0.973,1.002
6.012,0.108,-0.216,-0.970,1.000
6.022,0.101,-0.214,-0.965,0.993
6.032,0.096,-0.212,-0.959,0.987
6.042,0.094,-0.211,-0.956,0.984
6.052,0.096,-0.209,-0.962,0.990
6.062,0.102,-0.209,-0.971,0.999
6.071,0.107,-0.212,-0.973,1.001
6.081,0.107,-0.215,-0.966,0.995
6.092,0.102,-0.215,-0.959,0.988
6.101,0.099,-0.215,-0.956,0.985
6.111,0.096,-0.215,-0.958,0.987
6.121,0.098,-0.214,-0.962,0.991
6.131,0.098,-0.215,-0.963,0.992
6.141,0.098,-0.216,-0.963,0.991
6.151,0.097,-0.215,-0.963,0.991
6.161,0.100,-0.212,-0.968,0.996
6.171,0.106,-0.215,-0.972,1.001
6.181,0.111,-0.220,-0.970,1.001
6.191,0.109,-0.221,-0.966,0.997
6.201,0.105,-0.219,-0.961,0.991
6.211,0.102,-0.218,-0.958,0.988
6.221,0.102,-0.217,-0.964,0.993
6.231,0.106,-0.217,-0.971,1.001
6.241,0.106,-0.218,-0.977,1.007
6.251,0.101,-0.218,-0.975,1.004
6.261,0.097,-0.217,-0.967,0.996
6.271,0.093,-0.216,-0.961,0.990
6.281,0.092,-0.215,-0.960,0.988
6.291,0.094,-0.216,-0.964,0.992
6.301,0.095,-0.216,-0.966,0.994
6.311,0.092,-0.214,-0.963,0.991
6.321,0.089,-0.211,-0.962,0.989
6.331,0.091,-0.210,-0.963,0.990
6.341,0.093,-0.211,-0.968,0.996
6.351,0.090,-0.213,-0.969,0.996
6.361,0.087,-0.212,-0.967,0.994
6.371,0.087,-0.210,-0.969,0.995
6.381,0.088,-0.210,-0.970,0.996
6.391,0.090,-0.210,-0.970,0.997
6.400,0.093,-0.211,-0.971,0.998
6.411,0.090,-0.215,-0.965,0.993
6.420,0.087,-0.214,-0.957,0.984
6.431,0.085,-0.211,-0.951,0.978
6.441,0.086,-0.211,-0.956,0.983
6.450,0.092,-0.212,-0.966,0.993
6.460,0.093,-0.213,-0.968,0.995
6.470,0.087,-0.211,-0.965,0.992
6.480,0.084,-0.208,-0.965,0.991
6.490,0.083,-0.204,-0.968,0.993
6.500,0.088,-0.204,-0.983,1.008
6.510,0.096,-0.209,-0.993,1.020
6.520,0.099,-0.211,-0.992,1.019
6.530,0.095,-0.212,-0.983,1.010
6.540,0.089,-0.210,-0.974,1.001
6.550,0.088,-0.210,-0.968,0.994
6.560,0.092,-0.212,-0.970,0.997
6.570,0.096,-0.212,-0.973,1.000
6.580,0.096,-0.213,-0.974,1.002
6.590,0.090,-0.212,-0.969,0.996
6.600,0.085,-0.212,-0.962,0.989
6.610,0.085,-0.213,-0.963,0.990
6.620,0.085,-0.214,-0.968,0.994
6.630,0.086,-0.211,-0.973,0.999
6.640,0.088,-0.208,-0.978,1.003
6.650,0.089,-0.206,-0.975,1.001
6.660,0.087,-0.207,-0.965,0.990
6.670,0.081,-0.207,-0.951,0.977
6.680,0.077,-0.207,-0.944,0.970
6.690,0.080,-0.206,-0.949,0.975
6.700,0.080,-0.202,-0.961,0.985
6.710,0.083,-0.202,-0.973,0.997
6.720,0.086,-0.201,-0.979,1.004
6.730,0.085,-0.200,-0.979,1.003
6.739,0.083,-0.202,-0.975,0.999
6.749,0.081,-0.199,-0.972,0.996
6.760,0.081,-0.197,-0.976,0.999
6.769,0.081,-0.199,-0.978,1.002
6.779,0.084,-0.204,-0.972,0.996
6.789,0.078,-0.213,-0.962,0.988
6.799,0.068,-0.211,-0.958,0.983
6.809,0.072,-0.214,-0.960,0.986
6.819,0.073,-0.221,-0.965,0.993
6.829,0.081,-0.227,-0.973,1.002
6.839,0.086,-0.230,-0.987,1.017
6.849,0.076,-0.221,-1.010,1.036
6.859,0.082,-0.220,-1.023,1.050
6.869,0.088,-0.218,-1.020,1.047
6.879,0.086,-0.214,-1.005,1.031
6.889,0.089,-0.218,-0.992,1.020
6.899,0.108,-0.229,-0.972,1.005
6.909,0.092,-0.232,-0.958,0.990
6.919,0.081,-0.221,-0.952,0.981
6.929,0.079,-0.214,-0.951,0.978
6.939,0.080,-0.217,-0.956,0.983
6.949,0.087,-0.224,-0.959,0.988
6.959,0.085,-0.218,-0.964,0.991
6.969,0.084,-0.211,-0.965,0.991
6.979,0.076,-0.207,-0.964,0.989
6.989,0.069,-0.203,-0.962,0.985
6.999,0.067,-0.198,-0.964,0.987
7.009,0.070,-0.195,-0.971,0.992
7.019,0.070,-0.193,-0.981,1.002
7.029,0.066,-0.193,-0.984,1.005
7.038,0.057,-0.190,-0.981,1.001
7.048,0.050,-0.188,-0.977,0.996
7.059,0.048,-0.188,-0.971,0.990
7.068,0.048,-0.192,-0.965,0.985
7.078,0.051,-0.195,-0.964,0.985
7.088,0.056,-0.200,-0.964,0.986
7.098,0.058,-0.202,-0.965,0.988
7.108,0.051,-0.197,-0.958,0.980
7.118,0.041,-0.197,-0.952,0.973
7.128,0.035,-0.198,-0.949,0.970
7.138,0.037,-0.196,-0.948,0.969
7.148,0.044,-0.200,-0.950,0.971
7.158,0.049,-0.204,-0.955,0.977
7.168,0.046,-0.203,-0.961,0.983
7.178,0.041,-0.206,-0.966,0.988
7.188,0.038,-0.207,-0.968,0.990
7.198,0.034,-0.202,-0.966,0.988
7.208,0.032,-0.198,-0.971,0.992
7.218,0.031,-0.196,-0.976,0.996
7.228,0.036,-0.196,-0.979,0.999
7.238,0.038,-0.197,-0.985,1.005
7.248,0.037,-0.196,-0.989,1.009
7.258,0.041,-0.196,-0.991,1.011
7.268,0.045,-0.199,-0.993,1.014
7.278,0.044,-0.203,-0.990,1.012
7.288,0.043,-0.204,-0.985,1.006
7.298,0.042,-0.205,-0.981,1.003
7.308,0.042,-0.205,-0.981,1.003
7.318,0.042,-0.207,-0.988,1.010
7.328,0.045,-0.208,-0.991,1.014
7.338,0.049,-0.207,-0.990,1.013
7.348,0.051,-0.206,-0.988,1.011
7.358,0.052,-0.208,-0.987,1.010
7.368,0.052,-0.211,-0.987,1.011
7.377,0.052,-0.210,-0.986,1.009
7.387,0.050,-0.211,-0.988,1.012
7.398,0.048,-0.211,-0.989,1.012
7.407,0.047,-0.210,-0.987,1.010
7.418,0.050,-0.212,-0.981,1.005
7.427,0.055,-0.217,-0.978,1.003
7.437,0.063,-0.219,-0.975,1.002
7.447,0.066,-0.217,-0.980,1.005
7.457,0.069,-0.217,-0.989,1.015
7.467,0.069,-0.212,-1.002,1.027
7.477,0.064,-0.209,-1.016,1.039
7.487,0.063,-0.209,-1.025,1.048
7.497,0.062,-0.209,-1.027,1.050
7.507,0.062,-0.214,-1.022,1.046
7.517,0.062,-0.219,-1.008,1.034
7.527,0.062,-0.226,-0.998,1.025
7.537,0.062,-0.234,-0.988,1.017
7.547,0.062,-0.241,-0.978,1.009
7.557,0.064,-0.240,-0.974,1.005
7.567,0.068,-0.242,-0.965,0.997
7.577,0.073,-0.247,-0.952,0.986
7.587,0.073,-0.244,-0.958,0.991
7.597,0.062,-0.242,-0.945,0.977
7.607,0.061,-0.253,-0.939,0.975
7.617,0.060,-0.253,-0.940,0.975
7.627,0.057,-0.246,-0.938,0.972
7.637,0.055,-0.247,-0.937,0.970
7.647,0.055,-0.246,-0.931,0.965
7.657,0.055,-0.247,-0.927,0.961
7.667,0.055,-0.251,-0.927,0.962
7.677,0.057,-0.249,-0.936,0.970
7.687,0.057,-0.245,-0.951,0.984
7.697,0.058,-0.245,-0.967,0.999
7.707,0.060,-0.246,-0.972,1.005
7.717,0.058,-0.245,-0.964,0.997
7.727,0.062,-0.249,-0.948,0.982
7.737,0.068,-0.255,-0.933,0.970
7.746,0.072,-0.259,-0.921,0.960
7.756,0.075,-0.260,-0.916,0.955
7.766,0.083,-0.266,-0.918,0.959
7.776,0.091,-0.274,-0.920,0.964
7.786,0.093,-0.275,-0.918,0.963
7.796,0.092,-0.274,-0.915,0.960
7.806,0.086,-0.277,-0.918,0.962
7.816,0.078,-0.276,-0.921,0.965
7.826,0.078,-0.268,-0.928,0.969
7.836,0.077,-0.265,-0.938,0.977
7.846,0.078,-0.270,-0.943,0.984
7.856,0.079,-0.269,-0.940,0.981
7.866,0.078,-0.267,-0.938,0.979
7.876,0.074,-0.265,-0.937,0.977
7.886,0.073,-0.261,-0.938,0.977
7.896,0.077,-0.256,-0.939,0.977
7.906,0.084,-0.255,-0.944,0.981
7.916,0.089,-0.255,-0.946,0.984
7.926,0.088,-0.255,-0.943,0.981
7.936,0.084,-0.255,-0.938,0.976
7.946,0.079,-0.256,-0.932,0.970
7.956,0.077,-0.258,-0.924,0.963
7.966,0.080,-0.261,-0.918,0.958
7.976,0.082,-0.263,-0.920,0.960
7.986,0.081,-0.262,-0.927,0.967
7.996,0.085,-0.260,-0.937,0.976
8.006,0.087,-0.260,-0.947,0.986
8.016,0.086,-0.261,-0.952,0.991
8.026,0.084,-0.263,-0.950,0.989
8.036,0.083,-0.264,-0.945,0.985
8.046,0.081,-0.266,-0.945,0.985
8.056,0.078,-0.267,-0.947,0.987
8.066,0.076,-0.266,-0.947,0.987
8.075,0.072,-0.264,-0.949,0.988
8.085,0.069,-0.263,-0.956,0.994
8.095,0.073,-0.264,-0.965,1.003
8.105,0.077,-0.267,-0.971,1.010
8.115,0.076,-0.268,-0.972,1.011
8.125,0.077,-0.269,-0.970,1.010
8.135,0.075,-0.269,-0.966,1.006
8.145,0.075,-0.268,-0.961,1.001
8.155,0.081,-0.270,-0.960,1.001
8.165,0.084,-0.271,-0.960,1.002
8.175,0.082,-0.272,-0.959,1.000
8.185,0.077,-0.272,-0.956,0.997
8.195,0.076,-0.268,-0.962,1.001
8.205,0.075,-0.266,-0.974,1.013
8.215,0.074,-0.263,-0.982,1.019
8.225,0.075,-0.260,-0.983,1.020
8.235,0.076,-0.259,-0.979,1.015
8.245,0.076,-0.260,-0.976,1.013
8.255,0.081,-0.262,-0.971,1.009
8.265,0.087,-0.263,-0.968,1.007
8.275,0.089,-0.263,-0.969,1.008
8.285,0.089,-0.264,-0.969,1.009
8.295,0.093,-0.267,-0.967,1.007
8.305,0.089,-0.265,-0.960,1.000
8.315,0.083,-0.263,-0.953,0.992
8.325,0.082,-0.263,-0.948,0.988
8.335,0.085,-0.262,-0.952,0.991
8.345,0.085,-0.260,-0.956,0.995
8.355,0.085,-0.256,-0.961,0.998
8.365,0.087,-0.256,-0.961,0.999
8.375,0.085,-0.259,-0.960,0.998
8.385,0.080,-0.255,-0.956,0.993
8.394,0.073,-0.251,-0.950,0.985
8.404,0.071,-0.250,-0.951,0.986
8.414,0.073,-0.253,-0.957,0.993
8.424,0.080,-0.252,-0.960,0.996
8.434,0.082,-0.249,-0.963,0.998
8.444,0.080,-0.250,-0.961,0.996
8.454,0.082,-0.250,-0.959,0.994
8.464,0.085,-0.253,-0.956,0.993
8.474,0.087,-0.256,-0.959,0.996
8.484,0.090,-0.257,-0.963,1.000
8.494,0.087,-0.258,-0.966,1.004
8.504,0.085,-0.257,-0.972,1.009
8.514,0.082,-0.255,-0.972,1.009
8.524,0.078,-0.255,-0.969,1.005
8.534,0.077,-0.256,-0.963,1.000
8.544,0.077,-0.256,-0.962,0.998
8.554,0.081,-0.256,-0.962,0.999
8.564,0.082,-0.256,-0.962,0.999
8.574,0.083,-0.254,-0.968,1.004
8.584,0.085,-0.251,-0.976,1.012
8.594,0.083,-0.251,-0.981,1.016
8.604,0.079,-0.250,-0.984,1.018
8.614,0.072,-0.247,-0.979,1.013
8.624,0.067,-0.246,-0.968,1.001
8.634,0.064,-0.251,-0.957,0.991
8.644,0.063,-0.257,-0.945,0.982
8.654,0.063,-0.258,-0.931,0.968
8.664,0.058,-0.261,-0.918,0.956
8.674,0.045,-0.261,-0.915,0.952
8.684,0.034,-0.256,-0.915,0.951
8.694,0.035,-0.255,-0.920,0.956
8.704,0.042,-0.255,-0.932,0.967
8.714,0.048,-0.255,-0.946,0.981
8.724,0.048,-0.256,-0.952,0.987
8.734,0.045,-0.254,-0.954,0.989
8.743,0.042,-0.254,-0.953,0.987
8.753,0.040,-0.255,-0.954,0.988
8.763,0.037,-0.254,-0.957,0.990
8.773,0.030,-0.252,-0.962,0.995
8.783,0.027,-0.253,-0.967,1.000
8.793,0.022,-0.256,-0.971,1.004
8.803,0.018,-0.257,-0.975,1.008
8.813,0.015,-0.258,-0.983,1.016
8.823,0.011,-0.253,-0.993,1.025
8.833,0.011,-0.247,-1.001,1.032
8.843,0.012,-0.248,-1.009,1.039
8.853,0.010,-0.249,-1.009,1.039
8.863,0.006,-0.246,-1.007,1.037
8.873,0.006,-0.242,-1.003,1.032
8.883,0.009,-0.237,-1.001,1.028
8.893,0.014,-0.237,-0.998,1.026
8.903,0.018,-0.236,-0.994,1.022
8.913,0.020,-0.235,-0.989,1.017
8.923,0.031,-0.239,-0.982,1.011
8.933,0.038,-0.242,-0.976,1.006
8.943,0.043,-0.239,-0.971,1.001
8.953,0.047,-0.239,-0.971,1.001
8.963,0.051,-0.237,-0.976,1.005
8.973,0.059,-0.233,-0.981,1.010
8.983,0.065,-0.230,-0.986,1.015
8.993,0.071,-0.226,-0.984,1.012
9.003,0.077,-0.227,-0.978,1.007
9.013,0.082,-0.234,-0.973,1.004
9.023,0.091,-0.234,-0.972,1.004
9.033,0.092,-0.235,-0.970,1.002
9.043,0.088,-0.237,-0.962,0.995
9.052,0.084,-0.238,-0.953,0.986
9.062,0.084,-0.240,-0.946,0.979
9.073,0.083,-0.242,-0.951,0.985
9.082,0.084,-0.243,-0.957,0.991
9.092,0.091,-0.243,-0.963,0.998
9.102,0.097,-0.243,-0.965,1.000
9.112,0.099,-0.244,-0.968,1.003
9.122,0.097,-0.243,-0.970,1.004
9.132,0.097,-0.242,-0.972,1.006
9.142,0.101,-0.244,-0.973,1.008
9.152,0.109,-0.246,-0.979,1.016
9.162,0.121,-0.244,-0.995,1.031
9.172,0.133,-0.243,-1.010,1.047
9.182,0.136,-0.244,-1.013,1.051
9.192,0.140,-0.240,-1.003,1.041
9.202,0.142,-0.239,-0.992,1.030
9.212,0.144,-0.242,-0.985,1.025
9.222,0.151,-0.237,-0.986,1.026
9.232,0.157,-0.232,-0.995,1.034
9.242,0.163,-0.232,-1.000,1.039
9.252,0.169,-0.233,-1.006,1.047
9.262,0.175,-0.236,-1.008,1.050
9.272,0.176,-0.240,-1.001,1.045
9.282,0.178,-0.243,-0.993,1.037
9.292,0.175,-0.246,-0.984,1.029
9.302,0.171,-0.249,-0.975,1.021
9.312,0.174,-0.249,-0.967,1.014
9.322,0.184,-0.251,-0.957,1.006
9.332,0.189,-0.259,-0.952,1.004
9.342,0.195,-0.267,-0.951,1.007
9.352,0.202,-0.276,-0.950,1.009
9.361,0.199,-0.279,-0.953,1.013
9.372,0.188,-0.275,-0.951,1.008
9.381,0.181,-0.270,-0.947,1.001
9.392,0.178,-0.269,-0.940,0.994
9.401,0.175,-0.276,-0.935,0.990
9.411,0.178,-0.286,-0.930,0.989
9.421,0.180,-0.289,-0.928,0.989
9.431,0.162,-0.290,-0.939,0.996
9.441,0.145,-0.286,-0.933,0.987
9.451,0.136,-0.283,-0.932,0.983
9.461,0.123,-0.284,-0.928,0.979
9.471,0.118,-0.287,-0.913,0.965
9.481,0.115,-0.287,-0.906,0.957
9.491,0.105,-0.284,-0.906,0.955
9.501,0.096,-0.288,-0.916,0.965
9.511,0.095,-0.295,-0.933,0.983
9.521,0.098,-0.291,-0.940,0.989
9.531,0.099,-0.292,-0.947,0.996
9.541,0.087,-0.290,-0.946,0.993
9.551,0.085,-0.293,-0.935,0.983
9.561,0.091,-0.300,-0.918,0.970
9.571,0.094,-0.307,-0.912,0.967
9.581,0.098,-0.315,-0.920,0.977
9.591,0.108,-0.317,-0.934,0.992
9.601,0.110,-0.314,-0.941,0.998
9.611,0.110,-0.313,-0.938,0.995
9.621,0.108,-0.318,-0.933,0.991
9.631,0.105,-0.320,-0.926,0.985
9.641,0.109,-0.323,-0.914,0.976
9.651,0.115,-0.330,-0.898,0.964
9.661,0.128,-0.334,-0.884,0.953
9.671,0.131,-0.346,-0.882,0.957
9.681,0.134,-0.348,-0.872,0.948
9.691,0.136,-0.353,-0.863,0.943
9.701,0.130,-0.358,-0.856,0.937
9.710,0.132,-0.360,-0.861,0.943
9.721,0.134,-0.359,-0.876,0.956
9.730,0.137,-0.363,-0.881,0.963
9.740,0.144,-0.368,-0.875,0.960
9.750,0.147,-0.376,-0.860,0.950
9.760,0.151,-0.382,-0.840,0.935
9.770,0.156,-0.383,-0.828,0.925
9.780,0.159,-0.382,-0.824,0.922
9.790,0.162,-0.380,-0.821,0.919
9.800,0.210,-0.378,-0.871,0.973
9.810,0.322,-0.367,-0.929,1.049
9.820,0.171,-0.392,-0.876,0.975
9.830,0.183,-0.308,-0.904,0.972
9.840,0.225,-0.333,-0.865,0.954
9.850,0.199,-0.392,-0.883,0.986
9.860,0.196,-0.384,-0.911,1.008
9.870,0.211,-0.381,-0.905,1.004
9.880,0.177,-0.384,-0.892,0.987
9.890,0.137,-0.376,-0.859,0.948
9.900,0.145,-0.378,-0.833,0.927
9.910,0.151,-0.394,-0.825,0.927
9.920,0.158,-0.402,-0.822,0.929
9.930,0.168,-0.404,-0.825,0.934
9.940,0.176,-0.409,-0.836,0.947
9.950,0.184,-0.416,-0.862,0.975
9.960,0.185,-0.415,-0.900,1.008
9.970,0.177,-0.406,-0.932,1.032
9.980,0.161,-0.394,-0.945,1.036
9.990,0.142,-0.385,-0.944,1.030
10.000,0.134,-0.379,-0.941,1.023
10.010,0.136,-0.378,-0.946,1.028
10.020,0.144,-0.382,-0.947,1.031
10.030,0.155,-0.388,-0.936,1.025
10.040,0.166,-0.392,-0.921,1.015
10.050,0.181,-0.394,-0.916,1.013
10.060,0.195,-0.396,-0.916,1.016
10.070,0.193,-0.392,-0.915,1.014
10.079,0.186,-0.386,-0.915,1.010
10.089,0.181,-0.380,-0.921,1.012
10.099,0.175,-0.377,-0.930,1.019
10.109,0.172,-0.375,-0.926,1.014
10.119,0.161,-0.367,-0.914,0.998
10.129,0.151,-0.356,-0.911,0.990
10.139,0.147,-0.345,-0.919,0.993
10.149,0.146,-0.342,-0.927,0.999
10.159,0.143,-0.343,-0.923,0.995
10.169,0.142,-0.343,-0.912,0.984
10.179,0.148,-0.344,-0.904,0.978
10.189,0.158,-0.347,-0.905,0.983
10.199,0.160,-0.351,-0.910,0.989
10.209,0.155,-0.352,-0.912,0.989
10.219,0.153,-0.351,-0.913,0.990
10.229,0.154,-0.352,-0.915,0.993
10.239,0.149,-0.355,-0.913,0.990
10.249,0.139,-0.358,-0.902,0.980
10.259,0.135,-0.360,-0.888,0.967
10.269,0.123,-0.359,-0.880,0.958
10.279,0.113,-0.357,-0.885,0.961
10.289,0.109,-0.357,-0.902,0.977
10.299,0.104,-0.356,-0.926,0.998
10.309,0.100,-0.353,-0.946,1.015
10.319,0.092,-0.349,-0.967,1.032
10.329,0.084,-0.347,-0.981,1.044
10.339,0.087,-0.345,-0.986,1.048
10.349,0.083,-0.345,-0.983,1.045
10.359,0.078,-0.348,-0.977,1.040
10.368,0.072,-0.349,-0.969,1.033
10.378,0.066,-0.351,-0.958,1.023
10.388,0.063,-0.354,-0.947,1.013
10.398,0.063,-0.357,-0.939,1.007
10.409,0.065,-0.364,-0.930,1.001
10.418,0.068,-0.369,-0.920,0.993
10.428,0.069,-0.371,-0.914,0.989
10.438,0.067,-0.370,-0.912,0.986
10.448,0.066,-0.367,-0.916,0.989
10.458,0.070,-0.363,-0.930,1.001
10.468,0.075,-0.359,-0.939,1.008
10.478,0.073,-0.356,-0.941,1.008
10.488,0.069,-0.351,-0.939,1.005
10.498,0.071,-0.347,-0.934,0.999
10.508,0.077,-0.346,-0.927,0.993
10.518,0.084,-0.349,-0.919,0.987
10.528,0.092,-0.351,-0.913,0.983
10.538,0.097,-0.350,-0.908,0.978
10.548,0.095,-0.352,-0.903,0.974
10.558,0.090,-0.355,-0.900,0.972
10.568,0.087,-0.355,-0.899,0.970
10.578,0.082,-0.354,-0.901,0.971
10.588,0.079,-0.353,-0.901,0.971
10.598,0.079,-0.351,-0.900,0.970
10.608,0.081,-0.351,-0.899,0.969
10.618,0.081,-0.352,-0.897,0.967
10.628,0.086,-0.346,-0.895,0.964
10.638,0.096,-0.340,-0.899,0.966
10.648,0.102,-0.340,-0.903,0.971
10.658,0.114,-0.341,-0.904,0.973
10.668,0.128,-0.340,-0.902,0.972
10.678,0.136,-0.340,-0.900,0.972
10.688,0.134,-0.337,-0.897,0.968
10.697,0.137,-0.336,-0.899,0.969
10.708,0.142,-0.338,-0.894,0.966
10.717,0.147,-0.342,-0.879,0.955
10.727,0.153,-0.348,-0.860,0.940
10.737,0.152,-0.348,-0.837,0.919
10.747,0.139,-0.340,-0.824,0.903
10.757,0.125,-0.330,-0.834,0.906
10.767,0.119,-0.322,-0.869,0.935
10.777,0.129,-0.316,-0.917,0.979
10.787,0.139,-0.314,-0.970,1.029
10.797,0.163,-0.305,-1.000,1.058
10.807,0.179,-0.304,-1.006,1.066
10.817,0.188,-0.303,-0.997,1.059
10.827,0.192,-0.296,-0.980,1.042
10.837,0.197,-0.301,-0.973,1.037
10.847,0.206,-0.304,-0.966,1.033
10.857,0.212,-0.308,-0.972,1.041
10.867,0.209,-0.314,-0.975,1.046
10.877,0.218,-0.328,-0.970,1.047
10.887,0.230,-0.345,-0.941,1.029
10.897,0.202,-0.356,-0.921,1.008
10.907,0.195,-0.357,-0.890,0.979
10.917,0.180,-0.358,-0.867,0.955
10.927,0.163,-0.359,-0.849,0.936
10.937,0.159,-0.357,-0.839,0.925
10.947,0.157,-0.354,-0.833,0.918
10.957,0.151,-0.349,-0.830,0.913
10.967,0.146,-0.347,-0.832,0.913
10.977,0.145,-0.338,-0.839,0.916
10.987,0.147,-0.326,-0.854,0.926
10.997,0.145,-0.317,-0.879,0.946
11.007,0.143,-0.310,-0.912,0.974
11.017,0.142,-0.299,-0.946,1.002
11.027,0.132,-0.287,-0.975,1.025
11.036,0.123,-0.278,-0.992,1.038
11.047,0.112,-0.268,-0.994,1.036
11.056,0.100,-0.261,-0.983,1.022
11.066,0.083,-0.259,-0.977,1.014
11.076,0.069,-0.257,-0.974,1.009
11.086,0.062,-0.257,-0.964,1.000
11.096,0.067,-0.260,-0.959,0.996
11.106,0.074,-0.253,-0.950,0.986
11.116,0.072,-0.249,-0.950,0.985
11.126,0.072,-0.248,-0.958,0.992
11.136,0.088,-0.245,-0.970,1.004
11.146,0.103,-0.237,-0.994,1.027
11.156,0.105,-0.233,-1.020,1.051
11.166,0.102,-0.231,-1.034,1.064
11.176,0.102,-0.233,-1.024,1.055
11.186,0.111,-0.241,-0.993,1.028
11.196,0.118,-0.249,-0.942,0.981
11.206,0.114,-0.252,-0.886,0.928
11.216,0.106,-0.259,-0.834,0.880
11.226,0.102,-0.265,-0.787,0.837
11.236,0.101,-0.272,-0.756,0.809
11.246,0.098,-0.279,-0.732,0.789
11.256,0.100,-0.280,-0.723,0.782
11.266,0.100,-0.281,-0.745,0.803
11.276,0.099,-0.279,-0.776,0.830
11.286,0.102,-0.275,-0.800,0.852
11.296,0.102,-0.273,-0.826,0.876
11.306,0.100,-0.270,-0.856,0.903
11.316,0.102,-0.263,-0.895,0.939
11.326,0.113,-0.258,-0.942,0.983
11.336,0.133,-0.238,-0.986,1.023
11.346,0.148,-0.214,-1.027,1.059
11.356,0.159,-0.199,-1.045,1.075
11.366,0.170,-0.182,-1.050,1.079
11.375,0.181,-0.168,-1.053,1.081
11.385,0.189,-0.163,-1.057,1.086
11.395,0.194,-0.167,-1.058,1.089
11.405,0.199,-0.161,-1.047,1.078
11.415,0.194,-0.153,-1.018,1.048
11.425,0.179,-0.162,-0.971,1.001
11.435,0.165,-0.175,-0.917,0.948
11.445,0.152,-0.184,-0.872,0.904
11.455,0.141,-0.191,-0.853,0.885
11.465,0.135,-0.192,-0.866,0.898
11.475,0.132,-0.197,-0.886,0.917
11.485,0.126,-0.203,-0.897,0.928
11.495,0.115,-0.204,-0.889,0.920
11.505,0.101,-0.209,-0.868,0.898
11.515,0.087,-0.217,-0.837,0.869
11.525,0.085,-0.230,-0.806,0.842
11.535,0.087,-0.232,-0.806,0.844
11.545,0.081,-0.232,-0.849,0.884
11.555,0.085,-0.230,-0.909,0.941
11.565,0.102,-0.216,-0.957,0.986
11.575,0.111,-0.201,-0.982,1.008
11.585,0.110,-0.193,-0.985,1.010
11.595,0.108,-0.187,-0.961,0.986
11.605,0.111,-0.185,-0.913,0.938
11.615,0.114,-0.188,-0.864,0.892
11.625,0.111,-0.192,-0.820,0.849
11.635,0.105,-0.191,-0.781,0.810
11.645,0.094,-0.187,-0.752,0.781
11.655,0.082,-0.183,-0.737,0.763
11.665,0.063,-0.180,-0.734,0.758
11.675,0.047,-0.189,-0.740,0.766
11.685,0.044,-0.189,-0.768,0.792
11.695,0.045,-0.186,-0.828,0.850
11.704,0.048,-0.180,-0.881,0.901
11.715,0.040,-0.174,-0.909,0.927
11.724,0.031,-0.185,-0.914,0.933
11.734,0.024,-0.214,-0.907,0.933
11.744,0.022,-0.244,-0.892,0.925
11.754,0.026,-0.264,-0.883,0.922
11.764,0.022,-0.283,-0.906,0.949
11.774,0.017,-0.301,-0.939,0.986
11.784,0.025,-0.313,-0.970,1.019
11.794,0.052,-0.330,-1.005,1.059
11.804,0.088,-0.346,-1.053,1.112
11.814,0.123,-0.339,-1.135,1.191
11.824,0.146,-0.323,-1.203,1.254
11.834,0.142,-0.312,-1.199,1.247
11.844,0.117,-0.314,-1.161,1.209
11.854,0.089,-0.343,-1.140,1.194
11.864,0.084,-0.380,-1.135,1.200
11.874,0.092,-0.399,-1.144,1.215
11.884,0.102,-0.398,-1.187,1.256
11.894,0.117,-0.390,-1.233,1.299
11.904,0.121,-0.383,-1.256,1.318
11.914,0.121,-0.353,-1.238,1.293
11.924,0.126,-0.318,-1.225,1.272
11.934,0.134,-0.289,-1.250,1.289
11.944,0.148,-0.252,-1.282,1.315
11.954,0.179,-0.232,-1.280,1.313
11.964,0.218,-0.234,-1.251,1.291
11.974,0.225,-0.253,-1.190,1.237
11.984,0.200,-0.273,-1.122,1.172
11.994,0.191,-0.281,-1.056,1.109
12.004,0.199,-0.279,-1.009,1.065
12.013,0.197,-0.262,-0.987,1.040
12.024,0.203,-0.249,-0.977,1.028
12.034,0.219,-0.244,-0.976,1.030
12.044,0.222,-0.238,-1.004,1.055
12.053,0.224,-0.238,-1.022,1.073
12.063,0.232,-0.234,-1.023,1.075
12.073,0.237,-0.235,-1.007,1.061
12.083,0.243,-0.248,-0.977,1.037
12.093,0.250,-0.266,-0.945,1.013
12.103,0.249,-0.272,-0.938,1.008
12.113,0.223,-0.269,-0.961,1.023
12.123,0.187,-0.260,-0.977,1.029
12.133,0.161,-0.245,-0.985,1.028
12.143,0.139,-0.229,-0.979,1.015
12.153,0.136,-0.217,-0.959,0.993
12.163,0.149,-0.214,-0.931,0.967
12.173,0.151,-0.223,-0.877,0.918
12.183,0.136,-0.235,-0.804,0.848
12.193,0.122,-0.253,-0.743,0.794
12.203,0.126,-0.251,-0.701,0.755
12.213,0.164,-0.275,-0.666,0.739
12.223,0.195,-0.328,-0.655,0.758
12.233,0.207,-0.358,-0.664,0.783
12.243,0.210,-0.355,-0.696,0.809
12.253,0.202,-0.328,-0.725,0.821
12.263,0.179,-0.295,-0.728,0.806
12.273,0.151,-0.287,-0.707,0.778
12.283,0.136,-0.307,-0.672,0.751
12.293,0.133,-0.329,-0.629,0.722
12.303,0.118,-0.340,-0.580,0.682
12.313,0.115,-0.352,-0.518,0.637
12.323,0.118,-0.356,-0.466,0.599
12.333,0.096,-0.356,-0.443,0.576
12.343,0.079,-0.351,-0.458,0.582
12.353,0.065,-0.329,-0.525,0.623
12.363,0.063,-0.320,-0.609,0.691
12.372,0.091,-0.305,-0.713,0.781
12.382,0.111,-0.271,-0.833,0.883
12.392,0.110,-0.277,-0.880,0.929
12.402,0.098,-0.309,-0.830,0.891
12.412,0.087,-0.369,-0.744,0.835
12.422,0.105,-0.470,-0.674,0.828
12.432,0.173,-0.595,-0.650,0.898
12.442,0.257,-0.688,-0.662,0.988
12.452,0.303,-0.719,-0.697,1.046
12.462,0.334,-0.707,-0.744,1.079
12.472,0.366,-0.655,-0.801,1.097
12.482,0.380,-0.573,-0.907,1.139
12.492,0.348,-0.478,-1.039,1.195
12.502,0.262,-0.410,-1.159,1.257
12.512,0.184,-0.364,-1.197,1.264
12.522,0.116,-0.354,-1.157,1.215
12.532,0.059,-0.375,-1.083,1.148
12.542,0.026,-0.406,-1.013,1.091
12.552,0.059,-0.443,-0.948,1.048
12.562,0.117,-0.466,-0.879,1.001
12.572,0.129,-0.495,-0.807,0.956
12.582,0.079,-0.518,-0.731,0.899
12.592,0.036,-0.494,-0.720,0.874
12.602,0.016,-0.423,-0.754,0.865
12.612,-0.001,-0.348,-0.800,0.873
12.622,-0.038,-0.293,-0.927,0.973
12.632,-0.004,-0.266,-1.129,1.160
12.642,0.078,-0.267,-1.310,1.339
12.652,0.173,-0.309,-1.457,1.499
12.662,0.208,-0.362,-1.527,1.583
12.672,0.144,-0.419,-1.510,1.574
12.682,0.051,-0.461,-1.439,1.512
12.691,-0.037,-0.476,-1.389,1.469
12.702,-0.110,-0.507,-1.383,1.477
12.711,-0.146,-0.550,-1.411,1.521
12.721,-0.127,-0.591,-1.430,1.552
12.731,-0.082,-0.630,-1.400,1.538
12.741,-0.039,-0.648,-1.344,1.493
12.751,-0.001,-0.647,-1.264,1.420
12.761,0.044,-0.626,-1.164,1.323
12.771,0.073,-0.581,-1.074,1.224
12.781,0.087,-0.524,-1.013,1.144
12.791,0.109,-0.461,-0.949,1.061
12.801,0.119,-0.404,-0.868,0.965
12.811,0.110,-0.364,-0.766,0.855
12.821,0.103,-0.343,-0.668,0.758
12.831,0.107,-0.342,-0.613,0.710
12.841,0.140,-0.355,-0.614,0.723
12.851,0.185,-0.372,-0.665,0.784
12.861,0.207,-0.385,-0.728,0.849
12.871,0.223,-0.396,-0.774,0.898
12.881,0.253,-0.391,-0.791,0.918
12.891,0.269,-0.366,-0.784,0.907
12.901,0.243,-0.335,-0.763,0.868
12.911,0.199,-0.321,-0.725,0.818
12.921,0.155,-0.331,-0.669,0.762
12.931,0.113,-0.360,-0.616,0.723
12.941,0.107,-0.389,-0.603,0.725
12.951,0.120,-0.402,-0.644,0.768
12.961,0.129,-0.398,-0.706,0.821
12.971,0.146,-0.389,-0.763,0.869
12.981,0.150,-0.380,-0.800,0.898
12.991,0.130,-0.379,-0.792,0.888
13.001,0.120,-0.378,-0.751,0.850
13.011,0.131,-0.377,-0.732,0.834
13.021,0.149,-0.386,-0.747,0.854
13.031,0.168,-0.395,-0.788,0.898
13.040,0.196,-0.399,-0.883,0.989
13.050,0.229,-0.398,-1.009,1.108
13.060,0.263,-0.372,-1.120,1.209
13.070,0.289,-0.327,-1.201,1.278
13.080,0.298,-0.290,-1.236,1.304
13.090,0.269,-0.271,-1.233,1.291
13.100,0.198,-0.270,-1.222,1.267
13.110,0.132,-0.287,-1.239,1.279
13.120,0.102,-0.303,-1.290,1.329
13.130,0.121,-0.318,-1.324,1.367
13.140,0.179,-0.326,-1.294,1.346
13.150,0.205,-0.324,-1.176,1.237
13.160,0.167,-0.324,-1.027,1.089
13.170,0.122,-0.332,-0.896,0.964
13.180,0.076,-0.338,-0.805,0.876
13.190,0.054,-0.347,-0.785,0.860
13.200,0.070,-0.356,-0.841,0.916
13.210,0.102,-0.360,-0.960,1.030
13.220,0.138,-0.344,-1.087,1.148
13.230,0.181,-0.330,-1.182,1.240
13.240,0.206,-0.331,-1.225,1.286
13.250,0.191,-0.331,-1.210,1.269
13.260,0.150,-0.323,-1.159,1.213
13.270,0.120,-0.315,-1.115,1.165
13.280,0.104,-0.322,-1.074,1.127
13.290,0.094,-0.340,-1.022,1.081
13.300,0.084,-0.351,-0.973,1.038
13.310,0.082,-0.353,-0.942,1.010
13.320,0.081,-0.352,-0.947,1.014
13.330,0.088,-0.368,-0.963,1.035
13.340,0.102,-0.387,-0.960,1.040
13.349,0.114,-0.398,-0.933,1.021
13.360,0.120,-0.410,-0.894,0.990
13.369,0.124,-0.410,-0.866,0.966
13.379,0.131,-0.408,-0.853,0.954
13.389,0.147,-0.408,-0.843,0.948
13.399,0.164,-0.401,-0.841,0.946
13.409,0.175,-0.395,-0.873,0.974
13.419,0.191,-0.387,-0.942,1.036
13.429,0.216,-0.380,-1.008,1.099
13.439,0.232,-0.379,-1.038,1.129
13.449,0.234,-0.372,-1.016,1.107
13.459,0.218,-0.352,-0.951,1.037
13.469,0.188,-0.323,-0.898,0.973
13.479,0.165,-0.300,-0.884,0.948
13.489,0.151,-0.290,-0.875,0.934
13.499,0.147,-0.288,-0.877,0.935
13.509,0.135,-0.293,-0.879,0.937
13.519,0.105,-0.298,-0.886,0.940
13.529,0.080,-0.294,-0.911,0.961
13.539,0.059,-0.288,-0.946,0.991
13.549,0.038,-0.293,-0.969,1.013
13.559,0.019,-0.300,-0.968,1.013
13.569,0.010,-0.305,-0.966,1.013
13.579,0.011,-0.316,-0.985,1.034
13.589,0.001,-0.328,-0.997,1.050
13.599,0.006,-0.339,-0.988,1.044
13.609,0.038,-0.338,-0.972,1.030
13.619,0.088,-0.329,-0.942,1.002
13.629,0.135,-0.332,-0.883,0.953
13.639,0.161,-0.336,-0.813,0.895
13.649,0.149,-0.341,-0.763,0.849
13.659,0.097,-0.357,-0.745,0.832
13.669,0.021,-0.374,-0.769,0.855
13.678,-0.032,-0.373,-0.834,0.914
13.689,-0.050,-0.351,-0.920,0.985
13.698,-0.046,-0.325,-0.991,1.044
13.709,-0.037,-0.314,-1.048,1.094
13.718,-0.018,-0.308,-1.086,1.129
13.728,0.011,-0.312,-1.093,1.137
13.738,0.029,-0.323,-1.061,1.109
13.748,0.036,-0.325,-0.999,1.051
13.758,0.050,-0.325,-0.927,0.983
13.768,0.057,-0.320,-0.869,0.927
13.778,0.054,-0.298,-0.827,0.881
13.788,0.053,-0.276,-0.797,0.845
13.798,0.057,-0.250,-0.794,0.835
13.808,0.054,-0.233,-0.810,0.845
13.818,0.052,-0.230,-0.829,0.862
13.828,0.055,-0.227,-0.852,0.884
13.838,0.053,-0.221,-0.879,0.908
13.848,0.055,-0.222,-0.902,0.930
13.858,0.051,-0.224,-0.912,0.940
13.868,0.029,-0.211,-0.917,0.941
13.878,-0.003,-0.199,-0.928,0.949
13.888,-0.022,-0.192,-0.941,0.960
13.898,-0.025,-0.181,-0.959,0.976
13.908,-0.020,-0.171,-0.975,0.990
13.918,-0.012,-0.174,-0.988,1.003
13.928,0.005,-0.180,-0.972,0.988
13.938,0.033,-0.189,-0.916,0.935
13.948,0.065,-0.186,-0.835,0.858
13.958,0.087,-0.189,-0.755,0.783
13.968,0.079,-0.206,-0.685,0.720
13.977,0.075,-0.228,-0.647,0.690
13.988,0.070,-0.247,-0.663,0.711
13.997,0.064,-0.265,-0.734,0.783
14.007,0.082,-0.265,-0.834,0.879
14.017,0.112,-0.256,-0.909,0.951
14.027,0.130,-0.251,-0.933,0.974
14.037,0.131,-0.260,-0.909,0.954
14.047,0.137,-0.288,-0.844,0.902
14.057,0.133,-0.314,-0.764,0.837
14.067,0.123,-0.338,-0.696,0.783
14.077,0.118,-0.354,-0.651,0.750
14.087,0.121,-0.360,-0.638,0.743
14.097,0.130,-0.370,-0.654,0.762
14.107,0.142,-0.395,-0.682,0.801
14.117,0.161,-0.433,-0.708,0.845
14.127,0.191,-0.461,-0.729,0.883
14.137,0.218,-0.464,-0.762,0.918
14.147,0.231,-0.458,-0.814,0.962
14.157,0.222,-0.443,-0.847,0.981
14.167,0.196,-0.437,-0.870,0.993
14.177,0.172,-0.462,-0.912,1.037
14.187,0.154,-0.497,-0.986,1.115
14.197,0.128,-0.505,-1.072,1.191
14.207,0.119,-0.512,-1.144,1.259
14.217,0.092,-0.506,-1.200,1.306
14.227,0.037,-0.491,-1.222,1.318
14.237,-0.004,-0.485,-1.197,1.291
14.247,0.001,-0.494,-1.087,1.194
14.257,0.044,-0.506,-0.886,1.021
14.267,0.085,-0.529,-0.633,0.829
14.277,0.094,-0.555,-0.398,0.689
14.287,0.063,-0.614,-0.338,0.703
14.297,0.018,-0.687,-0.510,0.856
14.307,0.038,-0.658,-0.835,1.064
14.317,0.136,-0.507,-1.149,1.263
14.327,0.212,-0.343,-1.346,1.405
14.337,0.210,-0.245,-1.374,1.412
14.346,0.133,-0.222,-1.238,1.265
14.357,0.031,-0.259,-1.018,1.051
14.366,-0.039,-0.322,-0.790,0.854
14.377,-0.084,-0.366,-0.599,0.707
14.386,-0.118,-0.383,-0.482,0.627
14.396,-0.155,-0.397,-0.433,0.608
14.406,-0.173,-0.408,-0.452,0.633
14.416,-0.175,-0.417,-0.534,0.700
14.426,-0.190,-0.449,-0.633,0.799
14.436,-0.238,-0.489,-0.712,0.896
14.446,-0.120,-0.385,-0.773,0.871
14.456,0.022,-0.256,-0.834,0.872
14.466,0.055,-0.178,-0.911,0.930
14.476,0.059,-0.182,-0.976,0.994
14.486,0.042,-0.222,-1.000,1.025
14.496,-0.001,-0.277,-1.009,1.047
14.506,-0.005,-0.353,-0.988,1.050
14.516,0.022,-0.411,-0.977,1.060
14.526,0.075,-0.436,-0.996,1.090
14.536,0.127,-0.442,-1.017,1.116
14.546,0.155,-0.445,-1.022,1.125
14.556,0.159,-0.438,-1.000,1.103
14.566,0.149,-0.437,-0.958,1.064
14.576,0.146,-0.446,-0.898,1.013
14.586,0.133,-0.444,-0.829,0.950
14.596,0.115,-0.446,-0.783,0.908
14.606,0.106,-0.439,-0.786,0.906
14.616,0.061,-0.442,-0.834,0.946
14.626,0.034,-0.413,-0.886,0.978
14.636,-0.030,-0.449,-0.931,1.034
14.646,-0.054,-0.468,-0.952,1.062
14.656,-0.050,-0.457,-0.936,1.043
14.665,0.013,-0.455,-0.915,1.022
14.676,0.067,-0.411,-0.936,1.024
14.686,0.134,-0.296,-0.986,1.038
14.696,0.233,-0.243,-1.019,1.073
14.705,0.242,-0.298,-1.088,1.154
14.715,0.151,-0.406,-1.159,1.237
14.725,0.098,-0.440,-1.207,1.288
14.735,0.090,-0.393,-1.159,1.227
14.745,0.107,-0.341,-1.101,1.158
14.755,0.130,-0.324,-1.040,1.097
14.765,0.159,-0.350,-1.003,1.075
14.775,0.120,-0.403,-0.982,1.069
14.785,0.044,-0.441,-0.972,1.069
14.795,0.053,-0.449,-0.998,1.096
14.805,0.026,-0.479,-1.030,1.136
14.815,-0.013,-0.518,-1.048,1.169
14.825,0.028,-0.502,-1.082,1.193
14.835,0.088,-0.457,-1.127,1.219
14.845,0.107,-0.435,-1.168,1.251
14.855,0.065,-0.441,-1.189,1.270
14.865,0.086,-0.430,-1.195,1.273
14.875,0.160,-0.404,-1.137,1.217
14.885,0.203,-0.388,-1.057,1.144
14.895,0.198,-0.409,-0.990,1.089
14.905,0.149,-0.403,-0.931,1.025
14.915,0.119,-0.372,-0.870,0.953
14.925,0.057,-0.303,-0.864,0.918
14.935,-0.048,-0.229,-0.824,0.856
14.945,-0.052,-0.203,-0.781,0.808
14.955,0.016,-0.233,-0.781,0.815
14.965,0.016,-0.279,-0.820,0.866
14.975,0.040,-0.293,-0.829,0.880
14.985,0.078,-0.291,-0.861,0.912
14.995,0.104,-0.289,-0.912,0.962
15.005,0.103,-0.296,-0.940,0.991
15.015,0.056,-0.311,-0.952,1.003
15.024,-0.005,-0.310,-0.936,0.986
15.034,-0.027,-0.300,-0.878,0.929
15.044,-0.036,-0.284,-0.803,0.853
15.054,-0.048,-0.285,-0.730,0.785
15.064,-0.051,-0.302,-0.669,0.736
15.074,-0.026,-0.313,-0.621,0.696
15.084,-0.003,-0.295,-0.634,0.699
15.094,0.027,-0.279,-0.695,0.749
15.104,0.060,-0.280,-0.751,0.804
15.114,0.081,-0.299,-0.803,0.860
15.124,0.071,-0.351,-0.849,0.921
15.134,0.004,-0.441,-0.843,0.952
15.144,-0.093,-0.513,-0.773,0.932
15.154,-0.098,-0.441,-0.753,0.878
15.164,-0.093,-0.372,-0.735,0.829
15.174,-0.090,-0.353,-0.752,0.836
15.184,-0.059,-0.352,-0.795,0.872
15.194,-0.024,-0.376,-0.846,0.926
15.204,0.018,-0.389,-0.913,0.992
15.214,0.057,-0.390,-0.981,1.057
15.224,0.096,-0.382,-1.026,1.099
15.234,0.081,-0.347,-1.038,1.097
15.244,-0.027,-0.282,-1.044,1.082
15.254,-0.127,-0.264,-1.057,1.097
15.264,-0.186,-0.262,-1.062,1.110
15.274,-0.144,-0.271,-1.059,1.102
15.284,-0.118,-0.219,-1.003,1.033
15.294,-0.129,-0.232,-0.981,1.016
15.304,-0.135,-0.245,-0.992,1.030
15.314,-0.227,-0.318,-1.049,1.120
15.324,-0.280,-0.415,-1.106,1.214
15.334,-0.241,-0.377,-1.110,1.197
15.344,-0.197,-0.291,-1.104,1.158
15.353,-0.143,-0.249,-1.098,1.135
15.363,-0.110,-0.283,-1.106,1.147
15.373,-0.126,-0.312,-1.070,1.121
15.383,-0.122,-0.339,-1.021,1.082
15.393,-0.113,-0.389,-0.960,1.042
15.403,-0.130,-0.439,-0.877,0.989
15.413,-0.124,-0.450,-0.817,0.941
15.423,-0.113,-0.437,-0.781,0.902
15.433,-0.109,-0.401,-0.745,0.854
15.443,-0.117,-0.365,-0.724,0.819
15.453,-0.143,-0.346,-0.753,0.841
15.463,-0.150,-0.318,-0.819,0.892
15.473,-0.126,-0.305,-0.865,0.926
15.483,-0.075,-0.303,-0.885,0.938
15.493,-0.038,-0.311,-0.891,0.945
15.503,-0.039,-0.338,-0.895,0.957
15.513,-0.045,-0.362,-0.878,0.951
15.523,-0.051,-0.382,-0.859,0.941
15.533,-0.055,-0.378,-0.838,0.921
15.543,-0.051,-0.359,-0.811,0.889
15.553,-0.016,-0.322,-0.792,0.855
15.563,0.037,-0.284,-0.777,0.828
15.573,0.057,-0.287,-0.768,0.822
15.583,0.017,-0.325,-0.778,0.844
15.593,-0.018,-0.349,-0.798,0.871
15.603,-0.015,-0.355,-0.837,0.909
15.613,0.008,-0.363,-0.893,0.964
15.623,0.047,-0.364,-0.951,1.019
15.633,0.083,-0.368,-1.009,1.077
15.642,0.105,-0.382,-1.052,1.124
15.653,0.123,-0.393,-1.070,1.147
15.663,0.136,-0.405,-1.069,1.151
15.672,0.128,-0.430,-1.069,1.159
15.682,0.110,-0.474,-1.089,1.193
15.692,0.102,-0.523,-1.130,1.249
15.703,0.088,-0.544,-1.129,1.256
15.712,0.077,-0.543,-1.081,1.213
15.722,0.050,-0.554,-1.009,1.153
15.732,0.012,-0.591,-0.937,1.108
15.742,0.014,-0.627,-0.916,1.110
15.752,0.055,-0.643,-0.959,1.156
15.762,0.101,-0.633,-1.040,1.222
15.772,0.114,-0.604,-1.117,1.275
15.782,0.109,-0.560,-1.162,1.294
15.792,0.094,-0.521,-1.170,1.284
15.802,0.072,-0.492,-1.147,1.250
15.812,0.064,-0.477,-1.085,1.187
15.822,0.091,-0.486,-1.003,1.118
15.832,0.161,-0.514,-0.905,1.053
15.842,0.246,-0.543,-0.798,0.996
15.852,0.307,-0.565,-0.715,0.961
15.862,0.305,-0.578,-0.662,0.930
15.872,0.264,-0.571,-0.643,0.900
15.882,0.227,-0.527,-0.661,0.875
15.892,0.193,-0.471,-0.697,0.863
15.902,0.178,-0.429,-0.740,0.873
15.912,0.181,-0.416,-0.768,0.892
15.922,0.195,-0.424,-0.762,0.894
15.932,0.216,-0.442,-0.730,0.880
15.942,0.224,-0.460,-0.694,0.863
15.952,0.211,-0.468,-0.661,0.837
15.962,0.194,-0.464,-0.651,0.823
15.972,0.165,-0.451,-0.666,0.821
15.982,0.134,-0.422,-0.677,0.809
15.991,0.107,-0.387,-0.670,0.781
16.001,0.088,-0.363,-0.651,0.751
16.011,0.080,-0.354,-0.628,0.725
16.021,0.070,-0.365,-0.609,0.713
16.031,0.069,-0.391,-0.606,0.724
16.041,0.075,-0.414,-0.625,0.753
16.051,0.089,-0.414,-0.651,0.776
16.061,0.095,-0.405,-0.681,0.798
16.071,0.087,-0.391,-0.708,0.814
16.081,0.076,-0.372,-0.737,0.829
16.091,0.069,-0.359,-0.763,0.846
16.101,0.062,-0.353,-0.770,0.850
16.111,0.067,-0.360,-0.775,0.857
16.121,0.082,-0.383,-0.793,0.885
16.131,0.108,-0.408,-0.832,0.933
16.141,0.138,-0.421,-0.885,0.990
16.151,0.142,-0.418,-0.927,1.026
16.161,0.122,-0.406,-0.937,1.028
16.171,0.092,-0.400,-0.916,1.004
16.181,0.069,-0.402,-0.875,0.965
16.191,0.056,-0.403,-0.833,0.927
16.201,0.042,-0.413,-0.819,0.918
16.211,0.039,-0.432,-0.819,0.927
16.221,0.040,-0.456,-0.816,0.936
16.231,0.046,-0.475,-0.829,0.957
16.241,0.063,-0.492,-0.893,1.022
16.251,0.073,-0.500,-1.013,1.133
16.261,0.084,-0.469,-1.162,1.256
16.271,0.122,-0.410,-1.297,1.366
16.281,0.151,-0.351,-1.358,1.411
16.291,0.139,-0.315,-1.324,1.368
16.301,0.097,-0.332,-1.223,1.271
16.310,0.067,-0.392,-1.099,1.169
16.321,0.057,-0.459,-1.006,1.108
16.331,0.065,-0.508,-0.959,1.087
16.340,0.076,-0.527,-0.936,1.077
16.351,0.073,-0.525,-0.935,1.074
16.360,0.058,-0.508,-0.951,1.080
16.370,0.041,-0.477,-0.970,1.082
16.380,0.036,-0.448,-0.989,1.086
16.390,0.039,-0.429,-0.988,1.078
16.400,0.054,-0.422,-0.972,1.061
16.410,0.062,-0.432,-0.961,1.056
16.420,0.085,-0.439,-0.955,1.054
16.430,0.118,-0.438,-0.938,1.042
16.440,0.141,-0.440,-0.908,1.018
16.450,0.149,-0.442,-0.875,0.991
16.460,0.148,-0.438,-0.844,0.963
16.470,0.150,-0.426,-0.814,0.931
16.480,0.155,-0.410,-0.773,0.888
16.490,0.155,-0.401,-0.735,0.852
16.500,0.160,-0.402,-0.738,0.856
16.510,0.162,-0.404,-0.778,0.892
16.520,0.173,-0.390,-0.819,0.924
16.530,0.186,-0.373,-0.853,0.950
16.540,0.182,-0.363,-0.888,0.977
16.550,0.168,-0.343,-0.923,0.999
16.560,0.158,-0.314,-0.966,1.028
16.570,0.161,-0.294,-1.003,1.058
16.580,0.163,-0.290,-1.022,1.075
16.590,0.149,-0.305,-1.024,1.079
16.600,0.149,-0.349,-1.007,1.077
16.610,0.176,-0.408,-0.962,1.059
16.620,0.202,-0.458,-0.897,1.027
16.630,0.194,-0.505,-0.823,0.985
16.640,0.171,-0.565,-0.776,0.975
16.650,0.156,-0.629,-0.783,1.017
16.659,0.164,-0.667,-0.865,1.105
16.670,0.171,-0.641,-1.011,1.209
16.679,0.185,-0.558,-1.173,1.312
16.689,0.206,-0.461,-1.307,1.402
16.699,0.217,-0.383,-1.362,1.431
16.709,0.197,-0.354,-1.345,1.405
16.719,0.153,-0.384,-1.289,1.354
16.729,0.138,-0.431,-1.235,1.315
16.739,0.145,-0.454,-1.215,1.305
16.749,0.160,-0.454,-1.217,1.309
16.759,0.171,-0.439,-1.216,1.304
16.769,0.177,-0.420,-1.182,1.267
16.779,0.181,-0.419,-1.111,1.201
16.789,0.175,-0.430,-1.019,1.120
16.799,0.167,-0.433,-0.929,1.038
16.809,0.151,-0.436,-0.846,0.963
16.819,0.130,-0.429,-0.768,0.889
16.829,0.105,-0.410,-0.714,0.830
16.839,0.086,-0.401,-0.685,0.799
16.849,0.078,-0.400,-0.683,0.795
16.859,0.077,-0.399,-0.697,0.807
16.869,0.080,-0.395,-0.717,0.823
16.879,0.080,-0.388,-0.718,0.820
16.889,0.078,-0.374,-0.703,0.800
16.899,0.067,-0.352,-0.687,0.775
16.909,0.041,-0.317,-0.652,0.726
16.919,0.007,-0.280,-0.607,0.669
16.929,-0.023,-0.246,-0.565,0.617
16.939,-0.051,-0.223,-0.534,0.581
16.949,-0.067,-0.217,-0.525,0.572
16.959,-0.065,-0.231,-0.545,0.596
16.969,-0.077,-0.266,-0.599,0.660
16.979,-0.091,-0.306,-0.670,0.742
16.988,-0.073,-0.326,-0.729,0.802
16.998,-0.011,-0.316,-0.763,0.825
17.008,0.072,-0.303,-0.768,0.829
17.018,0.147,-0.302,-0.731,0.805
17.028,0.199,-0.293,-0.648,0.739
17.038,0.224,-0.286,-0.551,0.660
17.048,0.221,-0.289,-0.469,0.594
17.058,0.188,-0.311,-0.411,0.549
17.068,0.156,-0.358,-0.402,0.561
17.078,0.159,-0.393,-0.502,0.657
17.088,0.193,-0.379,-0.663,0.788
17.098,0.219,-0.337,-0.784,0.882
17.108,0.226,-0.300,-0.830,0.911
17.118,0.230,-0.282,-0.808,0.886
17.128,0.236,-0.311,-0.770,0.863
17.138,0.254,-0.404,-0.762,0.899
17.148,0.281,-0.512,-0.804,0.994
17.158,0.343,-0.572,-0.867,1.094
17.168,0.418,-0.560,-0.903,1.142
17.178,0.445,-0.509,-0.931,1.151
17.188,0.411,-0.466,-0.993,1.172
17.198,0.351,-0.440,-1.069,1.208
17.208,0.311,-0.407,-1.128,1.239
17.218,0.344,-0.391,-1.182,1.292
17.228,0.428,-0.423,-1.182,1.327
17.238,0.486,-0.476,-1.115,1.307
17.248,0.491,-0.527,-1.027,1.254
17.258,0.467,-0.590,-0.950,1.212
17.268,0.430,-0.637,-0.906,1.188
17.278,0.391,-0.637,-0.902,1.172
17.288,0.355,-0.598,-0.954,1.180
17.298,0.332,-0.565,-1.039,1.228
17.307,0.308,-0.553,-1.097,1.266
17.317,0.287,-0.537,-1.117,1.272
17.327,0.274,-0.527,-1.120,1.268
17.337,0.248,-0.551,-1.106,1.260
17.347,0.264,-0.595,-1.075,1.256
17.357,0.325,-0.641,-0.992,1.226
17.367,0.346,-0.725,-0.907,1.211
17.377,0.318,-0.824,-0.839,1.218
17.387,0.243,-0.902,-0.789,1.223
17.397,0.169,-0.915,-0.790,1.221
17.407,0.137,-0.839,-0.867,1.215
17.417,0.135,-0.750,-1.010,1.266
17.427,0.148,-0.675,-1.159,1.350
17.437,0.151,-0.615,-1.294,1.441
17.447,0.173,-0.573,-1.411,1.533
17.457,0.247,-0.561,-1.438,1.563
17.467,0.356,-0.575,-1.334,1.496
17.477,0.445,-0.620,-1.176,1.401
17.487,0.487,-0.665,-1.035,1.322
17.497,0.477,-0.684,-0.922,1.243
17.507,0.426,-0.661,-0.849,1.157
17.517,0.362,-0.590,-0.834,1.084
17.527,0.286,-0.506,-0.878,1.053
17.537,0.201,-0.433,-0.954,1.066
17.547,0.127,-0.376,-1.009,1.085
17.557,0.083,-0.357,-1.007,1.072
17.567,0.086,-0.384,-0.962,1.039
17.577,0.095,-0.443,-0.916,1.022
17.587,0.109,-0.481,-0.857,0.988
17.597,0.125,-0.497,-0.785,0.938
17.607,0.138,-0.512,-0.737,0.908
17.617,0.140,-0.518,-0.730,0.906
17.626,0.155,-0.504,-0.757,0.923
17.637,0.156,-0.483,-0.837,0.979
17.647,0.140,-0.456,-0.960,1.072
17.656,0.149,-0.408,-1.046,1.133
17.667,0.166,-0.346,-1.015,1.085
17.676,0.136,-0.324,-0.885,0.953
17.687,0.084,-0.367,-0.771,0.858
17.696,0.090,-0.411,-0.717,0.831
17.706,0.107,-0.458,-0.758,0.892
17.716,0.106,-0.470,-0.884,1.007
17.726,0.099,-0.424,-1.026,1.115
17.736,0.092,-0.336,-1.122,1.175
17.746,0.080,-0.262,-1.155,1.187
17.756,0.065,-0.230,-1.122,1.147
17.766,0.057,-0.249,-1.029,1.060
17.776,0.075,-0.307,-0.914,0.967
17.786,0.129,-0.375,-0.824,0.914
17.796,0.159,-0.444,-0.789,0.920
17.806,0.162,-0.482,-0.819,0.964
17.816,0.161,-0.475,-0.915,1.044
17.826,0.152,-0.432,-1.044,1.139
17.836,0.128,-0.375,-1.166,1.231
17.846,0.100,-0.321,-1.252,1.297
17.856,0.076,-0.296,-1.278,1.314
17.866,0.054,-0.305,-1.250,1.288
17.876,0.040,-0.332,-1.167,1.214
17.886,0.061,-0.375,-1.055,1.121
17.896,0.100,-0.434,-0.938,1.038
17.906,0.118,-0.484,-0.842,0.978
17.916,0.096,-0.508,-0.801,0.953
17.926,0.071,-0.503,-0.808,0.954
17.936,0.061,-0.453,-0.825,0.943
17.946,0.052,-0.398,-0.838,0.929
17.956,0.044,-0.369,-0.842,0.920
17.965,0.054,-0.358,-0.830,0.906
17.976,0.079,-0.363,-0.806,0.888
17.985,0.095,-0.374,-0.791,0.880
17.995,0.104,-0.382,-0.783,0.878
18.005,0.103,-0.386,-0.772,0.870
18.015,0.093,-0.379,-0.769,0.862
18.025,0.077,-0.367,-0.775,0.861
18.035,0.062,-0.357,-0.794,0.873
18.045,0.055,-0.349,-0.827,0.900
18.055,0.054,-0.345,-0.860,0.928
18.065,0.054,-0.341,-0.879,0.944
18.075,0.048,-0.340,-0.893,0.957
18.085,0.046,-0.341,-0.920,0.983
18.095,0.087,-0.342,-0.973,1.035
18.105,0.149,-0.335,-0.987,1.053
18.115,0.172,-0.327,-0.924,0.996
18.125,0.150,-0.351,-0.841,0.923
18.135,0.097,-0.412,-0.815,0.918
18.145,0.080,-0.461,-0.869,0.987
18.155,0.105,-0.465,-0.955,1.068
18.165,0.137,-0.446,-1.018,1.120
18.175,0.167,-0.413,-1.027,1.120
18.185,0.176,-0.386,-0.966,1.056
18.195,0.165,-0.391,-0.868,0.966
18.205,0.162,-0.419,-0.795,0.913
18.215,0.198,-0.448,-0.777,0.919
18.225,0.219,-0.468,-0.775,0.931
18.235,0.226,-0.467,-0.771,0.929
18.245,0.212,-0.464,-0.769,0.922
18.255,0.184,-0.457,-0.781,0.923
18.265,0.171,-0.445,-0.802,0.933
18.275,0.157,-0.438,-0.840,0.960
18.285,0.137,-0.429,-0.889,0.996
18.295,0.122,-0.416,-0.933,1.029
18.305,0.134,-0.408,-0.958,1.050
18.314,0.168,-0.413,-0.959,1.057
18.325,0.180,-0.423,-0.924,1.032
18.334,0.163,-0.432,-0.847,0.965
18.344,0.141,-0.443,-0.751,0.883
18.354,0.119,-0.455,-0.679,0.826
18.364,0.099,-0.462,-0.660,0.812
18.374,0.103,-0.456,-0.687,0.831
18.384,0.119,-0.440,-0.733,0.863
18.394,0.126,-0.423,-0.773,0.890
18.404,0.124,-0.410,-0.803,0.910
18.414,0.124,-0.409,-0.839,0.941
18.424,0.127,-0.419,-0.909,1.009
18.434,0.126,-0.422,-0.989,1.082
18.444,0.120,-0.417,-1.044,1.130
18.454,0.110,-0.416,-1.055,1.139
18.464,0.085,-0.422,-1.035,1.121
18.474,0.060,-0.431,-0.998,1.089
18.484,0.035,-0.450,-0.967,1.067
18.494,0.018,-0.465,-0.952,1.059
18.504,0.017,-0.473,-0.948,1.060
18.514,0.024,-0.480,-0.959,1.073
18.524,0.043,-0.484,-0.996,1.108
18.534,0.077,-0.480,-1.050,1.157
18.544,0.097,-0.460,-1.076,1.174
18.554,0.092,-0.434,-1.066,1.155
18.564,0.060,-0.427,-1.045,1.131
18.574,0.019,-0.436,-1.029,1.118
18.584,-0.001,-0.440,-1.023,1.114
18.594,0.010,-0.429,-1.013,1.100
18.604,0.035,-0.413,-0.986,1.069
18.614,0.057,-0.403,-0.948,1.031
18.624,0.072,-0.409,-0.935,1.023
18.633,0.090,-0.426,-0.958,1.052
18.644,0.102,-0.426,-1.003,1.095
18.653,0.106,-0.403,-1.057,1.137
18.663,0.110,-0.375,-1.081,1.149
18.673,0.110,-0.347,-1.063,1.124
18.683,0.102,-0.326,-1.013,1.069
18.693,0.097,-0.329,-0.946,1.007
18.703,0.091,-0.348,-0.870,0.942
18.713,0.091,-0.361,-0.804,0.886
18.723,0.095,-0.371,-0.763,0.853
18.733,0.096,-0.372,-0.744,0.837
18.743,0.101,-0.368,-0.749,0.841
18.753,0.125,-0.369,-0.781,0.872
18.763,0.154,-0.371,-0.830,0.923
18.773,0.178,-0.365,-0.882,0.971
18.783,0.197,-0.352,-0.930,1.013
18.793,0.211,-0.340,-0.975,1.054
18.803,0.215,-0.318,-0.997,1.068
18.813,0.205,-0.302,-0.991,1.056
18.823,0.187,-0.303,-0.964,1.027
18.833,0.169,-0.313,-0.921,0.987
18.843,0.163,-0.329,-0.873,0.947
18.853,0.163,-0.348,-0.830,0.915
18.863,0.161,-0.363,-0.802,0.895
18.873,0.154,-0.372,-0.786,0.883
18.883,0.154,-0.374,-0.782,0.880
18.893,0.157,-0.375,-0.796,0.893
18.903,0.161,-0.376,-0.807,0.905
18.913,0.168,-0.382,-0.813,0.913
18.923,0.166,-0.388,-0.830,0.931
18.933,0.169,-0.386,-0.847,0.946
18.943,0.173,-0.381,-0.858,0.954
18.953,0.171,-0.374,-0.849,0.944
18.963,0.162,-0.369,-0.832,0.924
18.973,0.146,-0.368,-0.834,0.923
18.982,0.143,-0.376,-0.860,0.949
18.992,0.146,-0.374,-0.881,0.969
19.002,0.153,-0.367,-0.892,0.976
19.013,0.152,-0.365,-0.903,0.985
19.022,0.148,-0.350,-0.921,0.997
19.032,0.152,-0.334,-0.956,1.024
19.042,0.165,-0.322,-1.004,1.067
19.052,0.174,-0.307,-1.054,1.112
19.062,0.174,-0.288,-1.100,1.151
19.072,0.173,-0.268,-1.123,1.167
19.082,0.166,-0.247,-1.118,1.157
19.092,0.153,-0.244,-1.097,1.135
19.102,0.148,-0.264,-1.076,1.117
19.112,0.161,-0.290,-1.039,1.091
19.122,0.193,-0.297,-0.963,1.026
19.132,0.225,-0.290,-0.859,0.934
19.142,0.227,-0.300,-0.745,0.834
19.152,0.193,-0.342,-0.669,0.776
19.162,0.146,-0.389,-0.674,0.792
19.172,0.117,-0.411,-0.770,0.880
19.182,0.110,-0.376,-0.929,1.008
19.192,0.098,-0.302,-1.109,1.154
19.202,0.106,-0.231,-1.271,1.297
19.212,0.136,-0.169,-1.351,1.369
19.222,0.155,-0.144,-1.306,1.323
19.232,0.150,-0.178,-1.172,1.195
19.242,0.136,-0.237,-1.007,1.043
19.252,0.150,-0.282,-0.862,0.919
19.262,0.161,-0.313,-0.765,0.842
19.272,0.154,-0.321,-0.727,0.810
19.282,0.143,-0.314,-0.749,0.824
19.292,0.131,-0.296,-0.822,0.884
19.301,0.121,-0.264,-0.920,0.965
19.311,0.109,-0.235,-1.009,1.042
19.321,0.101,-0.220,-1.056,1.084
19.331,0.096,-0.221,-1.043,1.070
19.341,0.095,-0.237,-0.980,1.013
19.351,0.095,-0.266,-0.896,0.940
19.361,0.091,-0.298,-0.817,0.874
19.371,0.086,-0.320,-0.758,0.827
19.381,0.076,-0.336,-0.727,0.805
19.391,0.064,-0.343,-0.721,0.801
19.401,0.053,-0.339,-0.733,0.809
19.411,0.047,-0.326,-0.761,0.829
19.421,0.038,-0.307,-0.802,0.860
19.431,0.027,-0.285,-0.848,0.895
19.441,0.018,-0.273,-0.889,0.930
19.451,0.004,-0.270,-0.919,0.958
19.461,-0.007,-0.270,-0.948,0.986
19.471,-0.009,-0.275,-0.974,1.012
19.481,-0.013,-0.282,-0.978,1.018
19.491,-0.013,-0.295,-0.969,1.013
19.501,-0.024,-0.311,-0.957,1.007
19.511,-0.038,-0.319,-0.945,0.998
19.521,-0.050,-0.316,-0.930,0.984
19.531,-0.055,-0.312,-0.920,0.973
19.541,-0.052,-0.314,-0.929,0.982
19.551,-0.043,-0.318,-0.954,1.006
19.561,-0.024,-0.315,-0.991,1.040
19.571,-0.001,-0.306,-1.031,1.076
19.581,0.028,-0.289,-1.056,1.095
19.591,0.053,-0.269,-1.055,1.090
19.601,0.063,-0.264,-1.044,1.078
19.611,0.067,-0.272,-1.027,1.064
19.621,0.078,-0.273,-1.014,1.053
19.630,0.084,-0.262,-1.010,1.047
19.640,0.071,-0.255,-1.031,1.064
19.650,0.041,-0.246,-1.098,1.126
19.660,0.013,-0.231,-1.185,1.207
19.670,-0.012,-0.213,-1.255,1.273
19.680,-0.035,-0.191,-1.288,1.303
19.690,-0.044,-0.170,-1.267,1.279
19.700,-0.037,-0.171,-1.190,1.203
19.710,-0.024,-0.198,-1.062,1.081
19.720,-0.014,-0.239,-0.929,0.960
19.730,-0.004,-0.277,-0.822,0.867
19.740,0.002,-0.307,-0.741,0.802
19.750,0.005,-0.326,-0.692,0.765
19.760,0.001,-0.336,-0.677,0.756
19.770,-0.007,-0.331,-0.705,0.779
19.780,-0.008,-0.309,-0.775,0.835
19.790,-0.001,-0.280,-0.859,0.904
19.800,-0.000,-0.258,-0.938,0.973
19.810,-0.002,-0.243,-1.018,1.047
19.820,-0.002,-0.231,-1.095,1.119
19.830,0.004,-0.218,-1.149,1.170
19.840,0.009,-0.208,-1.167,1.185
19.850,0.010,-0.208,-1.161,1.179
19.860,0.010,-0.217,-1.133,1.153
19.870,0.003,-0.230,-1.082,1.106
19.880,0.000,-0.248,-1.019,1.048
19.890,0.003,-0.267,-0.953,0.989
19.900,0.012,-0.286,-0.895,0.940
19.910,0.026,-0.301,-0.849,0.901
19.920,0.042,-0.309,-0.828,0.884
19.930,0.061,-0.307,-0.844,0.900
19.940,0.077,-0.300,-0.865,0.919
19.950,0.090,-0.296,-0.876,0.929
19.960,0.096,-0.297,-0.887,0.940
19.970,0.102,-0.296,-0.900,0.953
19.980,0.107,-0.292,-0.907,0.958
19.989,0.109,-0.290,-0.921,0.971
19.999,0.115,-0.284,-0.939,0.987
20.009,0.122,-0.269,-0.950,0.995
20.019,0.130,-0.252,-0.957,0.998
20.029,0.136,-0.240,-0.956,0.995
20.039,0.148,-0.229,-0.943,0.982
20.049,0.165,-0.228,-0.936,0.978
20.059,0.171,-0.227,-0.956,0.997
20.069,0.169,-0.213,-1.006,1.042
20.079,0.163,-0.188,-1.064,1.093
20.089,0.160,-0.171,-1.101,1.126
20.099,0.150,-0.167,-1.119,1.141
20.109,0.140,-0.171,-1.119,1.140
20.119,0.133,-0.180,-1.102,1.124
20.129,0.138,-0.193,-1.051,1.077
20.139,0.152,-0.198,-0.967,0.999
20.149,0.168,-0.196,-0.865,0.903
20.159,0.168,-0.200,-0.767,0.810
20.169,0.129,-0.214,-0.710,0.753
20.179,0.075,-0.241,-0.735,0.777
20.189,0.037,-0.266,-0.858,0.900
20.199,0.017,-0.253,-1.037,1.067
20.209,0.002,-0.203,-1.227,1.243
20.219,0.002,-0.151,-1.360,1.369
20.229,0.004,-0.117,-1.391,1.396
20.239,-0.002,-0.113,-1.308,1.313
20.249,-0.025,-0.158,-1.157,1.168
20.259,-0.029,-0.217,-1.007,1.030
20.269,0.001,-0.251,-0.896,0.931
20.279,0.037,-0.274,-0.832,0.876
20.288,0.056,-0.295,-0.803,0.857
20.299,0.057,-0.302,-0.811,0.867
20.308,0.056,-0.288,-0.860,0.908
20.319,0.057,-0.256,-0.942,0.978
20.328,0.061,-0.222,-1.017,1.043
20.338,0.068,-0.203,-1.061,1.083
20.348,0.079,-0.200,-1.077,1.098
20.358,0.084,-0.214,-1.053,1.077
20.368,0.078,-0.242,-0.986,1.018
20.378,0.071,-0.266,-0.898,0.939
20.388,0.069,-0.287,-0.819,0.871
20.398,0.058,-0.304,-0.768,0.828
20.408,0.053,-0.310,-0.749,0.812
20.418,0.062,-0.309,-0.760,0.823
20.428,0.061,-0.308,-0.801,0.860
20.438,0.060,-0.293,-0.854,0.905
20.448,0.068,-0.270,-0.906,0.948
20.458,0.073,-0.257,-0.942,0.979
20.468,0.071,-0.257,-0.959,0.995
20.478,0.057,-0.269,-0.961,1.000
20.488,0.044,-0.280,-0.958,0.999
20.498,0.039,-0.282,-0.952,0.994
20.508,0.039,-0.288,-0.943,0.986
20.518,0.023,-0.296,-0.931,0.977
20.528,0.005,-0.297,-0.924,0.971
20.538,-0.004,-0.304,-0.922,0.971
20.548,0.004,-0.320,-0.929,0.983
20.558,0.027,-0.333,-0.946,1.004
20.568,0.062,-0.339,-0.990,1.048
20.578,0.097,-0.326,-1.046,1.100
20.588,0.110,-0.303,-1.060,1.109
20.598,0.099,-0.283,-1.021,1.064
20.608,0.065,-0.266,-0.956,0.994
20.618,0.028,-0.257,-0.902,0.938
20.628,0.004,-0.257,-0.881,0.918
20.638,0.007,-0.258,-0.901,0.937
20.648,0.025,-0.252,-0.940,0.974
20.657,0.036,-0.249,-0.985,1.017
20.667,0.026,-0.255,-1.031,1.062
20.677,-0.011,-0.263,-1.089,1.120
20.687,-0.040,-0.256,-1.163,1.192
20.697,-0.047,-0.238,-1.209,1.233
20.707,-0.055,-0.220,-1.206,1.227
20.717,-0.064,-0.206,-1.144,1.165
20.727,-0.064,-0.204,-1.031,1.053
20.737,-0.060,-0.214,-0.895,0.923
20.747,-0.051,-0.227,-0.785,0.819
20.757,-0.047,-0.239,-0.705,0.746
20.767,-0.064,-0.250,-0.646,0.695
20.777,-0.088,-0.260,-0.610,0.669
20.787,-0.108,-0.266,-0.603,0.668
20.797,-0.105,-0.261,-0.638,0.698
20.807,-0.074,-0.248,-0.731,0.775
20.817,-0.049,-0.228,-0.831,0.863
20.827,-0.028,-0.204,-0.911,0.934
20.837,-0.028,-0.197,-0.977,0.997
20.847,-0.040,-0.187,-1.043,1.061
20.857,-0.038,-0.164,-1.114,1.126
20.867,-0.020,-0.143,-1.171,1.180
20.877,0.006,-0.126,-1.197,1.204
20.887,0.019,-0.124,-1.161,1.167
20.897,0.014,-0.149,-1.068,1.078
20.907,0.006,-0.186,-0.952,0.970
20.917,0.000,-0.208,-0.842,0.867
20.927,-0.003,-0.216,-0.751,0.781
20.937,-0.002,-0.234,-0.686,0.725
20.947,-0.008,-0.262,-0.654,0.704
20.956,-0.016,-0.283,-0.669,0.726
20.967,-0.009,-0.285,-0.722,0.776
20.976,0.005,-0.273,-0.770,0.817
20.986,0.012,-0.266,-0.787,0.831
20.996,0.018,-0.269,-0.763,0.809
21.006,0.033,-0.280,-0.713,0.767
21.016,0.058,-0.293,-0.669,0.732
21.026,0.086,-0.312,-0.641,0.719
21.036,0.111,-0.329,-0.621,0.711
21.046,0.119,-0.328,-0.596,0.691
21.056,0.097,-0.324,-0.579,0.670
21.066,0.067,-0.324,-0.582,0.669
21.076,0.034,-0.319,-0.626,0.703
21.086,0.001,-0.312,-0.720,0.785
21.096,-0.030,-0.299,-0.826,0.879
21.106,-0.052,-0.280,-0.917,0.960
21.116,-0.058,-0.257,-0.975,1.010
21.126,-0.047,-0.239,-0.998,1.027
21.136,-0.031,-0.227,-0.981,1.007
21.146,-0.016,-0.234,-0.929,0.958
21.156,0.006,-0.263,-0.858,0.897
21.166,0.022,-0.293,-0.780,0.834
21.176,0.030,-0.318,-0.716,0.783
21.186,0.034,-0.344,-0.687,0.769
21.196,0.021,-0.362,-0.709,0.796
21.206,-0.004,-0.355,-0.784,0.860
21.216,-0.011,-0.323,-0.884,0.941
21.226,-0.023,-0.289,-0.974,1.016
21.236,-0.029,-0.261,-1.038,1.071
21.246,-0.018,-0.244,-1.077,1.105
21.256,0.000,-0.250,-1.072,1.101
21.266,0.005,-0.277,-1.035,1.072
21.276,0.011,-0.303,-0.993,1.038
21.286,0.016,-0.321,-0.971,1.023
21.296,0.003,-0.326,-0.980,1.032
21.305,-0.022,-0.329,-1.047,1.097
21.315,-0.049,-0.331,-1.169,1.216
21.326,-0.080,-0.331,-1.314,1.358
21.335,-0.106,-0.319,-1.447,1.486
21.345,-0.101,-0.287,-1.537,1.566
21.355,-0.059,-0.254,-1.556,1.577
21.365,-0.001,-0.258,-1.482,1.504
21.375,0.039,-0.315,-1.334,1.371
21.385,0.073,-0.383,-1.175,1.238
21.395,0.111,-0.434,-1.050,1.141
21.405,0.133,-0.466,-0.972,1.086
21.415,0.134,-0.465,-0.942,1.059
21.425,0.121,-0.444,-0.966,1.070
21.435,0.105,-0.401,-1.010,1.092
21.445,0.099,-0.355,-1.041,1.104
21.455,0.096,-0.331,-1.044,1.100
21.465,0.106,-0.324,-1.016,1.071
21.475,0.128,-0.325,-0.948,1.010
21.485,0.140,-0.330,-0.858,0.930
21.495,0.128,-0.337,-0.780,0.859
21.505,0.101,-0.338,-0.722,0.803
21.515,0.064,-0.329,-0.679,0.757
21.525,0.014,-0.320,-0.670,0.742
21.535,-0.042,-0.305,-0.699,0.764
21.545,-0.099,-0.284,-0.747,0.805
21.555,-0.133,-0.257,-0.797,0.848
21.565,-0.138,-0.222,-0.825,0.865
21.575,-0.126,-0.196,-0.815,0.848
21.585,-0.113,-0.191,-0.774,0.805
21.595,-0.113,-0.202,-0.715,0.751
21.605,-0.118,-0.217,-0.654,0.700
21.615,-0.135,-0.247,-0.623,0.684
21.625,-0.151,-0.282,-0.618,0.695
21.635,-0.154,-0.315,-0.640,0.730
21.645,-0.135,-0.328,-0.684,0.770
21.655,-0.085,-0.308,-0.740,0.806
21.664,-0.018,-0.273,-0.759,0.806
21.674,0.016,-0.246,-0.728,0.769
21.684,0.022,-0.214,-0.671,0.705
21.694,0.014,-0.180,-0.617,0.643
21.704,0.007,-0.160,-0.594,0.615
21.714,0.005,-0.138,-0.613,0.628
21.724,0.043,-0.117,-0.662,0.674
21.734,0.075,-0.128,-0.715,0.730
21.744,0.077,-0.133,-0.734,0.750
21.754,0.052,-0.133,-0.733,0.747
21.764,0.008,-0.170,-0.760,0.779
21.774,0.004,-0.205,-0.834,0.859
21.784,0.051,-0.193,-0.924,0.945
21.794,0.085,-0.184,-1.031,1.051
21.804,0.073,-0.209,-1.193,1.213
21.814,0.035,-0.253,-1.388,1.412
21.824,0.014,-0.271,-1.559,1.583
21.834,0.020,-0.233,-1.636,1.652
21.844,0.026,-0.182,-1.558,1.569
21.854,-0.017,-0.204,-1.359,1.374
21.864,-0.054,-0.295,-1.141,1.180
21.874,-0.039,-0.384,-0.989,1.062
21.884,-0.017,-0.444,-0.913,1.015
21.894,-0.001,-0.482,-0.892,1.014
21.904,-0.003,-0.493,-0.921,1.045
21.914,-0.018,-0.457,-0.984,1.086
21.924,-0.033,-0.392,-1.038,1.110
21.934,-0.063,-0.342,-1.057,1.112
21.944,-0.090,-0.319,-1.056,1.107
21.954,-0.089,-0.300,-1.058,1.104
21.963,-0.063,-0.278,-1.051,1.089
21.974,-0.036,-0.271,-1.034,1.070
21.983,-0.020,-0.285,-1.040,1.078
21.993,-0.001,-0.287,-1.074,1.111
22.003,0.035,-0.250,-1.111,1.139
22.013,0.083,-0.172,-1.122,1.138
22.023,0.101,-0.092,-1.076,1.085
22.033,0.064,-0.067,-1.001,1.006
22.043,0.039,-0.092,-0.951,0.957
22.053,0.044,-0.122,-0.947,0.955
22.063,0.041,-0.147,-0.957,0.969
22.073,0.026,-0.174,-0.978,0.993
22.083,-0.005,-0.209,-1.031,1.052
22.093,-0.018,-0.256,-1.133,1.161
22.103,0.002,-0.292,-1.283,1.316
22.113,0.015,-0.289,-1.458,1.487
22.123,0.001,-0.249,-1.623,1.642
22.133,-0.003,-0.185,-1.725,1.735
22.143,-0.008,-0.153,-1.718,1.725
22.153,-0.028,-0.193,-1.586,1.598
22.163,-0.000,-0.281,-1.392,1.420
22.173,0.070,-0.368,-1.219,1.275
22.183,0.136,-0.424,-1.097,1.184
22.193,0.172,-0.435,-1.002,1.106
22.203,0.163,-0.411,-0.945,1.043
22.213,0.116,-0.356,-0.940,1.012
22.223,0.059,-0.298,-0.936,0.984
22.233,0.008,-0.281,-0.926,0.967
22.243,-0.013,-0.291,-0.921,0.966
22.253,0.003,-0.308,-0.930,0.980
22.263,0.031,-0.318,-0.932,0.985
22.273,0.056,-0.323,-0.928,0.984
22.283,0.070,-0.322,-0.918,0.976
22.293,0.072,-0.300,-0.884,0.936
22.302,0.068,-0.264,-0.822,0.866
22.313,0.055,-0.240,-0.737,0.777
22.322,0.039,-0.234,-0.642,0.685
22.332,0.033,-0.235,-0.555,0.603
22.342,0.027,-0.238,-0.478,0.535
22.352,0.019,-0.243,-0.436,0.499
22.362,0.017,-0.255,-0.451,0.519
22.372,0.040,-0.264,-0.516,0.581
22.382,0.054,-0.272,-0.617,0.677
22.392,0.049,-0.266,-0.751,0.798
22.402,0.028,-0.233,-0.904,0.933
22.412,-0.008,-0.176,-1.007,1.022
22.422,-0.041,-0.118,-1.014,1.021
22.432,-0.058,-0.088,-0.923,0.929
22.442,-0.055,-0.113,-0.768,0.779
22.452,-0.031,-0.173,-0.607,0.632
22.462,-0.007,-0.222,-0.488,0.536
22.472,0.005,-0.258,-0.441,0.511
22.482,0.003,-0.279,-0.462,0.540
22.492,0.007,-0.271,-0.552,0.615
22.502,0.009,-0.235,-0.653,0.695
22.512,0.013,-0.203,-0.716,0.745
22.522,0.025,-0.192,-0.722,0.748
22.532,0.019,-0.187,-0.701,0.726
22.542,-0.005,-0.191,-0.684,0.710
22.552,-0.024,-0.199,-0.654,0.684
22.562,-0.051,-0.223,-0.611,0.652
22.572,-0.069,-0.253,-0.589,0.645
22.582,-0.065,-0.296,-0.607,0.678
22.592,-0.054,-0.356,-0.621,0.718
22.602,-0.055,-0.404,-0.618,0.740
22.612,-0.040,-0.420,-0.616,0.747
22.621,-0.013,-0.449,-0.689,0.823
22.632,-0.006,-0.461,-0.890,1.002
22.641,0.018,-0.376,-1.144,1.204
22.651,0.087,-0.239,-1.306,1.331
22.661,0.116,-0.131,-1.320,1.331
22.671,0.070,-0.109,-1.227,1.234
22.681,0.033,-0.169,-1.125,1.138
22.692,0.033,-0.286,-1.077,1.115
22.701,0.063,-0.385,-1.112,1.179
22.711,0.099,-0.424,-1.206,1.282
22.721,0.122,-0.428,-1.323,1.395
22.731,0.166,-0.422,-1.444,1.513
22.741,0.155,-0.392,-1.482,1.541
22.751,0.113,-0.353,-1.419,1.467
22.761,0.069,-0.355,-1.315,1.363
22.771,0.074,-0.353,-1.227,1.279
22.781,0.115,-0.348,-1.193,1.248
22.791,0.156,-0.364,-1.191,1.255
22.801,0.177,-0.375,-1.200,1.270
22.811,0.180,-0.376,-1.197,1.268
22.821,0.166,-0.357,-1.135,1.202
22.831,0.168,-0.324,-0.980,1.046
22.841,0.157,-0.302,-0.756,0.829
22.851,0.093,-0.342,-0.540,0.646
22.861,0.031,-0.443,-0.419,0.611
22.871,-0.045,-0.556,-0.448,0.715
22.881,-0.072,-0.589,-0.658,0.886
22.891,-0.048,-0.494,-0.963,1.083
22.901,-0.040,-0.377,-1.239,1.296
22.911,-0.046,-0.280,-1.435,1.463
22.921,-0.039,-0.193,-1.506,1.518
22.931,-0.037,-0.197,-1.424,1.438
22.941,-0.028,-0.289,-1.245,1.278
22.951,0.058,-0.372,-1.043,1.109
22.961,0.161,-0.444,-0.951,1.062
22.971,0.219,-0.489,-0.987,1.123
22.980,0.257,-0.457,-1.111,1.229
22.990,0.265,-0.353,-1.259,1.334
23.000,0.257,-0.221,-1.383,1.424
23.011,0.243,-0.099,-1.474,1.497
23.020,0.212,-0.022,-1.498,1.513
23.030,0.191,-0.005,-1.445,1.458
23.040,0.167,-0.038,-1.315,1.326
23.050,0.136,-0.072,-1.149,1.159
23.060,0.120,-0.092,-0.984,0.995
23.070,0.114,-0.115,-0.846,0.861
23.080,0.097,-0.150,-0.757,0.778
23.090,0.062,-0.187,-0.714,0.741
23.100,0.024,-0.205,-0.677,0.708
23.110,-0.012,-0.198,-0.630,0.660
23.120,-0.031,-0.183,-0.577,0.606
23.130,-0.032,-0.175,-0.521,0.551
23.140,-0.024,-0.180,-0.483,0.516
23.150,-0.016,-0.194,-0.473,0.511
23.160,0.005,-0.196,-0.494,0.531
23.170,0.025,-0.201,-0.524,0.562
23.180,0.032,-0.211,-0.539,0.580
23.190,0.033,-0.210,-0.545,0.585
23.200,0.024,-0.195,-0.555,0.588
23.210,0.016,-0.175,-0.558,0.585
23.220,0.033,-0.151,-0.593,0.613
23.230,0.064,-0.140,-0.692,0.709
23.240,0.097,-0.140,-0.775,0.794
23.250,0.110,-0.137,-0.822,0.840
23.260,0.082,-0.122,-0.833,0.846
23.270,0.016,-0.107,-0.786,0.793
23.280,-0.042,-0.122,-0.709,0.721
23.290,-0.048,-0.161,-0.682,0.703
23.299,-0.014,-0.208,-0.762,0.790
23.309,0.040,-0.268,-0.897,0.937
23.319,0.089,-0.315,-1.007,1.059
23.329,0.138,-0.315,-1.049,1.104
23.339,0.171,-0.268,-1.012,1.061
23.349,0.187,-0.226,-0.955,0.999
23.359,0.211,-0.221,-0.930,0.979
23.369,0.255,-0.233,-0.935,0.997
23.379,0.319,-0.258,-0.939,1.025
23.389,0.374,-0.294,-0.957,1.068
23.399,0.380,-0.334,-1.025,1.142
23.409,0.335,-0.354,-1.122,1.223
23.419,0.279,-0.335,-1.207,1.283
23.429,0.244,-0.283,-1.289,1.342
23.439,0.245,-0.258,-1.418,1.462
23.449,0.263,-0.266,-1.546,1.591
23.459,0.278,-0.277,-1.627,1.674
23.469,0.280,-0.305,-1.590,1.643
23.479,0.292,-0.331,-1.374,1.444
23.489,0.309,-0.335,-1.098,1.189
23.499,0.270,-0.381,-0.899,1.013
23.509,0.206,-0.471,-0.837,0.982
23.519,0.121,-0.523,-0.899,1.047
23.529,0.053,-0.492,-1.016,1.130
23.539,0.012,-0.430,-1.128,1.207
23.549,-0.023,-0.389,-1.192,1.254
23.559,-0.042,-0.364,-1.179,1.235
23.569,-0.009,-0.355,-1.090,1.147
23.579,0.077,-0.375,-0.975,1.048
23.589,0.185,-0.411,-0.880,0.988
23.599,0.230,-0.462,-0.840,0.986
23.609,0.232,-0.471,-0.859,1.007
23.619,0.237,-0.417,-0.920,1.038
23.629,0.246,-0.332,-1.008,1.089
23.638,0.256,-0.276,-1.103,1.165
23.648,0.261,-0.241,-1.162,1.215
23.659,0.260,-0.200,-1.205,1.249
23.668,0.250,-0.159,-1.183,1.220
23.678,0.218,-0.155,-1.082,1.114
23.688,0.186,-0.198,-0.961,0.999
23.698,0.143,-0.259,-0.891,0.939
23.708,0.115,-0.291,-0.859,0.914
23.718,0.078,-0.296,-0.853,0.907
23.728,0.027,-0.276,-0.838,0.882
23.738,-0.023,-0.259,-0.796,0.837
23.748,-0.054,-0.262,-0.732,0.779
23.758,-0.072,-0.274,-0.669,0.727
23.768,-0.081,-0.295,-0.634,0.704
23.778,-0.072,-0.324,-0.644,0.724
23.788,-0.041,-0.354,-0.709,0.793
23.798,-0.011,-0.368,-0.832,0.910
23.808,0.005,-0.330,-0.984,1.038
23.818,0.003,-0.278,-1.099,1.133
23.828,0.006,-0.232,-1.154,1.177
23.838,-0.002,-0.197,-1.149,1.166
23.848,-0.014,-0.216,-1.082,1.103
23.858,-0.004,-0.289,-1.012,1.052
23.868,-0.005,-0.383,-1.012,1.082
23.878,-0.015,-0.448,-1.069,1.159
23.888,-0.041,-0.465,-1.133,1.225
23.898,-0.089,-0.451,-1.167,1.254
23.908,-0.155,-0.453,-1.116,1.214
23.918,-0.204,-0.471,-1.007,1.131
23.928,-0.251,-0.495,-0.965,1.114
23.938,-0.257,-0.492,-1.000,1.144
23.948,-0.190,-0.448,-1.078,1.182
23.958,-0.092,-0.415,-1.190,1.264
23.968,-0.018,-0.404,-1.309,1.370
23.977,0.036,-0.368,-1.385,1.433
23.987,0.085,-0.312,-1.359,1.397
23.997,0.118,-0.278,-1.236,1.272
24.007,0.171,-0.293,-1.074,1.126
24.017,0.247,-0.365,-0.909,1.011
24.027,0.279,-0.435,-0.788,0.942
24.037,0.255,-0.474,-0.771,0.940
24.047,0.186,-0.488,-0.879,1.022
24.057,0.139,-0.427,-1.087,1.175
24.067,0.121,-0.322,-1.284,1.329
24.077,0.101,-0.254,-1.412,1.438
24.087,0.093,-0.213,-1.450,1.469
24.097,0.078,-0.193,-1.382,1.398
24.107,0.046,-0.201,-1.245,1.262
24.117,0.032,-0.223,-1.104,1.126
24.127,0.048,-0.231,-0.975,1.003
24.137,0.072,-0.250,-0.899,0.936
24.147,0.100,-0.255,-0.903,0.944
24.157,0.109,-0.234,-0.953,0.987
24.167,0.101,-0.198,-0.989,1.013
24.177,0.090,-0.167,-0.950,0.968
24.187,0.081,-0.149,-0.850,0.867
24.197,0.075,-0.152,-0.738,0.757
24.207,0.070,-0.184,-0.666,0.694
24.217,0.077,-0.220,-0.693,0.731
24.227,0.082,-0.244,-0.810,0.850
24.237,0.052,-0.251,-0.977,1.010
24.247,0.025,-0.203,-1.133,1.151
24.257,0.026,-0.141,-1.243,1.251
24.267,0.063,-0.089,-1.268,1.272
24.277,0.130,-0.022,-1.218,1.226
24.286,0.025,-0.120,-1.133,1.140
24.297,-0.001,-0.212,-1.045,1.066
24.306,0.007,-0.282,-0.963,1.004
24.316,0.020,-0.347,-0.939,1.001
24.326,0.044,-0.370,-0.951,1.022
24.336,0.035,-0.368,-0.945,1.015
24.346,0.030,-0.348,-0.936,0.999
24.356,0.049,-0.324,-0.967,1.021
24.366,0.070,-0.311,-1.025,1.073
24.376,0.104,-0.276,-1.103,1.141
24.386,0.161,-0.236,-1.148,1.183
24.396,0.214,-0.218,-1.148,1.188
24.406,0.232,-0.229,-1.116,1.163
24.416,0.232,-0.247,-1.064,1.116
24.426,0.192,-0.264,-1.006,1.057
24.436,0.147,-0.277,-0.963,1.013
24.446,0.125,-0.272,-0.947,0.993
24.456,0.125,-0.255,-0.959,1.001
24.466,0.133,-0.244,-0.985,1.023
24.476,0.130,-0.243,-1.015,1.052
24.486,0.128,-0.224,-1.028,1.060
24.496,0.133,-0.212,-0.990,1.021
24.506,0.137,-0.224,-0.910,0.947
24.516,0.125,-0.239,-0.824,0.867
24.526,0.095,-0.257,-0.760,0.808
24.536,0.054,-0.281,-0.722,0.777
24.546,0.032,-0.300,-0.722,0.783
24.556,0.018,-0.304,-0.765,0.823
24.566,-0.012,-0.297,-0.808,0.861
24.576,-0.028,-0.297,-0.833,0.885
24.586,-0.030,-0.313,-0.849,0.905
24.596,-0.020,-0.323,-0.877,0.935
24.606,-0.022,-0.310,-0.896,0.948
24.615,-0.028,-0.290,-0.882,0.929
24.626,-0.043,-0.295,-0.854,0.904
24.635,-0.062,-0.308,-0.828,0.885
24.645,-0.069,-0.319,-0.814,0.877
24.655,-0.066,-0.336,-0.842,0.909
24.665,-0.058,-0.348,-0.896,0.963
24.675,-0.035,-0.345,-0.958,1.019
24.685,-0.010,-0.340,-1.025,1.080
24.695,0.022,-0.326,-1.065,1.114
24.705,0.047,-0.303,-1.047,1.091
24.715,0.065,-0.294,-0.996,1.041
24.725,0.073,-0.301,-0.937,0.987
24.735,0.064,-0.313,-0.893,0.948
24.745,0.042,-0.322,-0.886,0.944
24.755,0.015,-0.330,-0.931,0.988
24.765,0.012,-0.314,-1.000,1.049
24.775,0.035,-0.281,-1.037,1.075
24.785,0.050,-0.256,-1.023,1.056
24.795,0.048,-0.249,-0.959,0.993
24.805,0.033,-0.252,-0.860,0.897
24.815,0.021,-0.258,-0.772,0.815
24.825,0.023,-0.277,-0.714,0.767
24.835,0.031,-0.301,-0.683,0.747
24.845,0.030,-0.319,-0.682,0.754
24.855,0.042,-0.331,-0.707,0.782
24.865,0.075,-0.349,-0.780,0.858
24.875,0.114,-0.355,-0.901,0.975
24.885,0.136,-0.336,-1.045,1.106
24.895,0.152,-0.299,-1.178,1.225
24.905,0.172,-0.248,-1.262,1.298
24.915,0.176,-0.201,-1.275,1.302
24.924,0.154,-0.189,-1.215,1.239
24.935,0.119,-0.221,-1.099,1.128
24.945,0.096,-0.274,-0.979,1.021
24.954,0.103,-0.315,-0.881,0.941
24.965,0.105,-0.348,-0.823,0.899
24.974,0.087,-0.369,-0.809,0.893
24.984,0.072,-0.367,-0.832,0.912
24.994,0.061,-0.340,-0.874,0.940
25.004,0.050,-0.309,-0.913,0.966
25.014,0.048,-0.301,-0.944,0.992
25.024,0.061,-0.307,-0.972,1.021
25.034,0.087,-0.311,-0.987,1.038
25.044,0.107,-0.315,-0.964,1.020
25.054,0.104,-0.321,-0.900,0.961
25.064,0.094,-0.331,-0.818,0.887
25.074,0.100,-0.357,-0.736,0.824
25.084,0.122,-0.393,-0.664,0.781
25.094,0.140,-0.428,-0.616,0.763
25.104,0.147,-0.457,-0.590,0.761
25.114,0.139,-0.474,-0.598,0.776
25.124,0.125,-0.469,-0.649,0.810
25.134,0.121,-0.437,-0.713,0.845
25.144,0.125,-0.402,-0.748,0.858
25.154,0.119,-0.382,-0.750,0.850
25.164,0.105,-0.381,-0.725,0.826
25.174,0.089,-0.387,-0.709,0.813
25.184,0.076,-0.394,-0.738,0.841
25.194,0.073,-0.393,-0.786,0.882
25.204,0.069,-0.381,-0.814,0.901
25.214,0.054,-0.375,-0.820,0.904
25.224,0.044,-0.382,-0.808,0.895
25.234,0.039,-0.397,-0.788,0.883
25.244,0.037,-0.424,-0.787,0.895
25.254,0.045,-0.461,-0.824,0.945
25.264,0.045,-0.482,-0.875,1.000
25.274,0.035,-0.488,-0.914,1.036
25.284,0.022,-0.499,-0.927,1.053
25.294,0.018,-0.518,-0.933,1.067
25.303,0.025,-0.547,-0.952,1.098
25.313,0.044,-0.588,-0.971,1.136
25.324,0.062,-0.608,-0.952,1.131
25.333,0.081,-0.607,-0.890,1.080
25.343,0.114,-0.622,-0.843,1.054
25.353,0.139,-0.654,-0.851,1.082
25.363,0.132,-0.666,-0.864,1.099
25.373,0.107,-0.658,-0.860,1.088
25.383,0.079,-0.624,-0.846,1.054
25.393,0.051,-0.587,-0.848,1.032
25.403,0.012,-0.592,-0.874,1.056
25.413,-0.045,-0.615,-0.925,1.112
25.423,-0.080,-0.625,-0.980,1.165
25.433,-0.069,-0.628,-1.006,1.188
25.443,-0.041,-0.626,-0.953,1.141
25.453,-0.004,-0.611,-0.829,1.030
25.463,0.053,-0.608,-0.676,0.911
25.473,0.119,-0.648,-0.536,0.849
25.483,0.148,-0.730,-0.460,0.875
25.493,0.161,-0.790,-0.486,0.941
25.503,0.194,-0.763,-0.602,0.991
25.513,0.244,-0.655,-0.774,1.043
25.523,0.274,-0.530,-0.949,1.121
25.533,0.277,-0.433,-1.081,1.197
25.543,0.263,-0.385,-1.124,1.216
25.553,0.225,-0.368,-1.079,1.162
25.563,0.143,-0.389,-0.948,1.035
25.573,0.066,-0.418,-0.784,0.891
25.583,0.022,-0.423,-0.617,0.748
25.593,-0.001,-0.427,-0.458,0.627
25.603,0.018,-0.442,-0.328,0.551
25.613,0.038,-0.486,-0.273,0.558
25.623,0.022,-0.514,-0.279,0.585
25.632,-0.006,-0.470,-0.326,0.572
25.642,-0.037,-0.383,-0.433,0.580
25.653,-0.057,-0.294,-0.556,0.631
25.662,-0.062,-0.223,-0.631,0.672
25.672,-0.067,-0.199,-0.646,0.680
25.682,-0.049,-0.222,-0.616,0.656
25.692,0.013,-0.285,-0.570,0.637
25.702,0.073,-0.361,-0.548,0.660
25.712,0.122,-0.423,-0.555,0.708
25.722,0.139,-0.455,-0.582,0.752
25.732,0.129,-0.465,-0.607,0.775
25.742,0.107,-0.487,-0.629,0.803
25.752,0.083,-0.524,-0.664,0.850
25.762,0.045,-0.560,-0.747,0.935
25.772,0.020,-0.568,-0.860,1.031
25.782,0.013,-0.563,-0.957,1.110
25.792,-0.017,-0.578,-1.008,1.162
25.802,-0.041,-0.575,-0.958,1.118
25.812,-0.035,-0.537,-0.833,0.992
25.822,-0.013,-0.507,-0.741,0.898
25.832,-0.013,-0.502,-0.770,0.919
25.842,-0.027,-0.497,-0.908,1.035
25.852,-0.026,-0.456,-1.078,1.171
25.862,-0.033,-0.396,-1.201,1.265
25.872,-0.048,-0.353,-1.212,1.263
25.882,-0.066,-0.386,-1.101,1.169
25.892,-0.086,-0.476,-0.971,1.085
25.902,-0.044,-0.528,-0.870,1.019
25.912,0.023,-0.578,-0.808,0.993
25.922,0.033,-0.636,-0.787,1.013
25.932,0.018,-0.658,-0.818,1.050
25.941,0.007,-0.632,-0.865,1.071
25.951,0.007,-0.581,-0.894,1.066
25.961,0.039,-0.547,-0.899,1.054
25.971,0.119,-0.535,-0.898,1.052
25.981,0.204,-0.526,-0.931,1.089
25.991,0.274,-0.526,-1.000,1.163
26.001,0.289,-0.541,-1.100,1.259
26.011,0.238,-0.534,-1.214,1.348
26.021,0.154,-0.490,-1.326,1.422
26.031,0.083,-0.418,-1.394,1.458
26.041,0.032,-0.326,-1.391,1.429
26.051,-0.003,-0.287,-1.359,1.389
26.061,-0.009,-0.331,-1.331,1.372
26.071,0.043,-0.390,-1.264,1.324
26.081,0.157,-0.415,-1.096,1.183
26.091,0.255,-0.463,-0.900,1.043
26.101,0.301,-0.581,-0.777,1.015
26.111,0.291,-0.726,-0.744,1.079
26.121,0.240,-0.796,-0.811,1.161
26.131,0.201,-0.701,-0.950,1.198
26.141,0.128,-0.548,-1.184,1.311
26.151,0.051,-0.397,-1.494,1.547
26.161,0.017,-0.293,-1.744,1.769
26.171,-0.014,-0.295,-1.840,1.863
26.181,-0.072,-0.360,-1.743,1.781
26.191,-0.137,-0.439,-1.525,1.593
26.201,-0.180,-0.508,-1.298,1.406
26.211,-0.148,-0.536,-1.091,1.224
26.221,-0.090,-0.533,-0.913,1.061
26.231,-0.075,-0.511,-0.803,0.955
26.241,-0.089,-0.471,-0.789,0.923
26.251,-0.097,-0.397,-0.830,0.925
26.261,-0.082,-0.325,-0.885,0.946
26.271,-0.041,-0.280,-0.906,0.949
26.280,0.010,-0.276,-0.902,0.943
26.291,0.044,-0.308,-0.859,0.914
26.300,0.057,-0.345,-0.783,0.858
26.310,0.054,-0.370,-0.702,0.795
26.320,0.040,-0.391,-0.637,0.749
26.330,0.020,-0.402,-0.608,0.730
26.341,-0.011,-0.408,-0.612,0.736
26.350,-0.046,-0.410,-0.624,0.748
26.361,-0.067,-0.422,-0.633,0.764
26.370,-0.066,-0.448,-0.682,0.819
26.380,-0.048,-0.441,-0.783,0.900
26.390,-0.032,-0.411,-0.857,0.951
26.400,-0.043,-0.407,-0.877,0.968
26.410,-0.060,-0.428,-0.850,0.954
26.420,-0.051,-0.444,-0.798,0.915
26.430,-0.018,-0.471,-0.762,0.896
26.440,0.013,-0.502,-0.776,0.925
26.450,0.058,-0.508,-0.808,0.956
26.460,0.109,-0.516,-0.825,0.979
26.470,0.144,-0.538,-0.831,1.000
26.480,0.153,-0.554,-0.861,1.036
26.490,0.157,-0.529,-0.916,1.070
26.500,0.160,-0.492,-0.986,1.114
26.510,0.168,-0.474,-1.042,1.157
26.520,0.184,-0.462,-1.049,1.161
26.530,0.198,-0.457,-0.995,1.113
26.540,0.209,-0.480,-0.922,1.060
26.550,0.192,-0.522,-0.925,1.079
26.560,0.198,-0.527,-0.989,1.138
26.570,0.213,-0.486,-1.031,1.160
26.580,0.196,-0.430,-1.021,1.125
26.590,0.159,-0.391,-0.983,1.070
26.599,0.122,-0.378,-0.946,1.026
26.610,0.109,-0.376,-0.930,1.009
26.619,0.125,-0.383,-0.936,1.019
26.629,0.151,-0.396,-0.956,1.046
26.640,0.179,-0.394,-0.973,1.065
26.649,0.193,-0.383,-0.976,1.066
26.659,0.186,-0.368,-0.988,1.071
26.669,0.167,-0.347,-1.016,1.086
26.679,0.142,-0.345,-1.043,1.107
26.689,0.121,-0.353,-1.061,1.124
26.699,0.114,-0.362,-1.064,1.130
26.709,0.127,-0.368,-1.061,1.130
26.719,0.152,-0.374,-1.056,1.131
26.729,0.151,-0.386,-1.046,1.125
26.739,0.135,-0.380,-1.026,1.103
26.749,0.115,-0.362,-1.014,1.083
26.759,0.095,-0.342,-1.033,1.092
26.769,0.091,-0.325,-1.062,1.114
26.779,0.102,-0.315,-1.072,1.122
26.789,0.101,-0.309,-1.058,1.107
26.799,0.092,-0.303,-1.025,1.073
26.809,0.086,-0.292,-0.978,1.024
26.819,0.093,-0.285,-0.925,0.973
26.829,0.102,-0.286,-0.867,0.918
26.839,0.103,-0.307,-0.813,0.875
26.849,0.092,-0.338,-0.777,0.852
26.859,0.069,-0.361,-0.764,0.848
26.869,0.063,-0.366,-0.791,0.874
26.879,0.077,-0.363,-0.845,0.923
26.889,0.071,-0.362,-0.891,0.964
26.899,0.062,-0.350,-0.911,0.978
26.909,0.059,-0.345,-0.905,0.970
26.919,0.053,-0.349,-0.884,0.952
26.929,0.055,-0.356,-0.850,0.923
26.939,0.053,-0.371,-0.817,0.899
26.949,0.040,-0.377,-0.805,0.890
26.958,0.019,-0.366,-0.815,0.894
26.968,0.014,-0.347,-0.840,0.909
26.979,0.018,-0.338,-0.882,0.944
26.988,0.018,-0.328,-0.925,0.982
26.998,0.025,-0.321,-0.967,1.019
27.008,0.029,-0.313,-1.007,1.055
27.018,0.031,-0.294,-1.038,1.079
27.028,0.025,-0.272,-1.049,1.084
27.038,-0.013,-0.270,-1.053,1.087
27.048,-0.060,-0.279,-1.052,1.090
27.058,-0.083,-0.280,-1.022,1.063
27.068,-0.075,-0.285,-0.964,1.009
27.078,-0.062,-0.306,-0.913,0.965
27.088,-0.033,-0.315,-0.872,0.927
27.098,0.019,-0.307,-0.821,0.876
27.108,0.063,-0.309,-0.772,0.834
27.118,0.086,-0.336,-0.761,0.836
27.128,0.105,-0.364,-0.793,0.878
27.138,0.126,-0.372,-0.870,0.955
27.148,0.148,-0.352,-0.977,1.049
27.158,0.150,-0.309,-1.105,1.158
27.168,0.154,-0.249,-1.240,1.274
27.178,0.172,-0.185,-1.314,1.338
27.188,0.168,-0.158,-1.294,1.314
27.198,0.138,-0.196,-1.195,1.218
27.208,0.120,-0.266,-1.069,1.108
27.218,0.128,-0.310,-0.953,1.010
27.228,0.116,-0.328,-0.865,0.933
27.238,0.084,-0.342,-0.828,0.900
27.248,0.055,-0.340,-0.847,0.915
27.258,0.040,-0.313,-0.905,0.959
27.267,0.034,-0.288,-0.977,1.019
27.278,0.032,-0.276,-1.031,1.068
27.287,0.034,-0.268,-1.043,1.077
27.297,0.049,-0.272,-1.031,1.068
27.307,0.063,-0.285,-1.000,1.042
27.317,0.070,-0.297,-0.942,0.990
27.327,0.068,-0.305,-0.870,0.924
27.337,0.055,-0.310,-0.800,0.860
27.347,0.035,-0.316,-0.750,0.815
27.357,0.016,-0.320,-0.724,0.792
27.367,0.003,-0.318,-0.737,0.803
27.377,-0.004,-0.303,-0.789,0.845
27.387,-0.006,-0.286,-0.847,0.894
27.397,-0.016,-0.266,-0.889,0.928
27.407,-0.040,-0.247,-0.912,0.945
27.417,-0.069,-0.233,-0.937,0.968
27.427,-0.083,-0.225,-0.966,0.996
27.437,-0.085,-0.222,-0.972,1.000
27.447,-0.078,-0.223,-0.938,0.968
27.457,-0.066,-0.233,-0.874,0.907
27.467,-0.056,-0.251,-0.796,0.836
27.477,-0.046,-0.269,-0.735,0.784
27.487,-0.031,-0.284,-0.702,0.758
27.497,-0.020,-0.294,-0.682,0.743
27.507,-0.018,-0.305,-0.674,0.740
27.517,-0.015,-0.309,-0.691,0.757
27.527,-0.011,-0.302,-0.734,0.794
27.537,0.004,-0.293,-0.804,0.856
27.547,0.021,-0.297,-0.876,0.925
27.557,0.035,-0.306,-0.928,0.977
27.567,0.044,-0.308,-0.944,0.993
27.577,0.051,-0.312,-0.914,0.967
27.587,0.057,-0.330,-0.854,0.917
27.597,0.056,-0.359,-0.796,0.875
27.607,0.056,-0.385,-0.763,0.857
27.617,0.066,-0.403,-0.760,0.863
27.627,0.076,-0.406,-0.780,0.883
27.636,0.078,-0.401,-0.805,0.902
27.647,0.076,-0.395,-0.829,0.922
27.656,0.079,-0.391,-0.854,0.943
27.666,0.081,-0.387,-0.858,0.945
27.676,0.082,-0.392,-0.841,0.932
27.686,0.079,-0.401,-0.826,0.922
27.696,0.077,-0.407,-0.824,0.923
27.706,0.080,-0.412,-0.841,0.940
27.716,0.079,-0.412,-0.859,0.956
27.726,0.066,-0.405,-0.869,0.961
27.736,0.042,-0.393,-0.871,0.956
27.746,0.013,-0.382,-0.863,0.943
27.756,-0.012,-0.373,-0.842,0.921
27.766,-0.035,-0.370,-0.830,0.909
27.776,-0.055,-0.371,-0.828,0.909
27.786,-0.072,-0.378,-0.851,0.934
27.796,-0.077,-0.393,-0.914,0.998
27.806,-0.071,-0.401,-0.991,1.072
27.816,-0.064,-0.400,-1.054,1.129
27.826,-0.064,-0.401,-1.103,1.176
27.836,-0.074,-0.402,-1.132,1.204
27.846,-0.085,-0.394,-1.108,1.179
27.856,-0.094,-0.389,-1.046,1.120
27.866,-0.105,-0.399,-1.002,1.084
27.876,-0.109,-0.397,-0.978,1.061
27.886,-0.070,-0.382,-0.937,1.014
27.896,-0.016,-0.373,-0.859,0.937
27.906,-0.002,-0.387,-0.852,0.936
27.916,0.020,-0.420,-0.966,1.053
27.926,0.046,-0.434,-1.145,1.226
27.936,0.056,-0.409,-1.337,1.399
27.946,0.050,-0.353,-1.439,1.483
27.955,0.026,-0.284,-1.387,1.416
27.965,-0.036,-0.271,-1.173,1.204
27.976,-0.118,-0.334,-0.928,0.993
27.986,-0.150,-0.395,-0.734,0.847
27.995,-0.143,-0.451,-0.599,0.763
28.005,-0.129,-0.508,-0.551,0.760
28.015,-0.121,-0.533,-0.586,0.801
28.025,-0.120,-0.510,-0.676,0.855
28.035,-0.118,-0.450,-0.780,0.908
28.045,-0.128,-0.392,-0.877,0.969
28.055,-0.149,-0.355,-0.954,1.029
28.065,-0.160,-0.326,-1.027,1.089
28.075,-0.146,-0.299,-1.089,1.139
28.085,-0.105,-0.280,-1.119,1.158
28.095,-0.042,-0.283,-1.096,1.132
28.105,0.013,-0.325,-1.024,1.075
28.115,0.038,-0.391,-0.936,1.015
28.125,0.045,-0.439,-0.855,0.962
28.135,0.044,-0.468,-0.794,0.923
28.145,0.019,-0.482,-0.774,0.912
28.155,-0.017,-0.470,-0.792,0.921
28.165,-0.041,-0.439,-0.828,0.939
28.175,-0.060,-0.416,-0.870,0.966
28.185,-0.060,-0.402,-0.906,0.993
28.195,-0.020,-0.393,-0.911,0.992
28.205,0.042,-0.393,-0.866,0.952
28.215,0.095,-0.414,-0.811,0.915
28.225,0.122,-0.441,-0.780,0.905
28.235,0.133,-0.452,-0.767,0.900
28.245,0.120,-0.450,-0.765,0.896
28.255,0.104,-0.435,-0.771,0.892
28.265,0.088,-0.409,-0.779,0.884
28.275,0.076,-0.382,-0.774,0.867
28.285,0.077,-0.371,-0.764,0.852
28.294,0.075,-0.376,-0.765,0.856
28.304,0.069,-0.381,-0.806,0.894
28.314,0.065,-0.384,-0.880,0.962
28.324,0.062,-0.383,-0.960,1.036
28.334,0.070,-0.375,-1.024,1.093
28.344,0.093,-0.365,-1.057,1.122
28.354,0.129,-0.368,-1.076,1.144
28.364,0.166,-0.387,-1.091,1.170
28.374,0.153,-0.452,-1.055,1.157
28.384,0.189,-0.470,-0.965,1.090
28.394,0.298,-0.407,-0.882,1.016
28.404,0.289,-0.428,-0.803,0.954
28.414,0.221,-0.494,-0.775,0.945
28.424,0.157,-0.508,-0.805,0.965
28.434,0.089,-0.481,-0.899,1.023
28.444,0.021,-0.446,-1.009,1.104
28.454,0.019,-0.371,-1.145,1.203
28.464,-0.001,-0.343,-1.273,1.318
28.474,-0.004,-0.352,-1.340,1.385
28.484,0.040,-0.364,-1.337,1.386
28.494,0.082,-0.395,-1.253,1.316
28.504,0.107,-0.440,-1.128,1.215
28.514,0.113,-0.474,-1.017,1.128
28.524,0.108,-0.503,-0.957,1.087
28.534,0.117,-0.514,-0.965,1.100
28.544,0.156,-0.480,-1.002,1.122
28.554,0.193,-0.439,-1.023,1.130
28.564,0.199,-0.424,-1.020,1.123
28.574,0.170,-0.451,-0.966,1.080
28.584,0.199,-0.428,-0.903,1.018
28.593,0.210,-0.414,-0.855,0.973
28.603,0.191,-0.435,-0.818,0.947
28.614,0.170,-0.443,-0.786,0.918
28.623,0.133,-0.441,-0.746,0.877
28.633,0.105,-0.432,-0.705,0.833
28.643,0.087,-0.414,-0.675,0.797
28.653,0.073,-0.409,-0.676,0.793
28.663,0.059,-0.403,-0.692,0.803
28.673,0.055,-0.394,-0.697,0.803
28.683,0.051,-0.392,-0.683,0.789
28.693,0.071,-0.347,-0.668,0.756
28.703,0.063,-0.329,-0.671,0.750
28.713,0.037,-0.348,-0.685,0.769
28.723,0.019,-0.354,-0.705,0.790
28.733,0.008,-0.340,-0.714,0.791
28.743,0.011,-0.331,-0.711,0.784
28.753,0.024,-0.343,-0.705,0.784
28.763,0.027,-0.364,-0.692,0.782
28.773,0.031,-0.383,-0.671,0.773
28.783,0.048,-0.408,-0.656,0.774
28.793,0.074,-0.423,-0.655,0.783
28.803,0.098,-0.423,-0.674,0.802
28.813,0.123,-0.404,-0.690,0.808
28.823,0.135,-0.384,-0.706,0.814
28.833,0.149,-0.376,-0.717,0.824
28.843,0.207,-0.349,-0.721,0.827
28.853,0.217,-0.375,-0.723,0.843
28.863,0.210,-0.431,-0.712,0.859
28.873,0.196,-0.439,-0.696,0.846
28.883,0.173,-0.420,-0.708,0.841
28.893,0.144,-0.409,-0.764,0.878
28.903,0.106,-0.403,-0.826,0.925
28.913,0.068,-0.389,-0.864,0.950
28.923,0.041,-0.377,-0.868,0.947
28.933,0.014,-0.394,-0.852,0.939
28.942,0.001,-0.437,-0.821,0.930
28.953,0.003,-0.486,-0.773,0.913
28.962,0.001,-0.526,-0.722,0.893
28.972,-0.018,-0.560,-0.674,0.877
28.982,-0.048,-0.593,-0.644,0.877
28.992,-0.044,-0.602,-0.639,0.879
29.002,-0.001,-0.606,-0.673,0.906
29.012,0.041,-0.605,-0.838,1.034
29.022,0.063,-0.558,-1.090,1.226
29.032,0.079,-0.482,-1.322,1.409
29.042,0.095,-0.383,-1.460,1.512
29.052,0.098,-0.307,-1.469,1.504
29.062,0.073,-0.295,-1.331,1.366
29.072,0.014,-0.358,-1.133,1.188
29.082,-0.022,-0.442,-0.950,1.048
29.092,-0.013,-0.506,-0.822,0.965
29.102,0.003,-0.563,-0.762,0.947
29.112,-0.009,-0.607,-0.775,0.985
29.122,-0.011,-0.620,-0.843,1.046
29.132,0.000,-0.576,-0.935,1.099
29.142,0.016,-0.489,-1.023,1.134
29.152,0.001,-0.413,-1.078,1.154
29.162,-0.031,-0.367,-1.102,1.162
29.172,-0.062,-0.350,-1.088,1.145
29.182,-0.068,-0.354,-1.046,1.106
29.192,-0.050,-0.385,-0.986,1.060
29.202,-0.009,-0.419,-0.934,1.024
29.212,0.034,-0.453,-0.909,1.016
29.222,0.053,-0.493,-0.908,1.034
29.232,0.054,-0.513,-0.909,1.045
29.242,0.054,-0.494,-0.910,1.037
29.252,0.050,-0.455,-0.921,1.028
29.262,0.057,-0.424,-0.939,1.032
29.272,0.072,-0.408,-0.937,1.024
29.282,0.084,-0.407,-0.907,0.998
29.291,0.109,-0.422,-0.857,0.962
29.302,0.141,-0.431,-0.808,0.926
29.312,0.148,-0.433,-0.787,0.910
29.321,0.127,-0.463,-0.784,0.919
29.331,0.113,-0.483,-0.791,0.933
29.341,0.095,-0.485,-0.822,0.959
29.351,0.078,-0.467,-0.874,0.994
29.361,0.068,-0.443,-0.917,1.020
29.371,0.071,-0.437,-0.933,1.033
29.381,0.101,-0.449,-0.952,1.057
29.391,0.128,-0.479,-0.995,1.111
29.401,0.137,-0.500,-1.020,1.144
29.411,0.142,-0.501,-0.990,1.119
29.421,0.142,-0.494,-0.915,1.050
29.431,0.147,-0.474,-0.845,0.980
29.441,0.104,-0.497,-0.830,0.973
29.451,0.065,-0.547,-0.827,0.994
29.461,0.058,-0.564,-0.834,1.009
29.471,0.067,-0.574,-0.863,1.038
29.481,0.093,-0.576,-0.896,1.069
29.491,0.140,-0.569,-0.906,1.080
29.501,0.177,-0.580,-0.916,1.099
29.511,0.180,-0.594,-0.945,1.130
29.521,0.188,-0.589,-1.005,1.180
29.531,0.205,-0.559,-1.072,1.226
29.541,0.214,-0.521,-1.105,1.240
29.551,0.210,-0.494,-1.096,1.221
29.561,0.195,-0.485,-1.050,1.172
29.571,0.176,-0.485,-0.978,1.106
29.581,0.154,-0.484,-0.903,1.036
29.590,0.130,-0.477,-0.838,0.973
29.600,0.109,-0.462,-0.788,0.920
29.611,0.093,-0.445,-0.746,0.874
29.621,0.077,-0.432,-0.708,0.833
29.630,0.054,-0.410,-0.661,0.779
29.640,0.024,-0.384,-0.610,0.722
29.650,-0.015,-0.357,-0.556,0.661
29.660,-0.058,-0.335,-0.513,0.616
29.670,-0.088,-0.319,-0.489,0.590
29.680,-0.098,-0.306,-0.480,0.578
29.690,-0.096,-0.302,-0.480,0.575
29.700,-0.082,-0.309,-0.484,0.580
29.710,-0.063,-0.325,-0.498,0.598
29.720,-0.036,-0.342,-0.514,0.618
29.730,-0.001,-0.364,-0.527,0.641
29.740,0.027,-0.374,-0.556,0.670
29.750,0.064,-0.373,-0.583,0.695
29.760,0.119,-0.384,-0.584,0.709
29.770,0.162,-0.403,-0.590,0.733
29.780,0.174,-0.412,-0.630,0.773
29.790,0.163,-0.407,-0.709,0.833
29.800,0.129,-0.390,-0.798,0.898
29.810,0.085,-0.361,-0.898,0.971
29.820,0.054,-0.341,-1.040,1.095
29.830,0.036,-0.332,-1.155,1.203
29.840,0.012,-0.317,-1.198,1.239
29.850,-0.010,-0.310,-1.189,1.229
29.860,-0.056,-0.359,-1.147,1.204
29.870,-0.098,-0.409,-1.120,1.196
29.880,-0.119,-0.409,-1.096,1.176
29.890,-0.129,-0.388,-1.084,1.159
29.900,-0.133,-0.357,-1.087,1.152
29.910,-0.115,-0.326,-1.106,1.159
29.920,-0.074,-0.331,-1.108,1.159
29.930,-0.010,-0.358,-1.090,1.147
29.939,0.048,-0.389,-1.082,1.151
29.949,0.056,-0.423,-1.093,1.173
29.959,0.035,-0.457,-1.114,1.205
29.969,0.028,-0.480,-1.134,1.232
29.979,0.017,-0.500,-1.135,1.241
29.989,-0.002,-0.509,-1.103,1.214
29.999,-0.023,-0.516,-1.043,1.164
30.009,-0.028,-0.523,-0.969,1.102
30.019,-0.010,-0.536,-0.905,1.052
30.029,0.000,-0.566,-0.880,1.046
30.039,0.006,-0.590,-0.918,1.092
30.049,0.046,-0.582,-0.992,1.151
30.059,0.099,-0.562,-1.077,1.219
30.069,0.128,-0.560,-1.137,1.273
30.079,0.142,-0.559,-1.141,1.278
30.089,0.119,-0.556,-1.127,1.263
30.099,0.113,-0.539,-1.113,1.242
30.109,0.122,-0.535,-1.097,1.227
30.119,0.153,-0.556,-1.055,1.203
30.129,0.180,-0.578,-0.988,1.158
30.139,0.162,-0.604,-0.954,1.140
30.149,0.120,-0.612,-0.964,1.148
30.159,0.056,-0.590,-1.020,1.179
30.169,-0.009,-0.546,-1.125,1.250
30.179,-0.052,-0.507,-1.243,1.343
30.189,-0.095,-0.484,-1.303,1.393
30.199,-0.137,-0.482,-1.273,1.368
30.209,-0.143,-0.511,-1.180,1.294
30.219,-0.102,-0.556,-1.051,1.193
30.229,-0.050,-0.594,-0.919,1.095
30.239,-0.003,-0.608,-0.806,1.009
30.249,0.047,-0.585,-0.725,0.933
30.259,0.101,-0.530,-0.666,0.857
30.269,0.142,-0.466,-0.635,0.800
30.279,0.162,-0.420,-0.625,0.770
30.289,0.151,-0.383,-0.615,0.739
30.299,0.115,-0.344,-0.606,0.706
30.308,0.072,-0.304,-0.598,0.675
30.318,0.034,-0.268,-0.591,0.650
30.328,-0.013,-0.252,-0.576,0.629
30.339,-0.048,-0.251,-0.545,0.602
30.348,-0.067,-0.256,-0.503,0.568
30.358,-0.067,-0.262,-0.449,0.524
30.368,-0.053,-0.269,-0.391,0.477
30.378,-0.048,-0.268,-0.333,0.431
30.388,-0.062,-0.257,-0.298,0.398
30.398,-0.090,-0.247,-0.277,0.382
30.408,-0.107,-0.246,-0.268,0.379
30.418,-0.107,-0.252,-0.271,0.385
30.428,-0.074,-0.252,-0.300,0.399
30.438,-0.015,-0.249,-0.370,0.446
30.448,0.029,-0.254,-0.478,0.542
30.458,0.055,-0.252,-0.573,0.629
30.468,0.082,-0.242,-0.625,0.675
30.478,0.089,-0.246,-0.648,0.699
30.488,0.115,-0.268,-0.706,0.764
30.498,0.167,-0.298,-0.814,0.883
30.508,0.205,-0.326,-0.931,1.007
30.518,0.220,-0.363,-1.034,1.118
30.528,0.214,-0.409,-1.133,1.223
30.538,0.195,-0.419,-1.213,1.298
30.548,0.188,-0.372,-1.212,1.282
30.558,0.203,-0.314,-1.147,1.206
30.568,0.175,-0.335,-1.054,1.119
30.578,0.138,-0.392,-0.988,1.072
30.588,0.114,-0.402,-0.995,1.079
30.598,0.079,-0.405,-1.100,1.175
30.608,0.036,-0.392,-1.238,1.299
30.617,-0.012,-0.358,-1.302,1.351
30.627,-0.058,-0.362,-1.260,1.313
30.637,-0.061,-0.404,-1.160,1.230
30.647,-0.026,-0.453,-1.101,1.190
30.657,0.027,-0.510,-1.139,1.248
30.667,0.046,-0.585,-1.254,1.385
30.677,0.046,-0.641,-1.304,1.454
30.687,0.031,-0.684,-1.208,1.389
30.697,-0.010,-0.723,-1.017,1.248
30.707,-0.083,-0.768,-0.824,1.129
30.717,-0.195,-0.885,-0.726,1.161
30.727,-0.256,-0.961,-0.784,1.266
30.737,-0.278,-0.915,-0.991,1.377
30.747,-0.244,-0.775,-1.270,1.507
30.757,-0.223,-0.670,-1.497,1.655
30.767,-0.206,-0.582,-1.647,1.759
30.777,-0.185,-0.518,-1.716,1.802
30.787,-0.175,-0.495,-1.630,1.713
30.797,-0.142,-0.513,-1.372,1.472
30.807,-0.020,-0.520,-1.055,1.176
30.817,0.136,-0.535,-0.757,0.937
30.827,0.336,-0.581,-0.561,0.875
30.837,0.493,-0.645,-0.501,0.954
30.847,0.511,-0.694,-0.554,1.025
30.857,0.456,-0.608,-0.749,1.067
30.867,0.382,-0.420,-0.964,1.119
30.877,0.273,-0.262,-1.151,1.212
30.887,0.145,-0.158,-1.288,1.306
30.897,0.066,-0.125,-1.336,1.344
30.907,0.054,-0.153,-1.266,1.276
30.917,0.105,-0.232,-1.098,1.127
30.927,0.176,-0.306,-0.961,1.024
30.937,0.207,-0.346,-0.928,1.012
30.946,0.188,-0.367,-0.947,1.033
30.957,0.147,-0.348,-0.985,1.055
30.966,0.085,-0.301,-1.003,1.051
30.976,0.036,-0.261,-0.973,1.008
30.987,0.016,-0.261,-0.940,0.975
30.996,0.020,-0.276,-0.943,0.983
31.006,0.035,-0.282,-0.998,1.037
31.016,0.051,-0.288,-1.098,1.136
31.026,0.055,-0.295,-1.195,1.232
31.036,0.055,-0.279,-1.251,1.283
31.046,0.044,-0.248,-1.249,1.275
31.056,0.021,-0.240,-1.227,1.251
31.066,0.039,-0.244,-1.207,1.232
31.076,0.104,-0.246,-1.204,1.234
31.086,0.172,-0.244,-1.203,1.239
31.096,0.223,-0.249,-1.174,1.221
31.106,0.263,-0.284,-1.096,1.162
31.116,0.279,-0.330,-0.993,1.083
31.126,0.275,-0.373,-0.917,1.027
31.136,0.262,-0.417,-0.903,1.028
31.146,0.253,-0.449,-0.929,1.063
31.156,0.233,-0.431,-0.995,1.109
31.166,0.216,-0.383,-1.110,1.194
31.176,0.194,-0.333,-1.231,1.290
31.186,0.164,-0.310,-1.306,1.353
31.196,0.154,-0.293,-1.315,1.356
31.206,0.197,-0.300,-1.241,1.292
31.216,0.262,-0.352,-1.129,1.212
31.226,0.277,-0.407,-1.017,1.130
31.236,0.267,-0.435,-0.905,1.039
31.246,0.248,-0.444,-0.822,0.966
31.256,0.215,-0.443,-0.783,0.925
31.266,0.183,-0.434,-0.799,0.928
31.276,0.154,-0.408,-0.859,0.964
31.286,0.127,-0.370,-0.932,1.011
31.295,0.097,-0.343,-0.988,1.051
31.305,0.061,-0.325,-1.033,1.084
31.315,0.030,-0.312,-1.050,1.096
31.325,0.018,-0.310,-1.044,1.090
31.335,0.033,-0.311,-1.012,1.059
31.345,0.053,-0.327,-0.965,1.020
31.355,0.074,-0.350,-0.900,0.969
31.365,0.091,-0.371,-0.837,0.920
31.375,0.100,-0.385,-0.795,0.889
31.385,0.110,-0.387,-0.772,0.871
31.395,0.114,-0.383,-0.781,0.877
31.405,0.116,-0.370,-0.822,0.909
31.415,0.141,-0.362,-0.858,0.942
31.425,0.172,-0.360,-0.860,0.948
31.435,0.188,-0.361,-0.858,0.950
31.445,0.177,-0.358,-0.885,0.971
31.455,0.159,-0.347,-0.912,0.988
31.465,0.133,-0.333,-0.918,0.985
31.475,0.098,-0.317,-0.905,0.964
31.485,0.061,-0.307,-0.892,0.945
31.495,0.018,-0.319,-0.887,0.942
31.505,-0.009,-0.334,-0.872,0.934
31.515,0.000,-0.346,-0.893,0.958
31.525,0.019,-0.364,-0.956,1.023
31.535,0.040,-0.379,-1.029,1.097
31.545,0.076,-0.390,-1.077,1.148
31.555,0.110,-0.400,-1.071,1.149
31.565,0.135,-0.399,-1.021,1.104
31.575,0.141,-0.395,-0.944,1.033
31.585,0.136,-0.415,-0.890,0.991
31.595,0.142,-0.438,-0.866,0.981
31.605,0.145,-0.450,-0.862,0.983
31.615,0.144,-0.442,-0.871,0.988
31.624,0.134,-0.423,-0.879,0.984
31.634,0.121,-0.405,-0.867,0.965
31.645,0.110,-0.399,-0.829,0.926
31.654,0.116,-0.405,-0.764,0.873
31.664,0.112,-0.418,-0.697,0.821
31.674,0.109,-0.432,-0.637,0.778
31.684,0.116,-0.448,-0.592,0.751
31.694,0.109,-0.451,-0.566,0.732
31.704,0.104,-0.435,-0.570,0.724
31.714,0.094,-0.414,-0.613,0.746
31.724,0.074,-0.398,-0.682,0.793
31.734,0.058,-0.381,-0.742,0.837
31.744,0.039,-0.368,-0.794,0.876
31.754,0.024,-0.364,-0.831,0.908
31.764,0.015,-0.363,-0.824,0.901
31.774,0.017,-0.377,-0.773,0.860
31.784,0.027,-0.402,-0.733,0.836
31.794,0.044,-0.410,-0.735,0.843
31.804,0.054,-0.415,-0.756,0.864
31.814,0.056,-0.425,-0.777,0.887
31.824,0.063,-0.431,-0.789,0.901
31.834,0.070,-0.435,-0.795,0.909
31.844,0.077,-0.443,-0.800,0.918
31.854,0.088,-0.453,-0.809,0.932
31.864,0.103,-0.459,-0.830,0.954
31.874,0.106,-0.464,-0.851,0.975
31.884,0.105,-0.469,-0.874,0.998
31.894,0.089,-0.474,-0.911,1.031
31.904,0.064,-0.469,-0.954,1.065
31.913,0.035,-0.457,-0.999,1.099
31.924,0.006,-0.444,-1.032,1.123
31.933,-0.021,-0.435,-1.028,1.117
31.943,-0.037,-0.435,-0.986,1.078
31.953,-0.031,-0.460,-0.945,1.051
31.963,-0.022,-0.485,-0.947,1.064
31.973,0.002,-0.484,-0.986,1.098
31.983,0.016,-0.465,-1.030,1.130
31.993,0.020,-0.430,-1.047,1.132
32.003,0.011,-0.397,-1.052,1.124
32.013,0.008,-0.371,-1.075,1.137
32.023,0.005,-0.366,-1.103,1.162
32.033,-0.005,-0.359,-1.081,1.139
32.043,-0.022,-0.349,-0.997,1.056
32.053,-0.031,-0.351,-0.886,0.954
32.063,-0.010,-0.353,-0.794,0.869
32.073,0.022,-0.364,-0.772,0.854
32.083,0.039,-0.381,-0.845,0.927
32.093,0.067,-0.373,-0.971,1.043
32.103,0.097,-0.338,-1.071,1.128
32.113,0.103,-0.303,-1.099,1.145
32.123,0.089,-0.281,-1.063,1.103
32.133,0.063,-0.279,-0.982,1.022
32.143,0.048,-0.296,-0.897,0.946
32.153,0.057,-0.316,-0.846,0.905
32.163,0.089,-0.330,-0.841,0.908
32.173,0.117,-0.333,-0.880,0.948
32.183,0.126,-0.325,-0.927,0.990
32.193,0.121,-0.303,-0.963,1.017
32.203,0.101,-0.279,-0.993,1.036
32.213,0.081,-0.260,-1.011,1.047
32.223,0.072,-0.238,-1.018,1.048
32.233,0.084,-0.230,-1.018,1.047
32.243,0.122,-0.236,-0.989,1.024
32.253,0.181,-0.256,-0.940,0.991
32.263,0.211,-0.283,-0.881,0.949
32.272,0.225,-0.292,-0.821,0.900
32.282,0.231,-0.287,-0.790,0.872
32.292,0.232,-0.277,-0.799,0.877
32.302,0.234,-0.265,-0.830,0.902
32.312,0.236,-0.254,-0.845,0.914
32.322,0.229,-0.251,-0.845,0.911
32.332,0.215,-0.245,-0.832,0.893
32.342,0.205,-0.247,-0.803,0.865
32.352,0.209,-0.261,-0.785,0.853
32.362,0.222,-0.278,-0.807,0.882
32.372,0.229,-0.281,-0.837,0.912
32.382,0.226,-0.281,-0.834,0.908
32.392,0.218,-0.289,-0.799,0.877
32.402,0.204,-0.297,-0.791,0.869
32.412,0.194,-0.299,-0.835,0.908
32.422,0.203,-0.297,-0.893,0.963
32.432,0.209,-0.289,-0.941,1.006
32.442,0.200,-0.273,-0.997,1.052
32.452,0.187,-0.246,-1.049,1.093
32.462,0.174,-0.220,-1.110,1.145
32.472,0.157,-0.202,-1.215,1.242
32.482,0.126,-0.203,-1.308,1.329
32.492,0.150,-0.156,-1.380,1.397
32.502,0.162,-0.142,-1.382,1.398
32.512,0.146,-0.181,-1.313,1.333
32.522,0.130,-0.232,-1.157,1.188
32.532,0.147,-0.267,-0.978,1.025
32.542,0.158,-0.294,-0.841,0.905
32.552,0.113,-0.359,-0.748,0.837
32.562,0.104,-0.399,-0.737,0.845
32.572,0.126,-0.405,-0.798,0.904
32.582,0.151,-0.377,-0.899,0.987
32.592,0.154,-0.332,-1.002,1.067
32.602,0.141,-0.303,-1.072,1.123
32.612,0.129,-0.299,-1.093,1.141
32.621,0.131,-0.303,-1.067,1.117
32.632,0.148,-0.310,-1.003,1.061
32.641,0.171,-0.318,-0.933,1.000
32.651,0.178,-0.321,-0.885,0.958
32.661,0.162,-0.312,-0.852,0.921
32.671,0.141,-0.292,-0.833,0.894
32.681,0.124,-0.270,-0.847,0.897
32.691,0.115,-0.251,-0.891,0.933
32.701,0.108,-0.228,-0.948,0.981
32.711,0.102,-0.203,-0.993,1.018
32.721,0.107,-0.184,-1.002,1.025
32.731,0.122,-0.179,-0.990,1.013
32.741,0.121,-0.192,-0.957,0.984
32.751,0.115,-0.202,-0.906,0.935
32.761,0.114,-0.212,-0.840,0.874
32.771,0.122,-0.227,-0.798,0.839
32.781,0.123,-0.235,-0.792,0.835
32.791,0.104,-0.223,-0.797,0.834
32.801,0.079,-0.205,-0.805,0.834
32.811,0.060,-0.191,-0.820,0.844
32.821,0.056,-0.177,-0.877,0.896
32.831,0.056,-0.165,-0.974,0.990
32.841,0.047,-0.149,-1.056,1.068
32.851,0.019,-0.139,-1.093,1.102
32.861,-0.005,-0.136,-1.087,1.095
32.871,-0.023,-0.144,-1.064,1.074
32.881,-0.028,-0.166,-1.060,1.073
32.891,-0.016,-0.192,-1.041,1.058
32.901,-0.006,-0.214,-1.001,1.024
32.911,0.004,-0.230,-0.966,0.993
32.921,0.013,-0.242,-0.960,0.990
32.931,0.015,-0.248,-0.991,1.021
32.941,0.024,-0.250,-1.029,1.060
32.950,0.029,-0.243,-1.040,1.068
32.960,0.021,-0.234,-1.014,1.041
32.970,0.003,-0.227,-0.977,1.003
32.980,-0.006,-0.218,-0.969,0.993
32.990,0.005,-0.214,-0.985,1.008
33.000,0.017,-0.226,-1.017,1.042
33.010,0.032,-0.240,-1.044,1.072
33.020,0.046,-0.254,-1.043,1.075
33.030,0.057,-0.257,-1.018,1.051
33.040,0.062,-0.256,-0.992,1.026
33.050,0.070,-0.264,-0.966,1.004
33.060,0.040,-0.274,-0.982,1.020
33.070,0.009,-0.253,-1.055,1.085
33.080,-0.011,-0.206,-1.162,1.180
33.090,-0.030,-0.160,-1.253,1.264
33.100,-0.049,-0.147,-1.273,1.283
33.110,-0.063,-0.159,-1.211,1.223
33.120,-0.060,-0.182,-1.107,1.123
33.130,-0.038,-0.220,-1.011,1.036
33.140,-0.007,-0.243,-0.964,0.994
33.150,0.025,-0.251,-0.963,0.995
33.160,0.043,-0.253,-0.982,1.015
33.170,0.052,-0.243,-1.019,1.049
33.180,0.059,-0.222,-1.091,1.115
33.190,0.065,-0.197,-1.183,1.201
33.200,0.069,-0.177,-1.254,1.269
33.210,0.085,-0.162,-1.272,1.285
33.220,0.111,-0.158,-1.217,1.232
33.230,0.135,-0.170,-1.123,1.144
33.240,0.150,-0.191,-1.039,1.067
33.250,0.167,-0.202,-0.980,1.014
33.260,0.179,-0.205,-0.929,0.968
33.270,0.174,-0.199,-0.883,0.921
33.279,0.160,-0.189,-0.846,0.881
33.290,0.150,-0.180,-0.821,0.854
33.299,0.142,-0.171,-0.809,0.839
33.309,0.137,-0.165,-0.806,0.835
33.319,0.125,-0.162,-0.818,0.843
33.329,0.118,-0.156,-0.837,0.859
33.339,0.119,-0.155,-0.853,0.876
33.349,0.122,-0.157,-0.867,0.890
33.359,0.134,-0.158,-0.879,0.903
33.369,0.148,-0.157,-0.862,0.889
33.379,0.147,-0.155,-0.823,0.850
33.389,0.141,-0.162,-0.781,0.810
33.399,0.155,-0.174,-0.751,0.786
33.409,0.171,-0.178,-0.736,0.776
33.419,0.179,-0.177,-0.719,0.762
33.429,0.177,-0.175,-0.695,0.739
33.439,0.167,-0.178,-0.699,0.740
33.449,0.162,-0.178,-0.756,0.794
33.459,0.176,-0.170,-0.855,0.889
33.469,0.191,-0.158,-0.969,1.000
33.479,0.190,-0.150,-1.069,1.096
33.489,0.168,-0.140,-1.138,1.159
33.499,0.149,-0.125,-1.159,1.175
33.509,0.142,-0.117,-1.105,1.120
33.519,0.150,-0.125,-0.989,1.008
33.529,0.177,-0.150,-0.869,0.900
33.539,0.217,-0.172,-0.793,0.840
33.549,0.233,-0.198,-0.792,0.849
33.559,0.212,-0.243,-0.901,0.957
33.569,0.195,-0.236,-1.092,1.134
33.579,0.169,-0.165,-1.291,1.312
33.589,0.115,-0.123,-1.428,1.437
33.599,0.121,-0.068,-1.472,1.479
33.608,0.121,-0.046,-1.407,1.413
33.619,0.099,-0.113,-1.264,1.273
33.628,0.128,-0.156,-1.127,1.145
33.639,0.170,-0.178,-1.029,1.058
33.648,0.206,-0.199,-0.973,1.015
33.659,0.216,-0.205,-0.969,1.014
33.668,0.207,-0.179,-1.026,1.062
33.678,0.189,-0.137,-1.109,1.133
33.688,0.155,-0.109,-1.175,1.190
33.698,0.119,-0.095,-1.193,1.203
33.708,0.091,-0.086,-1.162,1.169
33.718,0.069,-0.098,-1.081,1.088
33.728,0.071,-0.114,-0.979,0.989
33.738,0.092,-0.136,-0.885,0.900
33.748,0.114,-0.160,-0.809,0.833
33.758,0.122,-0.180,-0.749,0.780
33.768,0.117,-0.193,-0.713,0.748
33.778,0.102,-0.189,-0.702,0.734
33.788,0.091,-0.167,-0.714,0.738
33.798,0.077,-0.148,-0.733,0.752
33.808,0.059,-0.144,-0.753,0.769
33.818,0.055,-0.144,-0.773,0.788
33.828,0.056,-0.152,-0.777,0.794
33.838,0.061,-0.161,-0.765,0.784
33.848,0.065,-0.171,-0.724,0.747
33.858,0.067,-0.182,-0.677,0.704
33.868,0.070,-0.193,-0.637,0.670
33.878,0.079,-0.206,-0.612,0.650
33.888,0.090,-0.220,-0.603,0.648
33.898,0.097,-0.232,-0.611,0.661
33.908,0.105,-0.238,-0.630,0.681
33.918,0.105,-0.235,-0.671,0.719
33.928,0.104,-0.231,-0.736,0.778
33.938,0.108,-0.225,-0.805,0.843
33.947,0.109,-0.225,-0.856,0.892
33.957,0.104,-0.228,-0.871,0.906
33.967,0.101,-0.232,-0.853,0.890
33.977,0.109,-0.238,-0.810,0.851
33.988,0.124,-0.256,-0.752,0.805
33.997,0.141,-0.283,-0.691,0.760
34.007,0.156,-0.303,-0.662,0.745
34.017,0.171,-0.307,-0.674,0.760
34.027,0.183,-0.295,-0.698,0.780
34.037,0.177,-0.280,-0.721,0.794
34.047,0.168,-0.268,-0.760,0.823
34.057,0.171,-0.254,-0.814,0.870
34.067,0.179,-0.243,-0.870,0.921
34.077,0.184,-0.233,-0.929,0.975
34.087,0.194,-0.216,-1.002,1.044
34.097,0.192,-0.198,-1.072,1.106
34.107,0.172,-0.177,-1.114,1.141
34.117,0.134,-0.158,-1.116,1.135
34.127,0.095,-0.144,-1.068,1.082
34.137,0.064,-0.152,-1.006,1.019
34.147,0.045,-0.181,-0.967,0.985
34.157,0.047,-0.221,-0.961,0.987
34.167,0.062,-0.245,-0.995,1.027
34.177,0.094,-0.259,-1.050,1.086
34.187,0.115,-0.274,-1.087,1.127
34.197,0.121,-0.279,-1.083,1.125
34.207,0.114,-0.279,-1.059,1.101
34.217,0.112,-0.286,-1.027,1.072
34.227,0.115,-0.301,-0.997,1.048
34.237,0.125,-0.318,-0.968,1.027
34.247,0.143,-0.330,-0.944,1.010
34.257,0.154,-0.338,-0.929,1.001
34.266,0.141,-0.343,-0.928,1.000
34.276,0.113,-0.338,-0.940,1.005
34.286,0.076,-0.321,-0.977,1.031
34.296,0.050,-0.299,-1.033,1.076
34.306,0.041,-0.293,-1.082,1.122
34.316,0.041,-0.294,-1.103,1.142
34.326,0.041,-0.296,-1.087,1.127
34.336,0.035,-0.303,-1.041,1.085
34.346,0.029,-0.309,-0.992,1.039
34.356,0.032,-0.309,-0.961,1.010
34.366,0.034,-0.316,-0.945,0.997
34.376,0.029,-0.318,-0.943,0.996
34.386,0.027,-0.311,-0.940,0.991
34.396,0.020,-0.313,-0.946,0.997
34.406,0.018,-0.315,-0.966,1.016
34.416,0.027,-0.312,-0.983,1.031
34.426,0.037,-0.316,-0.992,1.042
34.436,0.048,-0.321,-1.000,1.051
34.446,0.054,-0.318,-1.012,1.062
34.456,0.055,-0.306,-1.013,1.059
34.466,0.056,-0.296,-1.007,1.051
34.476,0.057,-0.288,-0.993,1.036
34.486,0.050,-0.274,-0.970,1.009
34.496,0.030,-0.257,-0.965,0.999
34.506,0.013,-0.250,-0.988,1.019
34.516,0.001,-0.247,-1.044,1.073
34.526,0.003,-0.244,-1.099,1.125
34.536,0.019,-0.247,-1.124,1.151
34.546,0.034,-0.253,-1.125,1.154
34.556,0.044,-0.258,-1.103,1.134
34.566,0.057,-0.263,-1.062,1.096
34.576,0.077,-0.278,-1.004,1.045
34.586,0.104,-0.308,-0.946,1.000
34.595,0.108,-0.333,-0.925,0.989
34.606,0.106,-0.340,-0.951,1.016
34.615,0.108,-0.352,-1.018,1.083
34.625,0.110,-0.370,-1.069,1.137
34.635,0.109,-0.376,-1.078,1.147
34.645,0.101,-0.376,-1.062,1.131
34.655,0.079,-0.380,-1.017,1.089
34.665,0.044,-0.391,-0.946,1.024
34.675,0.024,-0.396,-0.869,0.956
34.685,0.021,-0.410,-0.799,0.898
34.695,0.039,-0.431,-0.729,0.848
34.705,0.081,-0.460,-0.650,0.801
34.715,0.154,-0.461,-0.593,0.767
34.725,0.178,-0.509,-0.568,0.783
34.735,0.202,-0.524,-0.615,0.832
34.745,0.223,-0.463,-0.697,0.866
34.755,0.225,-0.398,-0.798,0.920
34.765,0.213,-0.364,-0.900,0.993
34.775,0.189,-0.336,-0.984,1.057
34.785,0.172,-0.303,-1.029,1.087
34.795,0.166,-0.279,-1.012,1.063
34.805,0.161,-0.276,-0.939,0.992
34.815,0.169,-0.289,-0.845,0.909
34.825,0.194,-0.304,-0.756,0.838
34.835,0.212,-0.316,-0.692,0.790
34.845,0.205,-0.314,-0.647,0.748
34.855,0.179,-0.297,-0.616,0.707
34.865,0.134,-0.270,-0.607,0.678
34.875,0.078,-0.235,-0.611,0.659
34.885,0.024,-0.205,-0.619,0.652
34.895,-0.007,-0.175,-0.617,0.642
34.905,0.007,-0.151,-0.614,0.632
34.915,0.039,-0.157,-0.622,0.642
34.925,0.073,-0.183,-0.621,0.651
34.935,0.097,-0.212,-0.614,0.657
34.944,0.103,-0.231,-0.634,0.682
34.955,0.129,-0.220,-0.680,0.726
34.964,0.149,-0.228,-0.772,0.819
34.974,0.152,-0.246,-0.895,0.941
34.984,0.146,-0.237,-0.994,1.033
34.994,0.136,-0.212,-1.022,1.053
35.004,0.104,-0.189,-0.968,0.992
35.014,0.016,-0.243,-0.846,0.880
35.024,-0.008,-0.289,-0.756,0.809
35.034,-0.002,-0.321,-0.753,0.818
35.044,-0.002,-0.368,-0.814,0.893
35.054,0.020,-0.392,-0.887,0.969
35.064,0.052,-0.376,-0.950,1.023
35.074,0.078,-0.365,-1.013,1.079
35.084,0.103,-0.381,-1.066,1.136
35.094,0.124,-0.392,-1.077,1.153
35.104,0.146,-0.394,-1.027,1.110
35.114,0.176,-0.405,-0.921,1.021
35.124,0.205,-0.420,-0.814,0.938
35.134,0.181,-0.448,-0.770,0.909
35.144,0.124,-0.488,-0.814,0.957
35.154,0.103,-0.463,-0.946,1.059
35.164,0.085,-0.418,-1.130,1.208
35.174,0.067,-0.372,-1.306,1.360
35.184,0.069,-0.334,-1.410,1.450
35.194,0.101,-0.281,-1.394,1.426
35.204,0.096,-0.270,-1.233,1.266
35.214,0.102,-0.302,-1.032,1.080
35.224,0.119,-0.329,-0.925,0.989
35.234,0.123,-0.338,-0.928,0.995
35.244,0.129,-0.327,-1.036,1.094
35.254,0.139,-0.275,-1.193,1.232
35.263,0.137,-0.221,-1.323,1.348
35.273,0.129,-0.192,-1.347,1.367
35.283,0.143,-0.160,-1.242,1.261
35.293,0.127,-0.179,-1.065,1.087
35.303,0.125,-0.218,-0.921,0.955
35.313,0.147,-0.253,-0.848,0.897
35.323,0.153,-0.298,-0.870,0.933
35.333,0.137,-0.325,-0.968,1.031
35.343,0.112,-0.330,-1.057,1.113
35.353,0.102,-0.319,-1.077,1.128
35.363,0.099,-0.313,-1.020,1.072
35.373,0.089,-0.309,-0.933,0.987
35.383,0.038,-0.344,-0.864,0.931
35.393,0.017,-0.407,-0.848,0.941
35.403,0.053,-0.442,-0.931,1.032
35.413,0.135,-0.438,-1.080,1.174
35.423,0.214,-0.425,-1.189,1.281
35.433,0.273,-0.405,-1.223,1.317
35.443,0.296,-0.395,-1.201,1.299
35.453,0.291,-0.398,-1.151,1.252
35.463,0.282,-0.403,-1.085,1.192
35.473,0.288,-0.407,-1.034,1.148
35.483,0.287,-0.391,-1.004,1.115
35.493,0.289,-0.360,-0.976,1.079
35.503,0.282,-0.331,-0.919,1.017
35.513,0.252,-0.310,-0.855,0.944
35.523,0.220,-0.293,-0.808,0.887
35.533,0.178,-0.274,-0.785,0.850
35.543,0.134,-0.247,-0.790,0.839
35.553,0.100,-0.225,-0.823,0.859
35.563,0.087,-0.221,-0.860,0.892
35.573,0.094,-0.225,-0.887,0.920
35.583,0.104,-0.241,-0.885,0.923
35.593,0.088,-0.259,-0.826,0.870
35.603,0.072,-0.251,-0.745,0.790
35.613,0.068,-0.235,-0.678,0.721
35.622,0.092,-0.229,-0.636,0.682
35.632,0.120,-0.234,-0.638,0.690
35.642,0.111,-0.240,-0.699,0.747
35.652,0.098,-0.226,-0.824,0.860
35.662,0.089,-0.211,-0.953,0.980
35.672,0.082,-0.203,-1.033,1.056
35.682,0.089,-0.182,-1.029,1.049
35.692,0.080,-0.156,-0.954,0.970
35.702,0.067,-0.131,-0.857,0.869
35.712,0.064,-0.136,-0.771,0.786
35.722,0.078,-0.138,-0.708,0.725
35.732,0.076,-0.156,-0.674,0.696
35.742,0.076,-0.192,-0.702,0.732
35.752,0.089,-0.239,-0.825,0.864
35.762,0.099,-0.284,-0.991,1.036
35.772,0.127,-0.298,-1.151,1.196
35.782,0.162,-0.270,-1.225,1.265
35.792,0.197,-0.201,-1.196,1.229
35.802,0.203,-0.168,-1.054,1.086
35.812,0.202,-0.187,-0.857,0.901
35.822,0.228,-0.213,-0.705,0.771
35.832,0.244,-0.305,-0.646,0.755
35.842,0.263,-0.399,-0.684,0.835
35.852,0.282,-0.410,-0.765,0.913
35.862,0.278,-0.395,-0.855,0.982
35.872,0.254,-0.376,-0.935,1.040
35.882,0.230,-0.377,-0.978,1.073
35.892,0.216,-0.392,-0.948,1.048
35.902,0.214,-0.409,-0.851,0.968
35.912,0.234,-0.434,-0.728,0.879
35.922,0.293,-0.457,-0.621,0.825
35.932,0.343,-0.502,-0.567,0.831
35.942,0.355,-0.561,-0.598,0.894
35.951,0.362,-0.576,-0.759,1.019
35.961,0.353,-0.527,-1.004,1.188
35.971,0.320,-0.446,-1.208,1.327
35.981,0.267,-0.364,-1.338,1.412
35.991,0.218,-0.278,-1.401,1.444
36.001,0.184,-0.252,-1.384,1.419
36.011,0.161,-0.298,-1.310,1.353
36.021,0.158,-0.351,-1.259,1.317
36.031,0.167,-0.382,-1.297,1.362
36.041,0.167,-0.403,-1.302,1.374
36.051,0.187,-0.385,-1.151,1.228
36.061,0.147,-0.384,-0.932,1.019
36.071,0.021,-0.441,-0.769,0.886
36.081,-0.071,-0.462,-0.728,0.865
36.091,-0.098,-0.435,-0.791,0.908
36.101,-0.047,-0.359,-0.960,1.026
36.111,-0.005,-0.289,-1.176,1.211
36.121,-0.005,-0.239,-1.350,1.371
36.131,0.023,-0.182,-1.432,1.444
36.141,0.021,-0.152,-1.348,1.357
36.151,-0.005,-0.180,-1.165,1.179
36.161,0.018,-0.187,-0.994,1.011
36.171,0.082,-0.166,-0.863,0.882
36.181,0.138,-0.163,-0.771,0.800
36.191,0.184,-0.178,-0.722,0.766
36.201,0.177,-0.209,-0.720,0.770
36.211,0.118,-0.226,-0.762,0.803
36.221,0.053,-0.204,-0.770,0.799
36.231,0.001,-0.153,-0.731,0.747
36.241,-0.043,-0.110,-0.678,0.688
36.250,-0.070,-0.102,-0.617,0.629
36.260,-0.048,-0.121,-0.550,0.565
36.270,0.026,-0.153,-0.486,0.510
36.280,0.120,-0.197,-0.432,0.490
36.290,0.196,-0.246,-0.396,0.506
36.300,0.244,-0.294,-0.415,0.564
36.310,0.271,-0.322,-0.516,0.666
36.320,0.281,-0.309,-0.637,0.762
36.330,0.270,-0.293,-0.752,0.851
36.340,0.232,-0.288,-0.872,0.947
36.350,0.216,-0.253,-0.989,1.043
36.360,0.216,-0.200,-1.068,1.108
36.370,0.206,-0.178,-1.090,1.123
36.380,0.164,-0.219,-1.091,1.125
36.390,0.143,-0.308,-1.129,1.179
36.400,0.158,-0.378,-1.227,1.293
36.410,0.193,-0.403,-1.335,1.407
36.420,0.244,-0.347,-1.390,1.453
36.430,0.266,-0.270,-1.324,1.377
36.440,0.246,-0.234,-1.127,1.177
36.450,0.207,-0.227,-0.868,0.920
36.460,0.157,-0.276,-0.671,0.742
36.470,0.187,-0.360,-0.621,0.742
36.480,0.254,-0.440,-0.747,0.904
36.490,0.310,-0.470,-0.948,1.103
36.500,0.351,-0.460,-1.098,1.241
36.510,0.358,-0.431,-1.118,1.251
36.520,0.319,-0.405,-1.006,1.130
36.530,0.292,-0.406,-0.814,0.956
36.540,0.296,-0.421,-0.703,0.871
36.550,0.325,-0.456,-0.758,0.943
36.560,0.358,-0.471,-0.994,1.157
36.570,0.385,-0.448,-1.274,1.404
36.580,0.337,-0.430,-1.486,1.583
36.590,0.298,-0.348,-1.591,1.656
36.600,0.255,-0.259,-1.547,1.589
36.610,0.163,-0.258,-1.398,1.431
36.619,0.122,-0.315,-1.254,1.299
36.629,0.148,-0.401,-1.187,1.261
36.639,0.179,-0.482,-1.190,1.296
36.649,0.189,-0.507,-1.173,1.292
36.659,0.178,-0.510,-1.079,1.207
36.669,0.151,-0.516,-0.902,1.050
36.679,0.127,-0.541,-0.702,0.895
36.689,0.095,-0.581,-0.564,0.816
36.699,0.057,-0.633,-0.512,0.816
36.709,0.062,-0.661,-0.520,0.844
36.719,0.099,-0.647,-0.604,0.891
36.729,0.164,-0.611,-0.763,0.991
36.739,0.210,-0.596,-0.913,1.110
36.749,0.238,-0.557,-0.978,1.150
36.759,0.225,-0.491,-0.996,1.133
36.769,0.175,-0.420,-0.987,1.087
36.779,0.132,-0.337,-0.952,1.019
36.789,0.127,-0.278,-0.909,0.959
36.799,0.122,-0.283,-0.896,0.948
36.809,0.118,-0.328,-0.946,1.008
36.819,0.164,-0.351,-1.022,1.093
36.829,0.218,-0.357,-1.117,1.192
36.839,0.240,-0.340,-1.239,1.307
36.849,0.238,-0.305,-1.327,1.383
36.859,0.238,-0.238,-1.348,1.389
36.869,0.210,-0.194,-1.288,1.319
36.879,0.174,-0.223,-1.158,1.192
36.889,0.153,-0.287,-1.029,1.079
36.899,0.147,-0.332,-0.967,1.033
36.909,0.143,-0.361,-0.976,1.050
36.919,0.154,-0.370,-1.035,1.110
36.928,0.174,-0.339,-1.123,1.186
36.938,0.171,-0.288,-1.199,1.245
36.949,0.164,-0.234,-1.198,1.232
36.958,0.150,-0.185,-1.092,1.118
36.968,0.077,-0.182,-0.952,0.972
36.978,0.003,-0.230,-0.894,0.923
36.988,-0.005,-0.285,-0.935,0.977
36.998,0.044,-0.310,-1.052,1.098
37.008,0.130,-0.289,-1.163,1.205
37.018,0.202,-0.240,-1.171,1.213
37.028,0.214,-0.208,-1.114,1.153
37.038,0.194,-0.202,-0.994,1.033
37.048,0.200,-0.224,-0.874,0.924
37.058,0.218,-0.272,-0.837,0.907
37.068,0.269,-0.316,-0.874,0.967
37.078,0.324,-0.341,-0.923,1.036
37.088,0.366,-0.359,-0.932,1.064
37.098,0.384,-0.351,-0.957,1.089
37.108,0.378,-0.318,-1.022,1.135
37.118,0.338,-0.280,-1.114,1.198
37.128,0.292,-0.242,-1.187,1.247
37.138,0.257,-0.219,-1.211,1.257
37.148,0.224,-0.213,-1.180,1.220
37.158,0.201,-0.220,-1.096,1.136
37.168,0.186,-0.246,-0.993,1.040
37.178,0.177,-0.275,-0.909,0.966
37.188,0.162,-0.292,-0.885,0.946
37.198,0.150,-0.298,-0.929,0.987
37.208,0.148,-0.280,-0.993,1.042
37.218,0.141,-0.254,-1.026,1.067
37.228,0.125,-0.234,-1.032,1.066
37.238,0.114,-0.222,-1.003,1.034
37.248,0.121,-0.228,-0.944,0.979
37.257,0.132,-0.244,-0.895,0.937
37.268,0.147,-0.260,-0.875,0.925
37.278,0.167,-0.260,-0.873,0.926
37.288,0.173,-0.246,-0.884,0.934
37.297,0.162,-0.225,-0.918,0.959
37.307,0.158,-0.208,-0.955,0.990
37.318,0.165,-0.205,-0.974,1.008
37.327,0.181,-0.201,-0.960,0.997
37.337,0.186,-0.201,-0.912,0.952
37.347,0.182,-0.216,-0.864,0.910
37.357,0.182,-0.231,-0.844,0.893
37.367,0.175,-0.225,-0.885,0.929
37.377,0.174,-0.209,-0.956,0.994
37.387,0.159,-0.192,-1.004,1.035
37.397,0.132,-0.178,-1.006,1.030
37.407,0.112,-0.172,-0.975,0.996
37.417,0.097,-0.172,-0.946,0.967
37.427,0.083,-0.187,-0.943,0.965
37.437,0.073,-0.210,-0.950,0.975
37.447,0.066,-0.232,-0.958,0.988
37.457,0.060,-0.250,-0.975,1.009
37.467,0.077,-0.252,-0.970,1.005
37.477,0.097,-0.249,-0.929,0.967
37.487,0.104,-0.260,-0.856,0.901
37.497,0.095,-0.278,-0.792,0.845
37.507,0.080,-0.292,-0.760,0.818
37.517,0.066,-0.311,-0.771,0.834
37.527,0.068,-0.325,-0.845,0.908
37.537,0.088,-0.299,-0.946,0.996
37.547,0.095,-0.270,-1.032,1.071
37.557,0.088,-0.245,-1.084,1.115
37.567,0.084,-0.222,-1.076,1.102
37.577,0.081,-0.224,-1.003,1.031
37.587,0.067,-0.251,-0.913,0.949
37.596,0.047,-0.266,-0.876,0.916
37.607,0.029,-0.259,-0.917,0.953
37.617,0.025,-0.229,-0.995,1.021
37.626,0.018,-0.184,-1.054,1.070
37.636,0.009,-0.149,-1.072,1.082
37.646,-0.002,-0.121,-1.043,1.050
37.656,0.007,-0.113,-0.968,0.974
37.666,0.053,-0.127,-0.899,0.910
37.676,0.098,-0.172,-0.875,0.897
37.686,0.122,-0.218,-0.881,0.915
37.696,0.159,-0.221,-0.909,0.949
37.706,0.191,-0.211,-0.936,0.979
37.716,0.208,-0.224,-0.936,0.985
37.726,0.230,-0.233,-0.904,0.961
37.736,0.240,-0.243,-0.847,0.914
37.746,0.236,-0.264,-0.779,0.856
37.756,0.222,-0.284,-0.730,0.814
37.766,0.202,-0.284,-0.738,0.816
37.776,0.182,-0.284,-0.792,0.861
37.786,0.162,-0.281,-0.869,0.928
37.796,0.139,-0.266,-0.942,0.989
37.806,0.131,-0.238,-0.962,1.000
37.816,0.111,-0.217,-0.912,0.944
37.826,0.084,-0.228,-0.830,0.864
37.836,0.072,-0.255,-0.746,0.792
37.846,0.083,-0.278,-0.693,0.751
37.856,0.097,-0.300,-0.668,0.739
37.866,0.091,-0.322,-0.662,0.742
37.876,0.073,-0.321,-0.673,0.749
37.886,0.046,-0.312,-0.699,0.767
37.896,0.025,-0.294,-0.724,0.782
37.906,0.016,-0.285,-0.746,0.799
37.916,0.022,-0.297,-0.762,0.818
37.926,0.043,-0.304,-0.762,0.821
37.935,0.062,-0.311,-0.748,0.813
37.946,0.085,-0.313,-0.739,0.807
37.956,0.114,-0.301,-0.734,0.802
37.965,0.139,-0.287,-0.734,0.800
37.976,0.154,-0.284,-0.738,0.806
37.985,0.164,-0.275,-0.749,0.815
37.995,0.157,-0.256,-0.781,0.837
38.005,0.140,-0.223,-0.836,0.877
38.015,0.143,-0.195,-0.929,0.960
38.025,0.138,-0.179,-1.004,1.029
38.035,0.110,-0.173,-1.056,1.076
38.045,0.120,-0.164,-1.106,1.124
38.055,0.158,-0.172,-1.117,1.141
38.065,0.205,-0.206,-1.084,1.122
38.075,0.233,-0.239,-1.056,1.107
38.085,0.236,-0.247,-1.012,1.068
38.095,0.213,-0.243,-0.939,0.994
38.105,0.161,-0.253,-0.875,0.925
38.115,0.092,-0.268,-0.850,0.896
38.125,0.046,-0.274,-0.891,0.933
38.135,0.016,-0.282,-0.977,1.017
38.145,0.011,-0.290,-1.069,1.108
38.155,0.017,-0.293,-1.133,1.171
38.165,0.022,-0.297,-1.159,1.196
38.175,0.022,-0.300,-1.127,1.167
38.185,0.021,-0.305,-1.029,1.073
38.195,0.038,-0.325,-0.917,0.974
38.205,0.060,-0.344,-0.859,0.927
38.215,0.080,-0.354,-0.846,0.920
38.225,0.115,-0.354,-0.871,0.947
38.235,0.149,-0.342,-0.929,1.001
38.245,0.150,-0.339,-0.981,1.049
38.255,0.120,-0.335,-1.013,1.074
38.264,0.076,-0.327,-1.028,1.081
38.275,0.026,-0.320,-1.035,1.084
38.284,-0.017,-0.318,-1.041,1.089
38.294,-0.045,-0.323,-1.049,1.098
38.304,-0.046,-0.331,-1.036,1.089
38.314,-0.028,-0.350,-1.006,1.065
38.324,-0.003,-0.377,-0.967,1.038
38.334,0.015,-0.398,-0.938,1.019
38.344,0.013,-0.401,-0.940,1.022
38.354,0.013,-0.386,-0.936,1.013
38.364,0.023,-0.363,-0.901,0.972
38.374,0.037,-0.356,-0.859,0.931
38.384,0.051,-0.354,-0.848,0.921
38.394,0.074,-0.347,-0.869,0.938
38.404,0.099,-0.336,-0.899,0.965
38.414,0.116,-0.324,-0.932,0.994
38.424,0.126,-0.306,-0.953,1.009
38.434,0.120,-0.288,-0.948,0.998
38.444,0.106,-0.274,-0.934,0.979
38.454,0.118,-0.267,-0.924,0.969
38.464,0.137,-0.264,-0.930,0.976
38.474,0.165,-0.272,-0.967,1.018
38.484,0.188,-0.274,-1.004,1.058
38.494,0.174,-0.273,-1.054,1.103
38.504,0.137,-0.269,-1.092,1.133
38.514,0.098,-0.267,-1.098,1.134
38.524,0.065,-0.266,-1.059,1.094
38.534,0.033,-0.273,-0.990,1.028
38.544,0.018,-0.310,-0.915,0.966
38.554,0.002,-0.351,-0.845,0.915
38.564,-0.035,-0.363,-0.790,0.870
38.574,-0.095,-0.376,-0.775,0.866
38.584,-0.165,-0.385,-0.791,0.895
38.594,-0.181,-0.372,-0.836,0.933
38.604,-0.152,-0.344,-0.916,0.990
38.614,-0.094,-0.345,-0.989,1.051
38.623,-0.022,-0.359,-1.022,1.083
38.633,0.038,-0.367,-1.018,1.083
38.643,0.080,-0.366,-0.998,1.066
38.653,0.110,-0.365,-0.974,1.046
38.663,0.124,-0.374,-0.957,1.035
38.673,0.142,-0.385,-0.945,1.030
38.683,0.169,-0.387,-0.940,1.031
38.693,0.190,-0.379,-0.938,1.029
38.703,0.210,-0.369,-0.932,1.024
38.713,0.226,-0.356,-0.912,1.005
38.723,0.246,-0.351,-0.872,0.971
38.733,0.257,-0.354,-0.837,0.944
38.743,0.247,-0.351,-0.836,0.940
38.753,0.232,-0.333,-0.876,0.965
38.763,0.206,-0.314,-0.923,0.997
38.773,0.177,-0.302,-0.927,0.991
38.783,0.145,-0.294,-0.900,0.958
38.793,0.121,-0.289,-0.860,0.915
38.803,0.114,-0.294,-0.816,0.875
38.813,0.121,-0.298,-0.796,0.858
38.823,0.122,-0.294,-0.813,0.874
38.833,0.099,-0.292,-0.859,0.913
38.843,0.072,-0.290,-0.885,0.934
38.853,0.046,-0.288,-0.872,0.920
38.863,0.020,-0.295,-0.836,0.887
38.873,-0.001,-0.311,-0.802,0.860
38.883,0.000,-0.328,-0.779,0.845
38.893,0.014,-0.347,-0.780,0.853
38.903,0.045,-0.348,-0.821,0.893
38.913,0.078,-0.337,-0.908,0.972
38.923,0.080,-0.322,-1.022,1.075
38.932,0.071,-0.305,-1.132,1.174
38.942,0.085,-0.291,-1.191,1.229
38.952,0.102,-0.285,-1.187,1.225
38.962,0.110,-0.289,-1.134,1.175
38.973,0.126,-0.317,-1.066,1.119
38.982,0.149,-0.377,-1.039,1.115
38.992,0.182,-0.463,-1.060,1.171
39.002,0.181,-0.544,-1.088,1.229
39.012,0.133,-0.567,-1.084,1.230
39.022,0.057,-0.554,-1.079,1.214
39.032,0.005,-0.516,-1.141,1.253
39.042,0.006,-0.455,-1.300,1.377
39.052,0.050,-0.402,-1.517,1.570
39.062,0.078,-0.388,-1.705,1.751
39.072,0.134,-0.346,-1.840,1.877
39.082,0.194,-0.316,-1.820,1.858
39.092,0.183,-0.353,-1.628,1.676
39.102,0.164,-0.395,-1.343,1.410
39.112,0.159,-0.430,-1.067,1.162
39.122,0.163,-0.462,-0.867,0.995
39.132,0.183,-0.481,-0.724,0.888
39.142,0.232,-0.465,-0.637,0.822
39.152,0.273,-0.455,-0.606,0.805
39.162,0.281,-0.456,-0.630,0.827
39.172,0.281,-0.438,-0.706,0.877
39.182,0.257,-0.400,-0.854,0.978
39.192,0.237,-0.321,-1.025,1.099
39.202,0.196,-0.261,-1.127,1.173
39.212,0.165,-0.227,-1.153,1.187
39.222,0.153,-0.182,-1.127,1.152
39.232,0.124,-0.183,-1.035,1.059
39.242,0.099,-0.202,-0.900,0.928
39.252,0.106,-0.209,-0.763,0.798
39.262,0.127,-0.228,-0.673,0.722
39.272,0.137,-0.245,-0.672,0.729
39.281,0.137,-0.231,-0.733,0.781
39.291,0.140,-0.200,-0.804,0.840
39.301,0.148,-0.163,-0.854,0.882
39.311,0.166,-0.139,-0.893,0.919
39.321,0.165,-0.130,-0.934,0.958
39.331,0.164,-0.116,-0.985,1.005
39.342,0.171,-0.110,-1.029,1.049
39.351,0.187,-0.110,-1.068,1.090
39.361,0.198,-0.120,-1.075,1.100
39.371,0.219,-0.112,-1.030,1.059
39.381,0.231,-0.121,-0.921,0.957
39.391,0.231,-0.125,-0.800,0.843
39.401,0.215,-0.126,-0.760,0.800
39.411,0.171,-0.144,-0.834,0.863
39.421,0.127,-0.161,-0.980,1.001
39.431,0.096,-0.166,-1.109,1.125
39.441,0.068,-0.166,-1.194,1.207
39.451,0.059,-0.176,-1.248,1.262
39.461,0.072,-0.195,-1.241,1.259
39.471,0.102,-0.217,-1.170,1.194
39.481,0.144,-0.251,-1.080,1.118
39.491,0.181,-0.289,-1.033,1.088
39.501,0.210,-0.301,-1.039,1.102
39.511,0.225,-0.288,-1.067,1.128
39.521,0.218,-0.282,-1.074,1.131
39.531,0.198,-0.282,-1.045,1.100
39.541,0.167,-0.271,-0.998,1.047
39.551,0.127,-0.263,-0.952,0.996
39.561,0.101,-0.269,-0.912,0.956
39.571,0.090,-0.278,-0.885,0.932
39.581,0.080,-0.288,-0.885,0.934
39.591,0.085,-0.298,-0.908,0.959
39.600,0.091,-0.305,-0.937,0.989
39.611,0.090,-0.321,-0.943,1.000
39.621,0.084,-0.328,-0.906,0.967
39.630,0.073,-0.319,-0.845,0.906
39.640,0.062,-0.317,-0.779,0.843
39.650,0.052,-0.314,-0.736,0.802
39.660,0.039,-0.302,-0.721,0.783
39.670,0.026,-0.296,-0.726,0.785
39.680,0.016,-0.289,-0.750,0.804
39.690,0.003,-0.279,-0.803,0.851
39.700,-0.001,-0.263,-0.864,0.903
39.710,0.010,-0.250,-0.905,0.939
39.720,0.024,-0.249,-0.919,0.953
39.730,0.032,-0.246,-0.911,0.944
39.740,0.038,-0.243,-0.889,0.922
39.750,0.048,-0.246,-0.873,0.908
39.760,0.073,-0.254,-0.873,0.912
39.770,0.103,-0.262,-0.905,0.948
39.780,0.110,-0.266,-0.989,1.030
39.790,0.107,-0.266,-1.117,1.153
39.800,0.114,-0.256,-1.247,1.278
39.810,0.116,-0.248,-1.298,1.327
39.820,0.136,-0.214,-1.271,1.296
39.830,0.111,-0.229,-1.148,1.176
39.840,0.090,-0.272,-0.985,1.026
39.850,0.107,-0.284,-0.858,0.910
39.860,0.118,-0.305,-0.792,0.857
39.870,0.123,-0.337,-0.778,0.856
39.880,0.128,-0.334,-0.813,0.888
39.890,0.129,-0.306,-0.882,0.943
39.900,0.122,-0.266,-0.964,1.008
39.909,0.112,-0.219,-1.049,1.077
39.920,0.093,-0.193,-1.127,1.147
39.930,0.064,-0.181,-1.172,1.188
39.939,0.065,-0.143,-1.180,1.190
39.950,0.072,-0.130,-1.126,1.136
39.959,0.066,-0.164,-1.009,1.025
39.970,0.056,-0.196,-0.875,0.899
39.979,0.054,-0.211,-0.766,0.796
39.989,0.026,-0.238,-0.687,0.728
39.999,-0.005,-0.254,-0.649,0.697
40.009,-0.028,-0.246,-0.667,0.712
40.019,-0.020,-0.227,-0.740,0.774
40.029,0.004,-0.202,-0.820,0.845
40.039,0.046,-0.180,-0.898,0.917
40.049,0.100,-0.177,-0.977,0.998
40.059,0.147,-0.185,-1.051,1.078
40.069,0.169,-0.189,-1.108,1.137
40.079,0.169,-0.185,-1.144,1.172
40.089,0.186,-0.158,-1.160,1.185
40.099,0.185,-0.148,-1.138,1.162
40.109,0.172,-0.166,-1.082,1.108
40.119,0.170,-0.188,-1.012,1.043
40.129,0.173,-0.208,-0.947,0.985
40.139,0.175,-0.223,-0.901,0.945
40.149,0.170,-0.224,-0.866,0.911
40.159,0.153,-0.221,-0.844,0.886
40.169,0.130,-0.214,-0.830,0.867
40.179,0.111,-0.205,-0.811,0.844
40.189,0.098,-0.202,-0.788,0.819
40.199,0.101,-0.206,-0.771,0.805
40.209,0.111,-0.211,-0.753,0.790
40.219,0.118,-0.217,-0.741,0.781
40.229,0.120,-0.218,-0.740,0.781
40.239,0.109,-0.218,-0.741,0.780
40.249,0.094,-0.221,-0.734,0.772
40.258,0.078,-0.231,-0.730,0.769
40.269,0.063,-0.241,-0.738,0.779
40.279,0.060,-0.247,-0.755,0.797
40.289,0.064,-0.253,-0.759,0.803
40.298,0.056,-0.248,-0.753,0.795
40.308,0.037,-0.237,-0.756,0.794
40.318,0.017,-0.229,-0.789,0.821
40.328,0.017,-0.218,-0.844,0.872
40.338,0.032,-0.218,-0.922,0.948
40.348,0.037,-0.221,-0.994,1.019
40.358,0.029,-0.212,-1.049,1.071
40.368,0.017,-0.202,-1.069,1.088
40.378,-0.004,-0.201,-1.047,1.066
40.388,-0.024,-0.204,-0.991,1.012
40.398,-0.025,-0.216,-0.913,0.939
40.408,-0.012,-0.246,-0.841,0.876
40.418,0.005,-0.278,-0.800,0.847
40.428,0.025,-0.290,-0.798,0.850
40.438,0.046,-0.277,-0.828,0.874
40.448,0.055,-0.255,-0.881,0.919
40.458,0.051,-0.231,-0.960,0.989
40.468,0.032,-0.210,-1.041,1.063
40.478,0.046,-0.196,-1.104,1.123
40.488,0.085,-0.197,-1.164,1.183
40.498,0.120,-0.200,-1.210,1.232
40.508,0.148,-0.213,-1.219,1.247
40.518,0.173,-0.241,-1.191,1.228
40.528,0.184,-0.268,-1.129,1.174
40.538,0.179,-0.296,-1.033,1.089
40.548,0.163,-0.329,-0.915,0.986
40.558,0.132,-0.359,-0.816,0.901
40.568,0.090,-0.372,-0.779,0.868
40.578,0.044,-0.402,-0.802,0.898
40.588,0.036,-0.399,-0.907,0.991
40.598,0.060,-0.367,-1.069,1.132
40.607,0.094,-0.342,-1.223,1.273
40.618,0.116,-0.324,-1.307,1.351
40.628,0.158,-0.294,-1.316,1.358
40.637,0.181,-0.294,-1.270,1.316
40.647,0.181,-0.329,-1.203,1.261
40.657,0.192,-0.326,-1.134,1.196
40.667,0.209,-0.317,-1.065,1.131
40.677,0.215,-0.326,-1.000,1.073
40.687,0.218,-0.329,-0.961,1.039
40.697,0.216,-0.322,-0.974,1.048
40.707,0.213,-0.307,-1.021,1.087
40.717,0.201,-0.289,-1.073,1.129
40.727,0.197,-0.271,-1.104,1.154
40.737,0.194,-0.262,-1.083,1.131
40.747,0.183,-0.257,-1.016,1.063
40.757,0.164,-0.260,-0.920,0.970
40.767,0.152,-0.266,-0.840,0.894
40.777,0.149,-0.269,-0.785,0.843
40.787,0.138,-0.260,-0.753,0.809
40.797,0.122,-0.236,-0.737,0.783
40.807,0.106,-0.220,-0.731,0.771
40.817,0.091,-0.214,-0.734,0.770
40.827,0.083,-0.204,-0.751,0.782
40.837,0.079,-0.186,-0.785,0.810
40.847,0.075,-0.168,-0.822,0.842
40.857,0.071,-0.159,-0.849,0.866
40.867,0.075,-0.151,-0.861,0.878
40.877,0.082,-0.142,-0.868,0.883
40.887,0.094,-0.135,-0.877,0.892
40.897,0.111,-0.133,-0.892,0.908
40.907,0.114,-0.137,-0.900,0.917
40.917,0.116,-0.133,-0.886,0.903
40.927,0.106,-0.127,-0.851,0.867
40.937,0.092,-0.125,-0.816,0.830
40.947,0.086,-0.126,-0.789,0.804
40.956,0.087,-0.138,-0.782,0.799
40.966,0.089,-0.150,-0.798,0.817
40.976,0.096,-0.154,-0.825,0.845
40.986,0.102,-0.159,-0.859,0.880
40.996,0.103,-0.160,-0.895,0.915
41.006,0.100,-0.157,-0.922,0.940
41.016,0.101,-0.162,-0.935,0.954
41.026,0.113,-0.177,-0.938,0.961
41.036,0.138,-0.188,-0.935,0.963
41.046,0.173,-0.201,-0.917,0.954
41.056,0.205,-0.227,-0.891,0.942
41.066,0.232,-0.255,-0.867,0.933
41.076,0.240,-0.269,-0.861,0.933
41.086,0.237,-0.273,-0.864,0.937
41.096,0.222,-0.274,-0.860,0.929
41.106,0.196,-0.272,-0.860,0.923
41.116,0.177,-0.264,-0.899,0.953
41.126,0.155,-0.258,-0.974,1.019
41.136,0.125,-0.249,-1.063,1.099
41.146,0.050,-0.265,-1.172,1.203
41.156,-0.098,-0.307,-1.285,1.325
41.166,-0.187,-0.298,-1.361,1.406
41.176,-0.176,-0.239,-1.299,1.333
41.186,-0.135,-0.215,-1.088,1.118
41.196,-0.055,-0.241,-0.871,0.905
41.206,0.022,-0.317,-0.733,0.799
41.216,0.081,-0.360,-0.686,0.779
41.226,0.112,-0.342,-0.759,0.840
41.236,0.122,-0.289,-0.947,0.998
41.246,0.099,-0.234,-1.131,1.160
41.256,0.062,-0.188,-1.259,1.275
41.266,0.000,-0.147,-1.306,1.314
41.276,-0.075,-0.141,-1.224,1.234
41.285,-0.125,-0.182,-1.052,1.075
41.295,-0.113,-0.220,-0.888,0.922
41.306,-0.112,-0.287,-0.756,0.817
41.315,-0.087,-0.344,-0.674,0.762
41.325,-0.037,-0.385,-0.656,0.761
41.336,0.016,-0.412,-0.697,0.810
41.345,0.062,-0.402,-0.804,0.901
41.355,0.081,-0.365,-0.920,0.993
41.365,0.083,-0.343,-0.996,1.057
41.375,0.083,-0.333,-1.032,1.088
41.385,0.093,-0.323,-1.045,1.098
41.395,0.114,-0.334,-1.048,1.106
41.405,0.131,-0.353,-1.044,1.110
41.415,0.139,-0.364,-1.039,1.110
41.425,0.116,-0.362,-1.039,1.106
41.435,0.062,-0.344,-1.043,1.100
41.445,-0.005,-0.317,-1.044,1.092
41.455,-0.061,-0.298,-1.028,1.072
41.465,-0.087,-0.291,-0.998,1.043
41.475,-0.075,-0.288,-0.975,1.019
41.485,-0.045,-0.293,-0.957,1.002
41.495,-0.024,-0.301,-0.941,0.988
41.505,-0.012,-0.296,-0.936,0.982
41.515,-0.002,-0.282,-0.937,0.978
41.525,0.000,-0.260,-0.933,0.968
41.535,0.002,-0.233,-0.923,0.952
41.545,-0.006,-0.208,-0.921,0.945
41.555,-0.013,-0.186,-0.926,0.945
41.565,-0.010,-0.167,-0.941,0.956
41.575,0.004,-0.158,-0.990,1.003
41.585,0.014,-0.153,-1.049,1.060
41.595,0.028,-0.132,-1.080,1.088
41.605,0.033,-0.115,-1.085,1.092
41.615,0.026,-0.125,-1.057,1.065
41.624,0.012,-0.145,-1.005,1.016
41.635,-0.015,-0.175,-0.948,0.964
41.644,-0.042,-0.189,-0.916,0.936
41.654,-0.066,-0.181,-0.886,0.907
41.664,-0.085,-0.176,-0.834,0.857
41.674,-0.107,-0.196,-0.792,0.822
41.684,-0.122,-0.222,-0.791,0.830
41.694,-0.131,-0.248,-0.826,0.872
41.704,-0.095,-0.252,-0.854,0.896
41.714,0.007,-0.234,-0.848,0.880
41.724,0.170,-0.215,-0.863,0.906
41.734,0.324,-0.233,-1.007,1.083
41.744,0.424,-0.234,-1.251,1.341
41.754,0.484,-0.177,-1.491,1.577
41.764,0.499,-0.092,-1.628,1.705
41.774,0.442,-0.052,-1.628,1.687
41.784,0.357,-0.063,-1.513,1.555
41.794,0.297,-0.113,-1.341,1.378
41.804,0.249,-0.172,-1.205,1.243
41.814,0.208,-0.201,-1.118,1.155
41.824,0.158,-0.227,-1.045,1.081
41.834,0.107,-0.257,-0.987,1.026
41.844,0.076,-0.267,-0.934,0.974
41.854,0.048,-0.252,-0.902,0.938
41.864,0.036,-0.222,-0.886,0.914
41.874,0.042,-0.202,-0.847,0.872
41.884,0.063,-0.196,-0.775,0.801
41.894,0.093,-0.212,-0.713,0.750
41.904,0.120,-0.229,-0.691,0.737
41.914,0.150,-0.220,-0.694,0.744
41.924,0.174,-0.205,-0.682,0.733
41.934,0.188,-0.177,-0.674,0.722
41.944,0.175,-0.155,-0.692,0.730
41.954,0.139,-0.143,-0.710,0.738
41.964,0.098,-0.132,-0.723,0.742
41.973,0.062,-0.113,-0.736,0.747
41.983,0.044,-0.093,-0.748,0.755
41.993,0.053,-0.079,-0.771,0.777
42.004,0.104,-0.064,-0.796,0.805
42.013,0.180,-0.065,-0.837,0.859
42.023,0.217,-0.068,-0.859,0.889
42.033,0.218,-0.042,-0.870,0.898
42.043,0.213,-0.021,-0.862,0.888
42.053,0.219,-0.013,-0.854,0.882
42.063,0.254,-0.010,-0.831,0.869
42.073,0.294,-0.029,-0.802,0.855
42.083,0.286,-0.082,-0.765,0.821
42.093,0.267,-0.123,-0.751,0.806
42.103,0.239,-0.156,-0.821,0.870
42.113,0.179,-0.164,-0.906,0.938
42.123,0.115,-0.160,-0.921,0.942
42.133,0.040,-0.182,-0.910,0.929
42.143,-0.045,-0.220,-0.892,0.920
42.153,-0.086,-0.240,-0.889,0.924
42.163,-0.069,-0.233,-0.925,0.957
42.173,0.002,-0.209,-0.994,1.016
42.183,0.080,-0.217,-1.037,1.062
42.193,0.141,-0.230,-1.040,1.074
42.203,0.199,-0.223,-0.993,1.037
42.213,0.271,-0.222,-0.909,0.974
42.223,0.325,-0.228,-0.842,0.931
42.233,0.360,-0.261,-0.758,0.878
42.243,0.359,-0.296,-0.760,0.891
42.253,0.321,-0.299,-0.908,1.008
42.263,0.240,-0.327,-1.071,1.146
42.273,0.127,-0.375,-1.205,1.268
42.283,0.056,-0.387,-1.294,1.352
42.293,0.033,-0.367,-1.342,1.391
42.302,0.048,-0.366,-1.344,1.394
42.312,0.076,-0.396,-1.332,1.392
42.323,0.107,-0.427,-1.299,1.371
42.332,0.160,-0.459,-1.234,1.326
42.342,0.192,-0.478,-1.165,1.273
42.352,0.188,-0.496,-1.101,1.222
42.362,0.166,-0.500,-1.036,1.162
42.372,0.147,-0.466,-0.988,1.102
42.382,0.132,-0.407,-0.967,1.057
42.392,0.122,-0.351,-0.974,1.043
42.402,0.122,-0.312,-0.995,1.050
42.412,0.115,-0.271,-0.998,1.040
42.422,0.096,-0.232,-0.979,1.011
42.432,0.072,-0.195,-0.947,0.970
42.442,0.058,-0.164,-0.905,0.922
42.452,0.040,-0.153,-0.851,0.865
42.462,0.019,-0.162,-0.781,0.798
42.472,0.023,-0.179,-0.741,0.762
42.482,0.054,-0.206,-0.772,0.801
42.492,0.101,-0.228,-0.867,0.902
42.502,0.135,-0.232,-0.951,0.988
42.512,0.130,-0.230,-1.010,1.044
42.522,0.102,-0.236,-1.046,1.077
42.532,0.063,-0.250,-1.057,1.088
42.542,0.018,-0.283,-1.031,1.069
42.552,-0.012,-0.313,-0.979,1.028
42.562,-0.039,-0.316,-0.961,1.012
42.572,-0.081,-0.321,-0.973,1.027
42.582,-0.113,-0.326,-1.012,1.069
42.592,-0.127,-0.342,-1.067,1.127
42.602,-0.133,-0.366,-1.094,1.162
42.611,-0.160,-0.373,-1.074,1.148
42.622,-0.192,-0.358,-1.018,1.096
42.631,-0.207,-0.345,-0.946,1.028
42.641,-0.205,-0.336,-0.896,0.979
42.651,-0.167,-0.331,-0.873,0.948
42.661,-0.133,-0.329,-0.888,0.956
42.671,-0.097,-0.293,-0.933,0.983
42.681,-0.041,-0.242,-0.976,1.006
42.691,0.020,-0.222,-0.986,1.010
42.701,0.058,-0.218,-0.980,1.005
42.711,0.097,-0.212,-0.979,1.007
42.721,0.142,-0.201,-0.984,1.015
42.731,0.160,-0.186,-1.033,1.062
42.741,0.166,-0.157,-1.135,1.158
42.751,0.165,-0.137,-1.261,1.279
42.761,0.176,-0.108,-1.367,1.382
42.771,0.201,-0.067,-1.412,1.428
42.781,0.213,-0.067,-1.384,1.402
42.791,0.212,-0.091,-1.270,1.291
42.801,0.221,-0.106,-1.092,1.119
42.811,0.237,-0.125,-0.887,0.927
42.821,0.249,-0.150,-0.708,0.766
42.831,0.261,-0.162,-0.598,0.672
42.841,0.280,-0.179,-0.568,0.658
42.851,0.285,-0.201,-0.620,0.712
42.861,0.269,-0.209,-0.714,0.791
42.871,0.224,-0.204,-0.773,0.830
42.881,0.168,-0.176,-0.776,0.813
42.891,0.110,-0.145,-0.740,0.762
42.901,0.061,-0.128,-0.696,0.710
42.911,0.034,-0.122,-0.657,0.669
42.921,0.007,-0.135,-0.663,0.676
42.931,-0.010,-0.167,-0.730,0.749
42.941,-0.009,-0.204,-0.823,0.848
42.950,-0.008,-0.231,-0.901,0.931
42.960,-0.007,-0.240,-0.957,0.987
42.970,-0.002,-0.234,-0.987,1.014
42.980,-0.005,-0.235,-0.979,1.007
42.990,-0.029,-0.251,-0.955,0.988
43.000,-0.042,-0.281,-0.952,0.994
43.010,-0.022,-0.307,-0.975,1.023
43.020,-0.003,-0.325,-1.037,1.087
43.030,0.014,-0.325,-1.120,1.166
43.040,0.011,-0.325,-1.164,1.209
43.050,-0.012,-0.326,-1.160,1.205
43.060,-0.052,-0.331,-1.122,1.171
43.070,-0.076,-0.335,-1.056,1.110
43.080,-0.082,-0.349,-0.974,1.038
43.090,-0.064,-0.365,-0.879,0.954
43.100,-0.014,-0.364,-0.795,0.874
43.110,0.031,-0.365,-0.790,0.871
43.120,0.089,-0.362,-0.907,0.981
43.130,0.158,-0.351,-1.081,1.147
43.140,0.207,-0.342,-1.232,1.295
43.150,0.224,-0.307,-1.301,1.355
43.160,0.173,-0.267,-1.267,1.306
43.170,0.067,-0.270,-1.159,1.192
43.180,0.009,-0.303,-1.031,1.074
43.190,0.032,-0.312,-0.924,0.975
43.200,0.087,-0.324,-0.847,0.911
43.210,0.149,-0.364,-0.807,0.898
43.220,0.160,-0.389,-0.807,0.910
43.230,0.138,-0.374,-0.837,0.927
43.240,0.087,-0.344,-0.877,0.946
43.250,0.023,-0.304,-0.915,0.965
43.260,-0.023,-0.257,-0.964,0.998
43.270,-0.062,-0.215,-1.001,1.026
43.280,-0.095,-0.201,-1.004,1.028
43.289,-0.104,-0.209,-0.972,1.000
43.299,-0.077,-0.222,-0.921,0.951
43.309,-0.047,-0.234,-0.890,0.921
43.319,-0.033,-0.241,-0.885,0.917
43.329,-0.038,-0.245,-0.897,0.931
43.339,-0.055,-0.223,-0.945,0.973
43.349,-0.071,-0.177,-0.984,1.002
43.359,-0.090,-0.139,-0.959,0.973
43.369,-0.085,-0.097,-0.884,0.893
43.379,-0.079,-0.083,-0.799,0.807
43.389,-0.078,-0.097,-0.750,0.760
43.399,-0.083,-0.113,-0.731,0.744
43.409,-0.062,-0.114,-0.728,0.740
43.419,-0.030,-0.114,-0.737,0.746
43.429,-0.006,-0.126,-0.773,0.784
43.439,0.020,-0.150,-0.847,0.861
43.449,0.024,-0.177,-0.940,0.957
43.459,0.015,-0.182,-1.005,1.021
43.469,0.019,-0.160,-1.027,1.039
43.479,0.022,-0.144,-1.037,1.047
43.489,0.021,-0.146,-1.059,1.069
43.499,0.048,-0.157,-1.082,1.095
43.509,0.057,-0.190,-1.127,1.144
43.519,0.050,-0.222,-1.164,1.186
43.529,0.069,-0.231,-1.141,1.167
43.539,0.073,-0.248,-1.064,1.095
43.549,0.058,-0.287,-0.991,1.033
43.559,0.022,-0.338,-0.957,1.015
43.569,-0.028,-0.383,-0.951,1.025
43.579,-0.051,-0.394,-0.945,1.025
43.589,-0.045,-0.388,-0.921,1.000
43.599,-0.054,-0.401,-0.887,0.975
43.609,-0.049,-0.425,-0.846,0.948
43.619,-0.030,-0.460,-0.837,0.955
43.628,0.006,-0.494,-0.897,1.024
43.639,0.075,-0.504,-1.023,1.143
43.649,0.134,-0.487,-1.163,1.268
43.658,0.148,-0.450,-1.275,1.361
43.668,0.130,-0.391,-1.317,1.380
43.678,0.121,-0.331,-1.280,1.328
43.688,0.119,-0.313,-1.194,1.240
43.698,0.111,-0.344,-1.121,1.178
43.708,0.081,-0.369,-1.080,1.144
43.718,0.055,-0.347,-1.046,1.104
43.728,0.019,-0.310,-1.024,1.070
43.738,-0.015,-0.280,-1.017,1.055
43.748,-0.013,-0.269,-0.996,1.031
43.758,0.035,-0.278,-0.944,0.985
43.768,0.081,-0.295,-0.882,0.933
43.778,0.095,-0.303,-0.833,0.891
43.788,0.096,-0.301,-0.790,0.851
43.798,0.090,-0.301,-0.755,0.817
43.808,0.070,-0.297,-0.736,0.797
43.818,0.048,-0.291,-0.736,0.793
43.828,0.026,-0.288,-0.742,0.796
43.838,0.020,-0.282,-0.759,0.810
43.848,0.024,-0.282,-0.779,0.829
43.858,0.037,-0.282,-0.779,0.829
43.868,0.046,-0.278,-0.769,0.819
43.878,0.039,-0.272,-0.770,0.817
43.888,0.024,-0.263,-0.789,0.832
43.898,0.002,-0.254,-0.812,0.850
43.908,-0.026,-0.243,-0.809,0.845
43.918,-0.037,-0.236,-0.793,0.829
43.928,-0.029,-0.257,-0.797,0.838
43.938,0.028,-0.282,-0.866,0.911
43.947,0.110,-0.289,-0.994,1.041
43.957,0.146,-0.270,-1.135,1.176
43.967,0.138,-0.239,-1.232,1.262
43.978,0.107,-0.213,-1.273,1.295
43.987,0.076,-0.186,-1.261,1.277
43.997,0.056,-0.181,-1.186,1.201
44.007,0.060,-0.203,-1.123,1.143
44.017,0.060,-0.254,-1.157,1.186
44.027,0.069,-0.307,-1.277,1.316
44.037,0.077,-0.362,-1.394,1.442
44.047,0.080,-0.398,-1.439,1.495
44.057,0.070,-0.410,-1.351,1.414
44.067,0.036,-0.427,-1.182,1.257
44.077,-0.001,-0.431,-1.088,1.170
44.087,0.006,-0.409,-1.108,1.181
44.097,0.059,-0.385,-1.218,1.279
44.107,0.121,-0.362,-1.356,1.409
44.117,0.148,-0.350,-1.410,1.461
44.127,0.133,-0.341,-1.343,1.392
44.137,0.069,-0.355,-1.172,1.227
44.147,0.016,-0.383,-0.997,1.068
44.157,0.032,-0.412,-0.896,0.986
44.167,0.069,-0.440,-0.849,0.958
44.177,0.112,-0.454,-0.860,0.979
44.187,0.142,-0.454,-0.920,1.035
44.197,0.149,-0.434,-1.016,1.115
44.207,0.140,-0.394,-1.117,1.193
44.217,0.123,-0.352,-1.180,1.237
44.227,0.099,-0.334,-1.184,1.234
44.237,0.084,-0.329,-1.172,1.220
44.247,0.084,-0.335,-1.160,1.210
44.257,0.117,-0.330,-1.142,1.194
44.267,0.139,-0.321,-1.085,1.140
44.277,0.125,-0.318,-1.007,1.063
44.287,0.108,-0.308,-0.933,0.988
44.296,0.087,-0.297,-0.876,0.929
44.306,0.062,-0.269,-0.839,0.883
44.317,0.052,-0.231,-0.827,0.860
44.326,0.053,-0.210,-0.807,0.836
44.336,0.073,-0.205,-0.790,0.820
44.346,0.092,-0.206,-0.779,0.811
44.356,0.102,-0.202,-0.759,0.792
44.366,0.104,-0.195,-0.746,0.778
44.376,0.105,-0.174,-0.773,0.799
44.386,0.111,-0.141,-0.846,0.865
44.396,0.118,-0.112,-0.938,0.952
44.406,0.126,-0.087,-1.029,1.041
44.416,0.111,-0.055,-1.076,1.084
44.426,0.071,-0.029,-1.072,1.075
44.436,0.028,-0.019,-1.028,1.028
44.446,0.027,-0.020,-0.961,0.961
44.456,0.080,-0.056,-0.887,0.893
44.466,0.126,-0.108,-0.804,0.821
44.476,0.129,-0.159,-0.767,0.794
44.486,0.106,-0.207,-0.817,0.850
44.496,0.099,-0.220,-0.932,0.963
44.506,0.100,-0.199,-1.052,1.076
44.516,0.083,-0.194,-1.141,1.160
44.526,0.074,-0.202,-1.176,1.195
44.536,0.104,-0.219,-1.152,1.178
44.546,0.166,-0.257,-1.083,1.126
44.556,0.227,-0.301,-1.004,1.073
44.566,0.278,-0.315,-0.932,1.022
44.576,0.300,-0.322,-0.865,0.971
44.586,0.282,-0.320,-0.807,0.913
44.596,0.253,-0.303,-0.779,0.873
44.605,0.230,-0.286,-0.777,0.859
44.616,0.217,-0.276,-0.787,0.861
44.626,0.207,-0.265,-0.795,0.863
44.635,0.200,-0.257,-0.802,0.866
44.645,0.198,-0.246,-0.811,0.870
44.655,0.199,-0.231,-0.820,0.875
44.665,0.201,-0.220,-0.840,0.891
44.675,0.169,-0.212,-0.860,0.902
44.685,0.125,-0.193,-0.864,0.894
44.695,0.084,-0.173,-0.854,0.875
44.705,0.043,-0.156,-0.855,0.871
44.715,-0.005,-0.160,-0.886,0.900
44.725,-0.032,-0.159,-0.906,0.920
44.735,-0.030,-0.176,-0.892,0.909
44.745,-0.004,-0.215,-0.858,0.885
44.755,0.025,-0.245,-0.853,0.888
44.765,0.037,-0.262,-0.865,0.905
44.775,0.039,-0.260,-0.870,0.908
44.785,0.033,-0.254,-0.884,0.921
44.795,0.020,-0.256,-0.928,0.963
44.805,0.021,-0.259,-0.985,1.018
44.815,0.027,-0.266,-1.013,1.048
44.825,0.030,-0.274,-1.010,1.047
44.835,0.018,-0.283,-1.009,1.048
44.845,-0.001,-0.291,-1.037,1.077
44.855,-0.012,-0.295,-1.076,1.116
44.865,-0.009,-0.306,-1.105,1.147
44.875,0.002,-0.317,-1.136,1.179
44.885,0.024,-0.313,-1.180,1.221
44.895,0.048,-0.297,-1.212,1.249
44.905,0.068,-0.278,-1.205,1.238
44.915,0.085,-0.251,-1.182,1.211
44.925,0.104,-0.233,-1.173,1.201
44.935,0.120,-0.235,-1.180,1.210
44.945,0.142,-0.223,-1.177,1.206
44.955,0.155,-0.202,-1.145,1.173
44.965,0.150,-0.196,-1.106,1.133
44.975,0.136,-0.186,-1.087,1.111
44.984,0.116,-0.162,-1.107,1.125
44.994,0.072,-0.146,-1.171,1.182
45.004,0.027,-0.117,-1.260,1.265
45.014,0.013,-0.070,-1.351,1.353
45.024,-0.001,-0.033,-1.372,1.372
45.034,-0.017,-0.023,-1.296,1.296
45.044,-0.038,-0.057,-1.143,1.145
45.054,-0.024,-0.088,-0.983,0.987
45.064,-0.016,-0.129,-0.857,0.866
45.074,-0.005,-0.164,-0.777,0.794
45.084,0.008,-0.179,-0.736,0.757
45.094,0.002,-0.182,-0.729,0.751
45.104,-0.000,-0.169,-0.742,0.761
45.114,0.003,-0.148,-0.771,0.786
45.124,0.008,-0.134,-0.815,0.826
45.134,0.026,-0.124,-0.869,0.878
45.144,0.044,-0.119,-0.939,0.947
45.154,0.056,-0.110,-1.029,1.036
45.164,0.071,-0.098,-1.105,1.111
45.174,0.118,-0.070,-1.147,1.155
45.184,0.137,-0.057,-1.134,1.144
45.194,0.117,-0.078,-1.058,1.067
45.204,0.091,-0.108,-0.966,0.977
45.214,0.091,-0.119,-0.897,0.909
45.224,0.100,-0.124,-0.845,0.860
45.234,0.101,-0.135,-0.802,0.819
45.244,0.107,-0.147,-0.788,0.809
45.254,0.100,-0.151,-0.803,0.823
45.264,0.080,-0.139,-0.815,0.830
45.273,0.058,-0.117,-0.833,0.843
45.284,0.039,-0.110,-0.863,0.871
45.294,0.027,-0.109,-0.894,0.901
45.304,0.022,-0.109,-0.895,0.902
45.313,0.019,-0.116,-0.867,0.875
45.323,0.023,-0.116,-0.845,0.854
45.333,0.023,-0.121,-0.861,0.870
45.343,0.032,-0.124,-0.888,0.898
45.353,0.045,-0.121,-0.901,0.910
45.363,0.070,-0.120,-0.933,0.943
45.373,0.095,-0.123,-0.992,1.004
45.383,0.101,-0.125,-1.017,1.030
45.393,0.091,-0.136,-0.992,1.006
45.403,0.082,-0.148,-0.937,0.952
45.413,0.079,-0.154,-0.894,0.911
45.423,0.083,-0.159,-0.889,0.907
45.433,0.108,-0.151,-0.930,0.949
45.443,0.137,-0.129,-1.005,1.023
45.453,0.164,-0.099,-1.102,1.119
45.463,0.186,-0.068,-1.180,1.197
45.473,0.178,-0.049,-1.185,1.199
45.483,0.156,-0.028,-1.136,1.147
45.493,0.117,-0.054,-1.066,1.073
45.503,0.099,-0.095,-1.014,1.023
45.513,0.100,-0.133,-0.987,1.001
45.523,0.103,-0.164,-0.974,0.993
45.533,0.112,-0.179,-0.966,0.989
45.543,0.123,-0.182,-0.944,0.969
45.553,0.137,-0.164,-0.921,0.945
45.563,0.145,-0.148,-0.937,0.960
45.573,0.148,-0.131,-1.029,1.047
45.583,0.124,-0.091,-1.194,1.204
45.593,0.077,-0.025,-1.382,1.384
45.603,0.062,0.048,-1.517,1.519
45.613,0.078,0.107,-1.548,1.554
45.623,0.082,0.122,-1.468,1.475
45.633,0.076,0.079,-1.300,1.304
45.642,0.085,0.018,-1.123,1.126
45.652,0.107,-0.025,-0.985,0.991
45.662,0.128,-0.045,-0.892,0.903
45.672,0.142,-0.065,-0.859,0.872
45.682,0.165,-0.064,-0.898,0.915
45.692,0.196,-0.038,-0.974,0.994
45.702,0.223,-0.023,-1.023,1.047
45.712,0.251,-0.017,-1.015,1.046
45.722,0.278,-0.010,-0.963,1.002
45.732,0.283,-0.026,-0.889,0.933
45.742,0.275,-0.036,-0.804,0.850
45.752,0.270,-0.043,-0.733,0.782
45.762,0.260,-0.059,-0.696,0.745
45.772,0.240,-0.069,-0.689,0.733
45.782,0.215,-0.066,-0.706,0.741
45.792,0.188,-0.062,-0.740,0.766
45.802,0.162,-0.053,-0.792,0.810
45.812,0.138,-0.049,-0.874,0.886
45.822,0.122,-0.050,-0.958,0.967
45.832,0.109,-0.055,-1.002,1.010
45.842,0.092,-0.056,-1.003,1.009
45.852,0.082,-0.060,-0.985,0.991
45.862,0.069,-0.082,-0.991,0.996
45.872,0.071,-0.104,-1.011,1.019
45.882,0.075,-0.120,-1.034,1.044
45.892,0.070,-0.134,-1.065,1.076
45.902,0.067,-0.138,-1.084,1.095
45.912,0.070,-0.139,-1.074,1.085
45.922,0.086,-0.153,-1.068,1.082
45.932,0.094,-0.165,-1.063,1.080
45.941,0.095,-0.151,-1.061,1.076
45.951,0.086,-0.128,-1.078,1.089
45.961,0.053,-0.108,-1.112,1.119
45.971,0.047,-0.058,-1.158,1.161
45.981,0.052,-0.009,-1.197,1.198
45.991,0.067,0.012,-1.206,1.208
46.001,0.077,0.027,-1.182,1.184
46.011,0.100,0.025,-1.137,1.142
46.021,0.114,-0.016,-1.059,1.066
46.031,0.139,-0.031,-0.962,0.973
46.041,0.147,-0.035,-0.898,0.910
46.051,0.132,-0.031,-0.912,0.922
46.061,0.134,-0.013,-0.981,0.990
46.071,0.122,-0.002,-1.084,1.091
46.081,0.107,0.008,-1.206,1.211
46.091,0.096,0.017,-1.285,1.289
46.101,0.108,0.040,-1.311,1.316
46.111,0.116,0.066,-1.251,1.258
46.121,0.116,0.066,-1.108,1.116
46.131,0.086,0.010,-0.944,0.948
46.141,0.060,-0.052,-0.822,0.826
46.151,0.065,-0.078,-0.767,0.773
46.161,0.063,-0.085,-0.746,0.753
46.171,0.043,-0.101,-0.757,0.765
46.181,0.031,-0.112,-0.765,0.773
46.191,0.031,-0.113,-0.756,0.765
46.201,0.054,-0.101,-0.735,0.744
46.211,0.107,-0.098,-0.723,0.738
46.221,0.182,-0.119,-0.735,0.766
46.231,0.250,-0.144,-0.796,0.847
46.241,0.291,-0.182,-0.888,0.952
46.251,0.328,-0.178,-0.982,1.050
46.261,0.363,-0.167,-1.062,1.135
46.271,0.384,-0.168,-1.104,1.181
46.280,0.384,-0.159,-1.082,1.159
46.291,0.345,-0.173,-1.000,1.072
46.300,0.295,-0.200,-0.907,0.974
46.310,0.266,-0.218,-0.840,0.908
46.320,0.258,-0.230,-0.808,0.879
46.330,0.271,-0.234,-0.809,0.885
46.340,0.284,-0.254,-0.839,0.922
46.350,0.287,-0.259,-0.886,0.966
46.360,0.284,-0.253,-0.911,0.987
46.370,0.271,-0.233,-0.896,0.965
46.380,0.253,-0.221,-0.864,0.927
46.390,0.234,-0.228,-0.844,0.905
46.400,0.223,-0.231,-0.833,0.892
46.410,0.207,-0.223,-0.817,0.872
46.420,0.189,-0.214,-0.818,0.866
46.430,0.160,-0.208,-0.854,0.894
46.440,0.154,-0.197,-0.878,0.913
46.450,0.143,-0.201,-0.895,0.928
46.460,0.107,-0.194,-0.921,0.947
46.470,0.086,-0.179,-0.912,0.934
46.480,0.092,-0.195,-0.932,0.957
46.490,0.077,-0.195,-0.988,1.010
46.500,0.076,-0.166,-1.021,1.038
46.510,0.083,-0.147,-1.051,1.065
46.520,0.091,-0.124,-1.082,1.093
46.530,0.089,-0.106,-1.102,1.110
46.540,0.077,-0.107,-1.101,1.109
46.550,0.107,-0.122,-1.069,1.081
46.560,0.135,-0.131,-1.035,1.052
46.570,0.145,-0.091,-0.988,1.002
46.580,0.146,-0.057,-0.941,0.954
46.590,0.144,-0.088,-0.896,0.911
46.599,0.150,-0.135,-0.855,0.878
46.610,0.186,-0.152,-0.830,0.864
46.620,0.251,-0.176,-0.852,0.906
46.629,0.300,-0.212,-0.957,1.025
46.639,0.311,-0.218,-1.135,1.197
46.649,0.302,-0.171,-1.317,1.362
46.659,0.276,-0.073,-1.438,1.466
46.670,0.259,-0.018,-1.473,1.496
46.679,0.242,-0.003,-1.381,1.402
46.689,0.285,-0.016,-1.210,1.244
46.699,0.375,-0.070,-1.043,1.111
46.709,0.455,-0.115,-0.917,1.030
46.719,0.492,-0.131,-0.854,0.994
46.729,0.479,-0.125,-0.887,1.015
46.739,0.432,-0.087,-0.980,1.075
46.749,0.369,-0.029,-1.055,1.118
46.759,0.301,0.010,-1.091,1.131
46.769,0.240,0.025,-1.100,1.126
46.779,0.210,0.035,-1.080,1.100
46.789,0.223,0.031,-1.010,1.035
46.799,0.255,0.019,-0.926,0.960
46.809,0.314,-0.001,-0.848,0.904
46.819,0.363,-0.034,-0.775,0.856
46.829,0.348,-0.055,-0.747,0.825
46.839,0.302,-0.048,-0.737,0.798
46.849,0.249,-0.019,-0.765,0.805
46.859,0.206,0.027,-0.831,0.857
46.869,0.180,0.062,-0.878,0.898
46.879,0.161,0.066,-0.883,0.900
46.889,0.155,0.057,-0.874,0.890
46.899,0.193,0.049,-0.872,0.894
46.909,0.251,0.018,-0.869,0.904
46.919,0.259,-0.003,-0.850,0.888
46.929,0.223,-0.006,-0.812,0.842
46.939,0.179,-0.001,-0.774,0.794
46.948,0.147,0.008,-0.771,0.785
46.959,0.123,0.023,-0.810,0.820
46.969,0.098,0.029,-0.841,0.847
46.978,0.079,0.022,-0.858,0.862
46.989,0.070,0.016,-0.858,0.861
46.998,0.079,0.007,-0.839,0.842
47.008,0.080,-0.001,-0.803,0.806
47.018,0.079,-0.010,-0.764,0.768
47.028,0.101,-0.032,-0.755,0.762
47.038,0.113,-0.060,-0.793,0.803
47.048,0.122,-0.056,-0.866,0.876
47.058,0.120,-0.044,-0.938,0.947
47.068,0.103,-0.046,-0.993,0.999
47.078,0.103,-0.059,-1.057,1.064
47.088,0.130,-0.066,-1.089,1.099
47.098,0.160,-0.077,-1.059,1.074
47.108,0.161,-0.103,-0.983,1.002
47.118,0.160,-0.126,-0.873,0.896
47.128,0.170,-0.154,-0.783,0.816
47.138,0.183,-0.179,-0.768,0.809
47.148,0.191,-0.189,-0.790,0.834
47.158,0.185,-0.196,-0.818,0.861
47.168,0.176,-0.195,-0.837,0.877
47.178,0.176,-0.190,-0.861,0.899
47.188,0.180,-0.185,-0.901,0.937
47.198,0.176,-0.181,-0.930,0.964
47.208,0.165,-0.179,-0.932,0.963
47.218,0.151,-0.180,-0.904,0.934
47.228,0.140,-0.180,-0.859,0.889
47.238,0.119,-0.178,-0.818,0.845
47.248,0.088,-0.173,-0.805,0.828
47.258,0.067,-0.160,-0.823,0.841
47.268,0.057,-0.150,-0.854,0.869
47.277,0.047,-0.142,-0.865,0.878
47.287,0.037,-0.127,-0.855,0.866
47.297,0.018,-0.108,-0.865,0.872
47.308,0.003,-0.098,-0.891,0.896
47.317,0.008,-0.090,-0.918,0.922
47.327,0.023,-0.087,-0.955,0.959
47.337,0.047,-0.100,-1.040,1.046
47.347,0.077,-0.109,-1.159,1.166
47.357,0.119,-0.092,-1.269,1.278
47.367,0.162,-0.064,-1.305,1.317
47.377,0.169,-0.065,-1.245,1.258
47.387,0.162,-0.076,-1.123,1.137
47.397,0.148,-0.088,-1.001,1.016
47.407,0.127,-0.114,-0.930,0.946
47.417,0.124,-0.134,-0.927,0.945
47.427,0.131,-0.126,-0.992,1.008
47.437,0.134,-0.122,-1.107,1.121
47.447,0.137,-0.117,-1.202,1.215
47.457,0.125,-0.102,-1.245,1.255
47.467,0.106,-0.096,-1.242,1.250
47.477,0.073,-0.102,-1.212,1.218
47.487,0.045,-0.101,-1.181,1.186
47.497,0.021,-0.096,-1.160,1.165
47.507,0.013,-0.091,-1.155,1.159
47.517,0.002,-0.101,-1.161,1.165
47.527,-0.014,-0.110,-1.160,1.165
47.537,-0.028,-0.111,-1.150,1.155
47.547,-0.026,-0.109,-1.149,1.155
47.557,-0.003,-0.112,-1.134,1.140
47.567,0.017,-0.125,-1.104,1.111
47.577,0.034,-0.140,-1.067,1.077
47.587,0.058,-0.152,-1.017,1.030
47.597,0.066,-0.161,-0.969,0.984
47.607,0.060,-0.159,-0.929,0.945
47.617,0.056,-0.156,-0.901,0.916
47.626,0.066,-0.154,-0.898,0.913
47.636,0.073,-0.148,-0.891,0.906
47.646,0.065,-0.139,-0.869,0.883
47.656,0.056,-0.133,-0.832,0.845
47.666,0.052,-0.128,-0.810,0.822
47.676,0.051,-0.126,-0.813,0.824
47.686,0.041,-0.122,-0.817,0.827
47.696,0.026,-0.121,-0.816,0.825
47.706,0.013,-0.121,-0.817,0.826
47.716,0.018,-0.120,-0.814,0.823
47.726,0.032,-0.127,-0.795,0.805
47.736,0.051,-0.136,-0.743,0.757
47.746,0.070,-0.147,-0.689,0.708
47.756,0.095,-0.159,-0.653,0.679
47.766,0.118,-0.165,-0.667,0.697
47.776,0.122,-0.166,-0.703,0.733
47.786,0.112,-0.156,-0.737,0.762
47.796,0.100,-0.135,-0.765,0.784
47.806,0.079,-0.121,-0.780,0.794
47.816,0.059,-0.111,-0.777,0.787
47.826,0.049,-0.108,-0.753,0.763
47.836,0.052,-0.113,-0.741,0.751
47.846,0.054,-0.125,-0.772,0.784
47.856,0.076,-0.127,-0.840,0.853
47.866,0.106,-0.117,-0.966,0.979
47.876,0.100,-0.113,-1.130,1.139
47.886,0.062,-0.108,-1.259,1.265
47.896,0.025,-0.083,-1.301,1.303
47.906,-0.032,-0.100,-1.227,1.232
47.916,-0.053,-0.146,-1.101,1.112
47.926,-0.035,-0.195,-0.984,1.004
47.936,-0.002,-0.259,-0.907,0.944
47.946,0.047,-0.295,-0.867,0.917
47.955,0.128,-0.307,-0.866,0.927
47.965,0.200,-0.299,-0.914,0.982
47.976,0.269,-0.278,-1.049,1.118
47.985,0.292,-0.273,-1.233,1.296
47.995,0.278,-0.262,-1.416,1.467
48.005,0.274,-0.207,-1.589,1.626
48.015,0.274,-0.123,-1.674,1.701
48.025,0.243,-0.089,-1.606,1.626
48.035,0.218,-0.137,-1.403,1.426
48.045,0.245,-0.219,-1.200,1.244
48.055,0.265,-0.286,-1.086,1.154
48.065,0.258,-0.329,-1.056,1.136
48.075,0.227,-0.319,-1.106,1.173
48.085,0.195,-0.265,-1.194,1.238
48.095,0.163,-0.211,-1.253,1.281
48.105,0.137,-0.189,-1.238,1.260
48.115,0.125,-0.186,-1.138,1.160
48.125,0.112,-0.208,-0.997,1.025
48.135,0.111,-0.212,-0.867,0.900
48.145,0.121,-0.229,-0.751,0.795
48.155,0.148,-0.271,-0.661,0.729
48.165,0.163,-0.303,-0.624,0.713
48.175,0.152,-0.307,-0.688,0.769
48.185,0.129,-0.261,-0.819,0.869
48.195,0.073,-0.205,-0.917,0.943
48.205,0.009,-0.165,-0.953,0.968
48.215,-0.040,-0.152,-0.948,0.961
48.225,-0.066,-0.153,-0.925,0.940
48.235,-0.061,-0.164,-0.885,0.902
48.245,-0.043,-0.181,-0.829,0.850
48.255,-0.024,-0.195,-0.783,0.808
48.265,-0.006,-0.194,-0.772,0.796
48.275,0.011,-0.190,-0.774,0.797
48.284,0.014,-0.187,-0.760,0.783
48.295,0.013,-0.181,-0.743,0.764
48.304,0.009,-0.175,-0.734,0.755
48.314,0.007,-0.177,-0.742,0.763
48.324,0.022,-0.190,-0.767,0.790
48.334,0.043,-0.199,-0.810,0.835
48.344,0.069,-0.200,-0.871,0.896
48.354,0.096,-0.209,-0.933,0.961
48.364,0.137,-0.222,-0.975,1.010
48.374,0.189,-0.233,-0.991,1.036
48.384,0.236,-0.244,-0.995,1.051
48.394,0.275,-0.253,-0.967,1.037
48.404,0.302,-0.245,-0.903,0.983
48.414,0.313,-0.262,-0.828,0.923
48.424,0.314,-0.277,-0.771,0.878
48.434,0.264,-0.289,-0.788,0.880
48.444,0.202,-0.295,-0.877,0.947
48.454,0.147,-0.289,-1.015,1.066
48.464,0.118,-0.262,-1.190,1.224
48.474,0.101,-0.237,-1.320,1.345
48.484,0.100,-0.216,-1.341,1.362
48.494,0.098,-0.216,-1.238,1.260
48.504,0.088,-0.248,-1.068,1.100
48.514,0.131,-0.275,-0.913,0.963
48.524,0.215,-0.326,-0.809,0.899
48.534,0.303,-0.374,-0.753,0.894
48.544,0.348,-0.425,-0.727,0.911
48.554,0.344,-0.454,-0.724,0.922
48.564,0.318,-0.427,-0.743,0.914
48.574,0.271,-0.395,-0.793,0.926
48.584,0.219,-0.382,-0.869,0.975
48.594,0.196,-0.382,-0.934,1.028
48.604,0.192,-0.391,-0.958,1.053
48.614,0.186,-0.398,-0.920,1.020
48.623,0.173,-0.400,-0.833,0.940
48.633,0.162,-0.388,-0.735,0.847
48.643,0.153,-0.381,-0.650,0.769
48.653,0.146,-0.391,-0.595,0.727
48.663,0.131,-0.404,-0.595,0.731
48.673,0.136,-0.384,-0.652,0.769
48.683,0.166,-0.340,-0.744,0.835
48.693,0.194,-0.322,-0.844,0.924
48.703,0.210,-0.326,-0.938,1.015
48.713,0.211,-0.325,-1.010,1.082
48.723,0.199,-0.315,-1.050,1.114
48.733,0.188,-0.305,-1.061,1.120
48.743,0.205,-0.304,-1.024,1.088
48.753,0.226,-0.321,-0.947,1.025
48.763,0.245,-0.345,-0.890,0.985
48.773,0.263,-0.359,-0.892,0.997
48.783,0.280,-0.358,-0.943,1.047
48.793,0.269,-0.351,-1.017,1.109
48.803,0.245,-0.326,-1.044,1.121
48.813,0.204,-0.299,-1.023,1.085
48.823,0.147,-0.292,-0.986,1.039
48.833,0.095,-0.306,-0.972,1.023
48.843,0.076,-0.331,-0.977,1.034
48.853,0.081,-0.348,-0.957,1.022
48.863,0.082,-0.354,-0.901,0.971
48.873,0.064,-0.357,-0.839,0.914
48.883,0.060,-0.369,-0.799,0.882
48.893,0.076,-0.401,-0.810,0.907
48.903,0.101,-0.426,-0.852,0.958
48.913,0.139,-0.423,-0.875,0.982
48.923,0.183,-0.403,-0.863,0.970
48.933,0.222,-0.393,-0.831,0.945
48.942,0.251,-0.403,-0.800,0.930
48.953,0.270,-0.420,-0.811,0.952
48.963,0.275,-0.443,-0.876,1.020
48.973,0.287,-0.423,-0.998,1.121
48.982,0.294,-0.358,-1.126,1.217
48.992,0.279,-0.304,-1.210,1.279
49.002,0.264,-0.271,-1.233,1.289
49.012,0.232,-0.252,-1.185,1.233
49.022,0.217,-0.235,-1.078,1.124
49.032,0.226,-0.261,-0.952,1.013
49.042,0.246,-0.274,-0.867,0.942
49.052,0.248,-0.280,-0.823,0.904
49.062,0.209,-0.292,-0.793,0.870
49.072,0.148,-0.276,-0.777,0.838
49.082,0.090,-0.242,-0.780,0.822
49.092,0.044,-0.209,-0.763,0.793
49.102,0.011,-0.196,-0.733,0.759
49.112,-0.020,-0.196,-0.700,0.727
49.122,-0.014,-0.215,-0.675,0.709
49.132,0.032,-0.255,-0.659,0.708
49.142,0.060,-0.296,-0.685,0.748
49.152,0.075,-0.300,-0.765,0.825
49.162,0.095,-0.256,-0.857,0.900
49.172,0.094,-0.228,-0.918,0.951
49.182,0.096,-0.220,-0.938,0.968
49.192,0.109,-0.202,-0.912,0.940
49.202,0.122,-0.193,-0.848,0.878
49.212,0.129,-0.194,-0.785,0.819
49.222,0.122,-0.203,-0.768,0.804
49.232,0.113,-0.218,-0.782,0.820
49.242,0.102,-0.235,-0.825,0.863
49.252,0.101,-0.246,-0.889,0.928
49.262,0.109,-0.252,-0.947,0.986
49.271,0.117,-0.238,-0.955,0.991
49.282,0.121,-0.205,-0.923,0.953
49.291,0.122,-0.185,-0.893,0.920
49.302,0.144,-0.186,-0.907,0.937
49.311,0.184,-0.206,-1.004,1.041
49.321,0.227,-0.220,-1.152,1.195
49.331,0.266,-0.212,-1.264,1.309
49.341,0.296,-0.195,-1.317,1.364
49.352,0.317,-0.176,-1.275,1.325
49.361,0.310,-0.196,-1.148,1.205
49.371,0.296,-0.252,-1.006,1.078
49.381,0.280,-0.311,-0.902,0.994
49.391,0.277,-0.354,-0.846,0.958
49.401,0.265,-0.380,-0.826,0.948
49.411,0.248,-0.377,-0.832,0.947
49.421,0.235,-0.348,-0.853,0.951
49.431,0.215,-0.331,-0.861,0.947
49.441,0.215,-0.336,-0.871,0.958
49.451,0.225,-0.349,-0.915,1.004
49.461,0.231,-0.351,-0.973,1.060
49.471,0.238,-0.344,-1.038,1.119
49.481,0.231,-0.332,-1.090,1.162
49.491,0.227,-0.305,-1.126,1.189
49.501,0.233,-0.286,-1.158,1.215
49.511,0.223,-0.282,-1.202,1.255
49.521,0.214,-0.270,-1.244,1.291
49.531,0.225,-0.261,-1.263,1.309
49.541,0.215,-0.279,-1.251,1.299
49.551,0.173,-0.294,-1.202,1.249
49.561,0.112,-0.303,-1.141,1.185
49.571,0.057,-0.321,-1.079,1.127
49.581,0.036,-0.337,-1.002,1.058
49.591,0.047,-0.334,-0.890,0.952
49.601,0.043,-0.353,-0.780,0.857
49.611,0.017,-0.392,-0.719,0.819
49.621,0.007,-0.442,-0.717,0.842
49.631,0.043,-0.462,-0.754,0.886
49.640,0.101,-0.436,-0.840,0.952
49.651,0.166,-0.388,-0.948,1.037
49.660,0.227,-0.353,-1.055,1.135
49.670,0.255,-0.345,-1.155,1.232
49.680,0.278,-0.333,-1.249,1.322
49.690,0.308,-0.305,-1.321,1.391
49.700,0.342,-0.277,-1.357,1.427
49.710,0.385,-0.262,-1.356,1.434
49.720,0.413,-0.262,-1.318,1.406
49.730,0.421,-0.264,-1.248,1.344
49.740,0.408,-0.268,-1.155,1.255
49.750,0.375,-0.274,-1.062,1.159
49.760,0.338,-0.271,-0.984,1.075
49.770,0.307,-0.254,-0.920,1.002
49.780,0.273,-0.234,-0.865,0.937
49.790,0.229,-0.217,-0.810,0.869
49.800,0.193,-0.195,-0.755,0.803
49.810,0.154,-0.181,-0.714,0.752
49.820,0.093,-0.178,-0.702,0.730
49.830,0.037,-0.168,-0.702,0.723
49.840,0.012,-0.152,-0.707,0.723
49.850,0.015,-0.155,-0.706,0.723
49.860,0.066,-0.187,-0.681,0.709
49.870,0.153,-0.239,-0.631,0.692
49.880,0.202,-0.282,-0.595,0.689
49.890,0.207,-0.295,-0.584,0.686
49.900,0.207,-0.289,-0.571,0.673
49.910,0.200,-0.278,-0.565,0.661
49.920,0.180,-0.278,-0.568,0.658
49.930,0.167,-0.282,-0.595,0.679
49.940,0.156,-0.275,-0.642,0.716
49.950,0.139,-0.268,-0.724,0.784
49.960,0.137,-0.286,-0.863,0.919
49.970,0.151,-0.320,-1.033,1.092
49.980,0.184,-0.309,-1.156,1.211
49.989,0.233,-0.261,-1.198,1.248
50.000,0.227,-0.283,-1.093,1.151
50.009,0.196,-0.366,-0.919,1.008
50.019,0.180,-0.453,-0.773,0.914
50.029,0.196,-0.509,-0.704,0.891
50.039,0.224,-0.500,-0.733,0.915
50.049,0.255,-0.443,-0.876,1.014
50.059,0.266,-0.381,-1.049,1.148
50.069,0.237,-0.336,-1.161,1.232
50.079,0.196,-0.291,-1.203,1.253
50.089,0.141,-0.265,-1.149,1.187
50.099,0.088,-0.276,-1.002,1.043
50.109,0.063,-0.315,-0.863,0.921
50.119,0.041,-0.366,-0.784,0.866
50.129,0.022,-0.417,-0.741,0.850
50.139,0.007,-0.448,-0.712,0.841
50.149,-0.001,-0.445,-0.687,0.818
50.159,0.009,-0.403,-0.663,0.776
50.169,0.023,-0.356,-0.653,0.744
50.179,0.067,-0.335,-0.671,0.753
50.189,0.129,-0.343,-0.742,0.827
50.199,0.191,-0.351,-0.861,0.949
50.209,0.212,-0.345,-1.021,1.099
50.219,0.212,-0.311,-1.203,1.260
50.229,0.223,-0.271,-1.312,1.358
50.239,0.228,-0.234,-1.365,1.404
50.249,0.230,-0.195,-1.367,1.400
50.259,0.229,-0.197,-1.277,1.312
50.269,0.206,-0.246,-1.124,1.169
50.279,0.152,-0.314,-1.007,1.066
50.289,0.079,-0.378,-0.986,1.059
50.299,-0.001,-0.403,-1.086,1.158
50.308,-0.044,-0.353,-1.270,1.319
50.319,-0.071,-0.261,-1.480,1.505
50.328,-0.126,-0.202,-1.652,1.669
50.338,-0.192,-0.141,-1.761,1.777
50.348,-0.230,-0.064,-1.787,1.803
50.358,-0.286,-0.058,-1.723,1.747
50.368,-0.304,-0.102,-1.565,1.597
50.378,-0.228,-0.151,-1.369,1.396
50.388,-0.110,-0.192,-1.184,1.205
50.398,-0.031,-0.259,-1.022,1.055
50.408,0.033,-0.336,-0.888,0.950
50.418,0.104,-0.376,-0.788,0.879
50.428,0.185,-0.396,-0.736,0.856
50.438,0.251,-0.415,-0.732,0.878
50.448,0.288,-0.429,-0.761,0.920
50.458,0.317,-0.426,-0.789,0.951
50.468,0.322,-0.418,-0.789,0.949
50.478,0.309,-0.397,-0.775,0.924
50.488,0.276,-0.379,-0.787,0.916
50.498,0.237,-0.345,-0.813,0.915
50.508,0.212,-0.304,-0.835,0.914
50.518,0.179,-0.285,-0.837,0.902
50.528,0.145,-0.270,-0.818,0.874
50.538,0.112,-0.262,-0.781,0.832
50.548,0.087,-0.263,-0.748,0.798
50.558,0.077,-0.270,-0.712,0.765
50.568,0.066,-0.283,-0.708,0.765
50.578,0.057,-0.287,-0.760,0.814
50.588,0.052,-0.285,-0.837,0.885
50.598,0.057,-0.291,-0.908,0.955
50.608,0.075,-0.301,-0.963,1.011
50.617,0.092,-0.313,-1.002,1.054
50.628,0.121,-0.328,-1.040,1.097
50.638,0.161,-0.344,-1.088,1.152
50.648,0.186,-0.347,-1.134,1.200
50.657,0.202,-0.331,-1.182,1.244
50.667,0.207,-0.308,-1.226,1.281
50.677,0.208,-0.281,-1.250,1.298
50.687,0.220,-0.272,-1.251,1.299
50.697,0.221,-0.291,-1.230,1.283
50.707,0.217,-0.312,-1.200,1.259
50.717,0.217,-0.312,-1.136,1.198
50.727,0.189,-0.304,-1.050,1.109
50.737,0.134,-0.292,-0.999,1.050
50.747,0.087,-0.271,-0.996,1.036
50.757,0.048,-0.243,-1.025,1.055
50.767,0.015,-0.218,-1.072,1.094
50.777,-0.006,-0.203,-1.104,1.122
50.787,-0.021,-0.199,-1.112,1.130
50.797,-0.023,-0.193,-1.111,1.128
50.807,-0.011,-0.190,-1.115,1.132
50.817,0.009,-0.194,-1.110,1.127
50.827,0.030,-0.199,-1.077,1.095
50.837,0.042,-0.205,-1.019,1.041
50.847,0.053,-0.209,-0.955,0.979
50.857,0.066,-0.212,-0.904,0.931
50.867,0.084,-0.220,-0.885,0.916
50.877,0.100,-0.234,-0.907,0.942
50.887,0.111,-0.235,-0.946,0.981
50.897,0.114,-0.218,-0.988,1.018
50.907,0.113,-0.196,-1.038,1.063
50.917,0.104,-0.169,-1.083,1.101
50.927,0.086,-0.146,-1.092,1.105
50.937,0.059,-0.135,-1.062,1.072
50.947,0.044,-0.126,-1.010,1.019
50.956,0.037,-0.123,-0.955,0.963
50.967,0.029,-0.123,-0.909,0.918
50.976,0.039,-0.117,-0.882,0.891
50.987,0.050,-0.122,-0.899,0.908
50.996,0.044,-0.115,-0.937,0.945
51.006,0.038,-0.093,-0.963,0.969
51.017,0.034,-0.073,-0.982,0.985
51.026,0.037,-0.058,-1.010,1.012
51.036,0.039,-0.052,-1.020,1.022
51.046,0.042,-0.052,-0.995,0.997
51.056,0.052,-0.060,-0.954,0.957
51.066,0.078,-0.071,-0.942,0.947
51.076,0.107,-0.083,-0.929,0.939
51.086,0.119,-0.092,-0.892,0.905
51.096,0.115,-0.105,-0.834,0.849
51.106,0.113,-0.125,-0.777,0.795
51.116,0.126,-0.142,-0.765,0.788
51.126,0.145,-0.152,-0.800,0.827
51.136,0.158,-0.161,-0.827,0.857
51.146,0.162,-0.163,-0.835,0.866
51.156,0.177,-0.160,-0.836,0.869
51.166,0.209,-0.152,-0.865,0.903
51.176,0.231,-0.134,-0.942,0.979
51.186,0.236,-0.106,-1.030,1.062
51.196,0.222,-0.088,-1.092,1.118
51.206,0.194,-0.077,-1.122,1.141
51.216,0.148,-0.060,-1.133,1.145
51.226,0.107,-0.041,-1.131,1.137
51.236,0.064,-0.045,-1.098,1.100
51.246,0.038,-0.064,-1.035,1.037
51.256,0.036,-0.085,-0.961,0.966
51.266,0.048,-0.101,-0.891,0.898
51.276,0.054,-0.106,-0.846,0.855
51.286,0.039,-0.114,-0.835,0.843
51.295,0.014,-0.116,-0.891,0.899
51.306,0.023,-0.099,-1.029,1.035
51.316,0.049,-0.087,-1.211,1.215
51.326,0.047,-0.064,-1.379,1.381
51.335,0.078,-0.024,-1.530,1.532
51.345,0.104,0.019,-1.602,1.605
51.356,0.118,0.050,-1.585,1.590
51.365,0.110,0.030,-1.478,1.482
51.375,0.125,-0.015,-1.320,1.326
51.385,0.171,-0.050,-1.177,1.191
51.395,0.200,-0.100,-1.064,1.087
51.405,0.220,-0.128,-0.988,1.021
51.415,0.231,-0.137,-0.948,0.985
51.425,0.228,-0.157,-0.927,0.967
51.435,0.224,-0.169,-0.924,0.965
51.445,0.231,-0.172,-0.925,0.969
51.455,0.242,-0.173,-0.916,0.963
51.465,0.252,-0.176,-0.878,0.930
51.475,0.262,-0.192,-0.815,0.877
51.485,0.272,-0.196,-0.729,0.803
51.495,0.278,-0.217,-0.638,0.729
51.505,0.282,-0.229,-0.557,0.665
51.515,0.285,-0.239,-0.507,0.629
51.525,0.274,-0.245,-0.486,0.610
51.535,0.256,-0.232,-0.508,0.615
51.545,0.223,-0.205,-0.559,0.636
51.555,0.183,-0.180,-0.614,0.666
51.565,0.150,-0.163,-0.665,0.701
51.575,0.113,-0.153,-0.717,0.742
51.585,0.071,-0.148,-0.752,0.770
51.595,0.030,-0.144,-0.764,0.779
51.605,-0.004,-0.143,-0.762,0.775
51.615,-0.030,-0.150,-0.757,0.773
51.625,-0.036,-0.158,-0.760,0.777
51.635,-0.024,-0.165,-0.781,0.799
51.644,-0.006,-0.174,-0.816,0.834
51.654,0.011,-0.179,-0.837,0.857
51.664,0.022,-0.180,-0.837,0.856
51.674,0.024,-0.177,-0.824,0.843
51.684,0.029,-0.182,-0.816,0.837
51.694,0.047,-0.192,-0.803,0.827
51.704,0.065,-0.207,-0.783,0.812
51.714,0.082,-0.222,-0.765,0.801
51.724,0.104,-0.235,-0.744,0.787
51.734,0.124,-0.245,-0.715,0.766
51.744,0.145,-0.253,-0.693,0.752
51.754,0.156,-0.265,-0.692,0.757
51.764,0.158,-0.277,-0.706,0.775
51.774,0.157,-0.282,-0.720,0.789
51.784,0.155,-0.280,-0.727,0.794
51.794,0.152,-0.269,-0.743,0.804
51.804,0.139,-0.267,-0.760,0.817
51.814,0.123,-0.248,-0.793,0.840
51.824,0.102,-0.239,-0.842,0.881
51.834,0.080,-0.235,-0.900,0.934
51.844,0.068,-0.226,-0.967,0.996
51.854,0.049,-0.225,-1.059,1.084
51.864,0.034,-0.221,-1.159,1.180
51.874,0.022,-0.189,-1.244,1.258
51.884,-0.005,-0.170,-1.270,1.281
51.894,-0.022,-0.175,-1.205,1.218
51.904,-0.016,-0.221,-1.056,1.079
51.914,0.027,-0.294,-0.850,0.900
51.924,0.053,-0.376,-0.651,0.754
51.934,0.068,-0.421,-0.572,0.713
51.944,0.085,-0.453,-0.650,0.797
51.954,0.113,-0.443,-0.880,0.992
51.964,0.141,-0.367,-1.140,1.206
51.973,0.132,-0.316,-1.296,1.341
51.983,0.122,-0.257,-1.327,1.357
51.993,0.045,-0.248,-1.196,1.222
52.003,-0.042,-0.297,-0.985,1.029
52.013,-0.102,-0.365,-0.810,0.894
52.023,-0.098,-0.441,-0.712,0.844
52.033,-0.027,-0.478,-0.722,0.866
52.043,0.049,-0.496,-0.820,0.960
52.053,0.097,-0.501,-0.955,1.083
52.063,0.120,-0.463,-1.100,1.200
52.073,0.110,-0.385,-1.247,1.310
52.083,0.063,-0.308,-1.360,1.395
52.093,0.037,-0.225,-1.431,1.449
52.103,0.021,-0.173,-1.436,1.447
52.113,0.014,-0.176,-1.378,1.389
52.123,0.021,-0.211,-1.274,1.292
52.133,0.053,-0.255,-1.154,1.183
52.143,0.081,-0.299,-1.050,1.094
52.153,0.094,-0.323,-0.989,1.044
52.163,0.071,-0.353,-0.957,1.022
52.173,0.053,-0.352,-0.962,1.026
52.183,0.061,-0.301,-0.997,1.043
52.193,0.083,-0.254,-1.030,1.064
52.203,0.119,-0.226,-1.045,1.075
52.213,0.161,-0.209,-1.025,1.059
52.223,0.184,-0.215,-0.979,1.019
52.233,0.186,-0.222,-0.925,0.969
52.243,0.178,-0.227,-0.873,0.919
52.253,0.160,-0.237,-0.856,0.902
52.263,0.135,-0.235,-0.891,0.931
52.273,0.110,-0.215,-0.966,0.996
52.283,0.091,-0.195,-1.024,1.046
52.293,0.093,-0.187,-1.044,1.065
52.303,0.103,-0.199,-1.032,1.056
52.313,0.106,-0.231,-0.992,1.024
52.322,0.106,-0.269,-0.923,0.967
52.332,0.094,-0.307,-0.820,0.880
52.342,0.073,-0.348,-0.715,0.799
52.352,0.024,-0.413,-0.618,0.744
52.362,0.023,-0.449,-0.568,0.725
52.372,0.020,-0.476,-0.554,0.731
52.382,0.011,-0.495,-0.575,0.759
52.392,-0.009,-0.483,-0.611,0.779
52.402,-0.036,-0.447,-0.681,0.816
52.412,-0.025,-0.393,-0.825,0.914
52.422,-0.027,-0.340,-1.072,1.125
52.432,-0.054,-0.313,-1.350,1.387
52.442,-0.021,-0.264,-1.557,1.579
52.452,0.034,-0.186,-1.578,1.589
52.462,0.013,-0.204,-1.413,1.428
52.472,0.009,-0.279,-1.154,1.188
52.482,0.066,-0.336,-0.932,0.992
52.492,0.105,-0.387,-0.823,0.916
52.502,0.146,-0.409,-0.829,0.935
52.512,0.188,-0.373,-0.932,1.021
52.522,0.201,-0.319,-1.070,1.134
52.532,0.183,-0.280,-1.150,1.197
52.542,0.169,-0.231,-1.143,1.178
52.552,0.134,-0.210,-1.053,1.082
52.562,0.090,-0.239,-0.919,0.954
52.572,0.092,-0.256,-0.790,0.836
52.582,0.122,-0.267,-0.679,0.740
52.592,0.118,-0.306,-0.576,0.663
52.602,0.109,-0.342,-0.502,0.617
52.612,0.105,-0.350,-0.478,0.601
52.622,0.106,-0.347,-0.489,0.609
52.632,0.097,-0.344,-0.502,0.616
52.642,0.094,-0.341,-0.513,0.623
52.651,0.096,-0.340,-0.540,0.645
52.661,0.089,-0.331,-0.587,0.680
52.671,0.074,-0.327,-0.620,0.704
52.681,0.049,-0.334,-0.633,0.718
52.692,0.022,-0.347,-0.656,0.742
52.701,-0.001,-0.346,-0.701,0.781
52.711,-0.024,-0.328,-0.769,0.837
52.721,-0.047,-0.307,-0.847,0.902
52.731,-0.054,-0.284,-0.921,0.965
52.741,-0.041,-0.259,-1.000,1.034
52.751,-0.034,-0.239,-1.096,1.123
52.761,-0.017,-0.234,-1.184,1.207
52.771,0.020,-0.229,-1.237,1.259
52.781,0.053,-0.213,-1.271,1.290
52.791,0.046,-0.207,-1.308,1.325
52.801,0.025,-0.200,-1.342,1.357
52.811,0.000,-0.185,-1.333,1.345
52.821,-0.046,-0.210,-1.237,1.255
52.831,-0.078,-0.251,-1.027,1.060
52.841,-0.115,-0.275,-0.822,0.874
52.851,-0.127,-0.317,-0.688,0.768
52.861,-0.051,-0.351,-0.689,0.774
52.871,0.007,-0.407,-0.919,1.005
52.881,0.051,-0.393,-1.325,1.383
52.891,0.106,-0.312,-1.701,1.733
52.901,0.205,-0.147,-1.998,2.014
52.911,0.243,-0.025,-2.109,2.123
52.921,0.188,-0.060,-1.974,1.984
52.931,0.094,-0.165,-1.682,1.693
52.941,0.074,-0.223,-1.350,1.370
52.950,0.166,-0.233,-1.078,1.115
52.960,0.278,-0.250,-0.887,0.963
52.970,0.310,-0.320,-0.779,0.897
52.980,0.282,-0.383,-0.772,0.907
52.990,0.279,-0.369,-0.850,0.967
53.000,0.258,-0.319,-0.986,1.068
53.010,0.222,-0.228,-1.138,1.182
53.020,0.185,-0.135,-1.256,1.277
53.031,0.143,-0.092,-1.297,1.308
53.040,0.087,-0.083,-1.268,1.274
53.050,0.048,-0.105,-1.177,1.183
53.060,0.053,-0.129,-1.060,1.070
53.070,0.086,-0.152,-0.958,0.974
53.080,0.123,-0.192,-0.912,0.940
53.090,0.134,-0.217,-0.902,0.937
53.100,0.129,-0.206,-0.888,0.921
53.110,0.123,-0.170,-0.867,0.892
53.120,0.143,-0.142,-0.864,0.887
53.130,0.178,-0.132,-0.855,0.884
53.140,0.196,-0.128,-0.822,0.855
53.150,0.201,-0.126,-0.774,0.810
53.160,0.208,-0.135,-0.737,0.778
53.170,0.236,-0.158,-0.772,0.822
53.180,0.268,-0.156,-0.873,0.927
53.190,0.281,-0.144,-0.976,1.026
53.200,0.269,-0.133,-1.047,1.090
53.210,0.234,-0.108,-1.100,1.130
53.220,0.205,-0.079,-1.116,1.137
53.230,0.197,-0.061,-1.076,1.096
53.240,0.192,-0.058,-0.987,1.007
53.250,0.185,-0.080,-0.897,0.920
53.260,0.170,-0.120,-0.868,0.893
53.270,0.128,-0.158,-0.930,0.952
53.280,0.089,-0.164,-1.064,1.080
53.290,0.064,-0.135,-1.239,1.248
53.299,0.038,-0.111,-1.401,1.406
53.310,0.046,-0.074,-1.503,1.506
53.319,0.058,-0.044,-1.524,1.526
53.330,0.070,-0.047,-1.458,1.460
53.339,0.091,-0.086,-1.314,1.320
53.349,0.144,-0.120,-1.162,1.177
53.359,0.195,-0.161,-1.052,1.082
53.369,0.210,-0.185,-0.986,1.025
53.379,0.202,-0.174,-0.952,0.988
53.389,0.195,-0.149,-0.947,0.978
53.399,0.204,-0.125,-0.970,0.999
53.409,0.204,-0.123,-0.991,1.019
53.419,0.198,-0.128,-0.993,1.021
53.429,0.193,-0.142,-0.979,1.008
53.439,0.190,-0.156,-0.960,0.991
53.449,0.181,-0.165,-0.952,0.984
53.459,0.170,-0.165,-0.956,0.985
53.469,0.157,-0.161,-0.953,0.979
53.479,0.138,-0.151,-0.928,0.950
53.489,0.110,-0.145,-0.884,0.903
53.499,0.082,-0.144,-0.827,0.843
53.509,0.078,-0.153,-0.774,0.793
53.519,0.092,-0.178,-0.750,0.776
53.529,0.084,-0.206,-0.756,0.788
53.539,0.068,-0.219,-0.761,0.794
53.549,0.055,-0.209,-0.762,0.793
53.559,0.049,-0.213,-0.749,0.781
53.569,0.064,-0.234,-0.750,0.788
53.579,0.074,-0.242,-0.759,0.799
53.589,0.081,-0.249,-0.761,0.805
53.599,0.087,-0.260,-0.760,0.808
53.609,0.097,-0.270,-0.766,0.818
53.619,0.123,-0.286,-0.809,0.867
53.629,0.136,-0.304,-0.881,0.942
53.639,0.126,-0.305,-0.949,1.005
53.649,0.100,-0.290,-1.016,1.061
53.658,0.074,-0.263,-1.096,1.129
53.669,0.058,-0.232,-1.175,1.200
53.678,0.037,-0.208,-1.224,1.242
53.689,0.016,-0.199,-1.225,1.241
53.698,0.012,-0.210,-1.179,1.197
53.708,0.036,-0.233,-1.097,1.122
53.718,0.073,-0.260,-1.009,1.045
53.728,0.113,-0.284,-0.946,0.994
53.738,0.150,-0.295,-0.912,0.970
53.748,0.172,-0.296,-0.928,0.989
53.758,0.176,-0.285,-0.980,1.036
53.768,0.168,-0.258,-1.035,1.080
53.778,0.155,-0.225,-1.086,1.120
53.788,0.160,-0.193,-1.106,1.134
53.798,0.157,-0.182,-1.083,1.109
53.808,0.132,-0.194,-1.040,1.066
53.818,0.140,-0.186,-1.034,1.060
53.828,0.148,-0.219,-1.054,1.087
53.838,0.173,-0.226,-1.092,1.129
53.848,0.172,-0.221,-1.125,1.159
53.858,0.153,-0.214,-1.115,1.146
53.868,0.135,-0.191,-1.048,1.073
53.878,0.113,-0.178,-0.928,0.952
53.888,0.098,-0.182,-0.800,0.827
53.898,0.096,-0.202,-0.703,0.738
53.908,0.105,-0.219,-0.637,0.682
53.918,0.094,-0.235,-0.613,0.663
53.928,0.051,-0.251,-0.626,0.676
53.938,0.039,-0.237,-0.666,0.708
53.948,0.053,-0.219,-0.722,0.756
53.958,0.081,-0.209,-0.794,0.825
53.968,0.113,-0.207,-0.874,0.906
53.978,0.150,-0.201,-0.960,0.992
53.988,0.185,-0.195,-1.038,1.072
53.997,0.210,-0.192,-1.109,1.145
54.007,0.250,-0.180,-1.143,1.184
54.018,0.295,-0.148,-1.136,1.183
54.027,0.291,-0.154,-1.083,1.132
54.037,0.270,-0.173,-0.993,1.043
54.047,0.259,-0.177,-0.892,0.945
54.057,0.249,-0.187,-0.806,0.864
54.067,0.248,-0.192,-0.746,0.809
54.077,0.249,-0.192,-0.714,0.780
54.087,0.237,-0.195,-0.702,0.766
54.097,0.216,-0.196,-0.699,0.758
54.107,0.202,-0.185,-0.707,0.758
54.117,0.196,-0.169,-0.716,0.762
54.127,0.187,-0.164,-0.704,0.746
54.137,0.171,-0.163,-0.680,0.720
54.147,0.163,-0.171,-0.670,0.710
54.157,0.157,-0.182,-0.690,0.731
54.167,0.160,-0.186,-0.741,0.780
54.177,0.176,-0.191,-0.800,0.841
54.187,0.184,-0.202,-0.844,0.887
54.197,0.179,-0.215,-0.876,0.919
54.207,0.178,-0.227,-0.889,0.934
54.217,0.179,-0.238,-0.874,0.923
54.227,0.177,-0.251,-0.841,0.896
54.237,0.173,-0.266,-0.804,0.865
54.247,0.159,-0.276,-0.791,0.853
54.257,0.136,-0.283,-0.804,0.864
54.267,0.115,-0.283,-0.847,0.900
54.277,0.105,-0.280,-0.911,0.959
54.287,0.105,-0.285,-0.973,1.019
54.297,0.117,-0.287,-1.024,1.070
54.307,0.129,-0.287,-1.056,1.102
54.317,0.136,-0.291,-1.056,1.103
54.326,0.143,-0.298,-1.026,1.078
54.336,0.162,-0.309,-0.998,1.058
54.346,0.186,-0.326,-0.965,1.035
54.357,0.200,-0.352,-0.902,0.988
54.366,0.200,-0.387,-0.844,0.950
54.376,0.188,-0.413,-0.839,0.954
54.386,0.173,-0.419,-0.878,0.988
54.396,0.159,-0.417,-0.932,1.033
54.406,0.152,-0.411,-0.955,1.051
54.416,0.146,-0.403,-0.946,1.038
54.426,0.133,-0.399,-0.919,1.011
54.436,0.124,-0.393,-0.892,0.983
54.446,0.144,-0.386,-0.894,0.984
54.456,0.172,-0.389,-0.917,1.011
54.466,0.200,-0.385,-0.936,1.032
54.476,0.226,-0.369,-0.940,1.035
54.486,0.236,-0.357,-0.934,1.027
54.496,0.235,-0.344,-0.941,1.029
54.506,0.219,-0.333,-0.977,1.055
54.516,0.202,-0.325,-1.043,1.111
54.526,0.181,-0.315,-1.104,1.162
54.536,0.146,-0.314,-1.125,1.177
54.546,0.116,-0.321,-1.102,1.153
54.556,0.092,-0.336,-1.055,1.110
54.566,0.093,-0.359,-1.008,1.074
54.576,0.114,-0.386,-0.964,1.044
54.586,0.142,-0.409,-0.911,1.009
54.596,0.147,-0.430,-0.854,0.967
54.606,0.143,-0.428,-0.818,0.934
54.616,0.128,-0.420,-0.801,0.913
54.626,0.140,-0.393,-0.810,0.911
54.636,0.168,-0.370,-0.830,0.924
54.645,0.197,-0.370,-0.865,0.961
54.656,0.234,-0.377,-0.920,1.021
54.665,0.248,-0.378,-0.989,1.087
54.675,0.242,-0.371,-1.060,1.148
54.685,0.230,-0.357,-1.116,1.194
54.695,0.206,-0.341,-1.116,1.185
54.705,0.172,-0.329,-1.035,1.100
54.715,0.138,-0.338,-0.908,0.979
54.725,0.126,-0.355,-0.793,0.878
54.735,0.124,-0.366,-0.721,0.818
54.745,0.115,-0.373,-0.693,0.796
54.755,0.095,-0.377,-0.713,0.812
54.765,0.078,-0.365,-0.761,0.847
54.775,0.071,-0.337,-0.810,0.881
54.785,0.071,-0.309,-0.838,0.896
54.795,0.071,-0.297,-0.852,0.905
54.805,0.076,-0.295,-0.849,0.902
54.815,0.095,-0.297,-0.830,0.887
54.825,0.114,-0.306,-0.802,0.866
54.835,0.129,-0.312,-0.765,0.836
54.845,0.139,-0.317,-0.737,0.814
54.855,0.152,-0.316,-0.740,0.819
54.865,0.175,-0.310,-0.762,0.841
54.875,0.200,-0.310,-0.783,0.866
54.885,0.229,-0.309,-0.798,0.886
54.895,0.267,-0.306,-0.789,0.888
54.905,0.296,-0.315,-0.766,0.880
54.915,0.313,-0.316,-0.773,0.892
54.925,0.314,-0.294,-0.820,0.926
54.935,0.298,-0.262,-0.874,0.960
54.945,0.272,-0.243,-0.920,0.990
54.955,0.264,-0.238,-0.959,1.023
54.965,0.258,-0.235,-1.004,1.063
54.975,0.241,-0.226,-1.056,1.107
54.984,0.213,-0.219,-1.117,1.158
54.994,0.178,-0.208,-1.182,1.214
55.005,0.151,-0.205,-1.211,1.237
55.014,0.134,-0.213,-1.182,1.208
55.024,0.132,-0.230,-1.109,1.140
55.034,0.154,-0.265,-1.007,1.052
55.044,0.197,-0.311,-0.882,0.956
55.054,0.231,-0.349,-0.777,0.882
55.064,0.238,-0.365,-0.711,0.834
55.074,0.227,-0.362,-0.671,0.795
55.084,0.195,-0.357,-0.639,0.757
55.094,0.151,-0.351,-0.638,0.744
55.104,0.127,-0.358,-0.673,0.773
55.114,0.121,-0.382,-0.755,0.855
55.124,0.157,-0.385,-0.871,0.965
55.134,0.216,-0.391,-0.970,1.068
55.144,0.272,-0.403,-1.006,1.117
55.154,0.297,-0.412,-0.995,1.118
55.164,0.278,-0.422,-0.943,1.070
55.174,0.226,-0.421,-0.859,0.983
55.184,0.181,-0.424,-0.798,0.922
55.194,0.161,-0.438,-0.793,0.920
55.204,0.159,-0.442,-0.835,0.958
55.214,0.158,-0.438,-0.910,1.022
55.224,0.153,-0.422,-1.003,1.099
55.234,0.149,-0.381,-1.090,1.164
55.244,0.145,-0.343,-1.171,1.229
55.254,0.138,-0.323,-1.232,1.281
55.264,0.144,-0.312,-1.259,1.305
55.274,0.171,-0.323,-1.228,1.281
55.284,0.204,-0.344,-1.158,1.225
55.294,0.217,-0.366,-1.101,1.180
55.304,0.216,-0.387,-1.063,1.152
55.314,0.219,-0.394,-1.024,1.119
55.323,0.210,-0.393,-1.013,1.107
55.333,0.205,-0.389,-1.018,1.109
55.344,0.205,-0.386,-0.997,1.088
55.354,0.204,-0.389,-0.933,1.031
55.363,0.210,-0.393,-0.843,0.954
55.374,0.211,-0.404,-0.750,0.878
55.383,0.191,-0.416,-0.685,0.824
55.393,0.171,-0.415,-0.665,0.802
55.403,0.149,-0.414,-0.687,0.816
55.413,0.136,-0.391,-0.781,0.883
55.423,0.106,-0.388,-0.899,0.985
55.433,0.083,-0.382,-0.977,1.052
55.443,0.040,-0.390,-0.982,1.057
55.453,0.015,-0.403,-0.938,1.021
55.463,0.030,-0.403,-0.874,0.963
55.473,0.083,-0.414,-0.807,0.911
55.483,0.157,-0.453,-0.785,0.920
55.493,0.215,-0.486,-0.844,0.998
55.503,0.238,-0.469,-0.964,1.098
55.513,0.215,-0.419,-1.108,1.204
55.523,0.170,-0.378,-1.241,1.308
55.533,0.149,-0.340,-1.317,1.368
55.543,0.154,-0.321,-1.305,1.353
55.553,0.151,-0.349,-1.189,1.249
55.563,0.161,-0.404,-1.010,1.100
55.573,0.184,-0.452,-0.852,0.982
55.583,0.196,-0.484,-0.742,0.907
55.593,0.204,-0.505,-0.683,0.873
55.603,0.197,-0.515,-0.666,0.865
55.613,0.169,-0.494,-0.673,0.852
55.623,0.132,-0.457,-0.680,0.830
55.633,0.090,-0.427,-0.667,0.797
55.643,0.067,-0.407,-0.646,0.766
55.653,0.072,-0.401,-0.634,0.754
55.663,0.090,-0.405,-0.639,0.761
55.672,0.112,-0.411,-0.664,0.789
55.683,0.139,-0.413,-0.703,0.827
55.692,0.165,-0.401,-0.737,0.855
55.702,0.169,-0.379,-0.755,0.861
55.713,0.162,-0.360,-0.743,0.841
55.722,0.154,-0.348,-0.711,0.806
55.732,0.146,-0.343,-0.668,0.765
55.742,0.142,-0.342,-0.638,0.738
55.752,0.141,-0.351,-0.660,0.760
55.762,0.152,-0.359,-0.749,0.844
55.772,0.173,-0.351,-0.865,0.949
55.782,0.173,-0.339,-0.966,1.038
55.792,0.156,-0.326,-1.024,1.086
55.802,0.133,-0.319,-1.037,1.093
55.812,0.114,-0.327,-1.020,1.077
55.822,0.094,-0.345,-0.989,1.052
55.832,0.077,-0.370,-0.965,1.037
55.842,0.071,-0.390,-0.937,1.017
55.852,0.067,-0.378,-0.925,1.001
55.862,0.039,-0.343,-0.969,1.029
55.872,0.009,-0.318,-1.062,1.109
55.882,0.004,-0.311,-1.155,1.197
55.892,0.028,-0.313,-1.198,1.239
55.902,0.077,-0.325,-1.175,1.222
55.912,0.133,-0.356,-1.078,1.143
55.922,0.157,-0.399,-0.932,1.026
55.932,0.151,-0.438,-0.794,0.919
55.942,0.139,-0.460,-0.699,0.848
55.952,0.121,-0.468,-0.662,0.820
55.962,0.095,-0.469,-0.682,0.833
55.972,0.084,-0.463,-0.742,0.879
55.982,0.099,-0.452,-0.817,0.939
55.991,0.125,-0.442,-0.885,0.997
56.001,0.149,-0.432,-0.933,1.038
56.012,0.164,-0.425,-0.969,1.070
56.021,0.188,-0.430,-0.983,1.090
56.031,0.188,-0.444,-0.963,1.077
56.041,0.170,-0.455,-0.934,1.053
56.051,0.159,-0.464,-0.915,1.038
56.061,0.147,-0.470,-0.918,1.042
56.071,0.132,-0.473,-0.941,1.061
56.081,0.111,-0.470,-0.958,1.073
56.091,0.085,-0.463,-0.952,1.062
56.101,0.063,-0.452,-0.926,1.032
56.111,0.047,-0.439,-0.919,1.020
56.121,0.056,-0.433,-0.973,1.067
56.131,0.090,-0.434,-1.060,1.149
56.141,0.130,-0.442,-1.137,1.227
56.151,0.179,-0.465,-1.187,1.288
56.161,0.228,-0.483,-1.197,1.311
56.171,0.272,-0.484,-1.174,1.299
56.181,0.310,-0.472,-1.082,1.221
56.191,0.321,-0.469,-0.942,1.100
56.201,0.304,-0.468,-0.831,1.001
56.211,0.257,-0.467,-0.794,0.957
56.221,0.195,-0.462,-0.807,0.950
56.231,0.144,-0.433,-0.811,0.930
56.241,0.104,-0.401,-0.762,0.867
56.251,0.056,-0.388,-0.689,0.792
56.261,0.005,-0.384,-0.606,0.717
56.271,-0.043,-0.396,-0.546,0.676
56.281,-0.059,-0.414,-0.530,0.675
56.291,-0.062,-0.447,-0.568,0.726
56.301,-0.019,-0.458,-0.693,0.831
56.311,0.052,-0.399,-0.902,0.988
56.321,0.103,-0.324,-1.109,1.160
56.331,0.136,-0.282,-1.236,1.275
56.341,0.161,-0.255,-1.285,1.320
56.350,0.169,-0.269,-1.237,1.277
56.361,0.186,-0.301,-1.121,1.175
56.370,0.207,-0.338,-1.002,1.078
56.380,0.224,-0.377,-0.914,1.014
56.390,0.249,-0.408,-0.859,0.983
56.400,0.271,-0.431,-0.831,0.974
56.410,0.274,-0.449,-0.832,0.985
56.420,0.263,-0.451,-0.852,0.999
56.430,0.229,-0.440,-0.852,0.986
56.440,0.185,-0.436,-0.830,0.956
56.450,0.143,-0.430,-0.808,0.926
56.460,0.108,-0.423,-0.787,0.900
56.470,0.109,-0.418,-0.756,0.871
56.480,0.128,-0.421,-0.722,0.846
56.490,0.148,-0.428,-0.696,0.831
56.500,0.161,-0.429,-0.672,0.813
56.510,0.159,-0.421,-0.656,0.796
56.520,0.131,-0.412,-0.673,0.800
56.530,0.097,-0.397,-0.739,0.844
56.540,0.075,-0.370,-0.835,0.917
56.550,0.054,-0.343,-0.941,1.003
56.560,0.051,-0.331,-1.028,1.081
56.570,0.084,-0.331,-1.061,1.114
56.580,0.130,-0.338,-1.012,1.075
56.590,0.149,-0.342,-0.908,0.982
56.600,0.157,-0.341,-0.798,0.882
56.610,0.159,-0.341,-0.733,0.824
56.620,0.161,-0.328,-0.755,0.839
56.630,0.174,-0.301,-0.868,0.935
56.640,0.151,-0.289,-1.022,1.073
56.649,0.109,-0.267,-1.160,1.196
56.660,0.058,-0.234,-1.218,1.241
56.669,0.049,-0.180,-1.208,1.222
56.680,0.039,-0.173,-1.149,1.162
56.689,0.029,-0.229,-1.055,1.080
56.699,0.050,-0.260,-0.964,1.000
56.710,0.094,-0.278,-0.875,0.923
56.719,0.124,-0.305,-0.818,0.882
56.729,0.122,-0.331,-0.842,0.913
56.739,0.108,-0.339,-0.937,1.003
56.749,0.097,-0.334,-1.061,1.117
56.759,0.082,-0.325,-1.150,1.198
56.769,0.057,-0.311,-1.194,1.235
56.779,0.037,-0.314,-1.206,1.247
56.789,0.039,-0.346,-1.163,1.214
56.799,0.059,-0.390,-1.065,1.135
56.809,0.090,-0.439,-0.955,1.055
56.819,0.112,-0.480,-0.868,0.998
56.829,0.131,-0.499,-0.805,0.956
56.839,0.137,-0.516,-0.767,0.934
56.849,0.131,-0.518,-0.754,0.924
56.859,0.106,-0.523,-0.759,0.928
56.869,0.109,-0.506,-0.761,0.920
56.879,0.130,-0.484,-0.751,0.903
56.889,0.152,-0.477,-0.731,0.886
56.899,0.163,-0.469,-0.718,0.873
56.909,0.163,-0.459,-0.720,0.870
56.919,0.162,-0.448,-0.738,0.878
56.929,0.159,-0.438,-0.765,0.896
56.939,0.165,-0.430,-0.789,0.914
56.949,0.177,-0.431,-0.833,0.955
56.959,0.186,-0.430,-0.911,1.024
56.969,0.205,-0.413,-0.971,1.075
56.978,0.214,-0.387,-1.005,1.098
56.988,0.220,-0.366,-1.036,1.121
56.999,0.231,-0.349,-1.048,1.128
57.008,0.254,-0.353,-1.055,1.141
57.018,0.287,-0.389,-1.050,1.156
57.028,0.323,-0.430,-1.012,1.146
57.038,0.324,-0.476,-0.930,1.094
57.048,0.288,-0.526,-0.817,1.014
57.058,0.253,-0.552,-0.690,0.919
57.068,0.211,-0.553,-0.592,0.837
57.078,0.131,-0.571,-0.560,0.810
57.088,0.069,-0.600,-0.618,0.864
57.098,0.077,-0.610,-0.750,0.969
57.108,0.145,-0.547,-0.974,1.126
57.118,0.184,-0.467,-1.238,1.336
57.128,0.182,-0.435,-1.423,1.499
57.138,0.216,-0.331,-1.485,1.537
57.148,0.182,-0.288,-1.393,1.434
57.158,0.107,-0.349,-1.208,1.262
57.168,0.112,-0.381,-1.034,1.108
57.178,0.142,-0.395,-0.920,1.011
57.188,0.172,-0.436,-0.874,0.992
57.198,0.234,-0.442,-0.865,0.999
57.208,0.290,-0.422,-0.885,1.022
57.218,0.319,-0.389,-0.913,1.043
57.228,0.307,-0.377,-0.911,1.032
57.238,0.287,-0.371,-0.854,0.974
57.248,0.285,-0.336,-0.770,0.887
57.258,0.263,-0.331,-0.686,0.806
57.268,0.245,-0.345,-0.612,0.744
57.278,0.227,-0.354,-0.555,0.696
57.288,0.225,-0.364,-0.514,0.669
57.298,0.208,-0.381,-0.511,0.670
57.308,0.179,-0.382,-0.537,0.682
57.318,0.142,-0.364,-0.585,0.704
57.328,0.072,-0.361,-0.655,0.752
57.337,0.043,-0.335,-0.702,0.779
57.348,0.020,-0.293,-0.728,0.785
57.357,-0.022,-0.299,-0.762,0.819
57.367,-0.044,-0.320,-0.782,0.846
57.377,-0.052,-0.345,-0.804,0.876
57.387,-0.056,-0.364,-0.844,0.921
57.397,-0.063,-0.378,-0.893,0.972
57.407,-0.076,-0.384,-0.930,1.009
57.417,-0.082,-0.373,-0.945,1.019
57.427,-0.083,-0.362,-0.959,1.029
57.437,-0.081,-0.379,-0.962,1.037
57.447,-0.030,-0.347,-0.941,1.004
57.457,-0.042,-0.336,-0.918,0.979
57.467,-0.054,-0.388,-0.872,0.956
57.477,-0.026,-0.398,-0.838,0.928
57.487,0.002,-0.396,-0.844,0.932
57.497,0.019,-0.411,-0.880,0.972
57.507,0.019,-0.413,-0.929,1.017
57.517,0.002,-0.396,-0.995,1.071
57.527,-0.010,-0.353,-1.065,1.122
57.537,-0.021,-0.319,-1.132,1.176
57.547,-0.018,-0.328,-1.196,1.240
57.557,0.026,-0.347,-1.269,1.316
57.567,0.085,-0.386,-1.331,1.389
57.577,0.138,-0.433,-1.365,1.439
57.587,0.139,-0.489,-1.317,1.412
57.597,0.074,-0.554,-1.152,1.281
57.607,-0.012,-0.608,-0.947,1.126
57.617,-0.092,-0.624,-0.823,1.037
57.627,-0.127,-0.632,-0.796,1.025
57.637,-0.041,-0.594,-0.886,1.068
57.647,0.121,-0.537,-1.125,1.252
57.656,0.217,-0.488,-1.418,1.515
57.667,0.267,-0.412,-1.699,1.769
57.677,0.281,-0.317,-1.843,1.891
57.687,0.207,-0.294,-1.769,1.805
57.696,0.080,-0.324,-1.500,1.536
57.707,0.019,-0.389,-1.182,1.244
57.716,0.102,-0.439,-0.892,0.999
57.726,0.286,-0.496,-0.705,0.909
57.736,0.337,-0.592,-0.672,0.956
57.746,0.290,-0.690,-0.745,1.056
57.756,0.233,-0.681,-0.908,1.159
57.766,0.211,-0.543,-1.116,1.259
57.776,0.192,-0.412,-1.296,1.373
57.786,0.184,-0.301,-1.447,1.489
57.796,0.208,-0.238,-1.511,1.544
57.806,0.265,-0.251,-1.464,1.509
57.816,0.362,-0.297,-1.304,1.385
57.826,0.452,-0.354,-1.105,1.245
57.836,0.455,-0.399,-0.951,1.127
57.846,0.407,-0.409,-0.835,1.015
57.856,0.341,-0.368,-0.756,0.907
57.866,0.279,-0.307,-0.687,0.802
57.876,0.223,-0.279,-0.603,0.700
57.886,0.230,-0.236,-0.539,0.631
57.896,0.229,-0.225,-0.491,0.587
57.906,0.234,-0.242,-0.461,0.570
57.916,0.246,-0.264,-0.437,0.567
57.926,0.258,-0.280,-0.432,0.576
57.936,0.250,-0.295,-0.490,0.624
57.946,0.225,-0.295,-0.571,0.681
57.956,0.188,-0.271,-0.638,0.718
57.966,0.143,-0.239,-0.682,0.736
57.976,0.091,-0.206,-0.725,0.759
57.986,0.050,-0.198,-0.766,0.793
57.996,0.022,-0.219,-0.794,0.824
58.006,0.030,-0.257,-0.819,0.859
58.016,0.049,-0.304,-0.857,0.910
58.025,0.067,-0.334,-0.884,0.947
58.036,0.065,-0.340,-0.895,0.960
58.045,0.051,-0.354,-0.898,0.966
58.055,0.024,-0.385,-0.908,0.986
58.065,-0.005,-0.419,-0.931,1.021
58.075,-0.010,-0.444,-0.962,1.059
58.085,-0.004,-0.459,-1.002,1.102
58.095,-0.003,-0.469,-1.070,1.168
58.105,0.007,-0.478,-1.162,1.257
58.115,0.052,-0.446,-1.239,1.318
58.125,0.100,-0.405,-1.273,1.340
58.135,0.123,-0.398,-1.254,1.321
58.145,0.131,-0.396,-1.187,1.258
58.155,0.145,-0.380,-1.092,1.166
58.165,0.158,-0.369,-0.994,1.072
58.175,0.163,-0.371,-0.928,1.012
58.185,0.198,-0.381,-0.888,0.986
58.195,0.250,-0.390,-0.866,0.982
58.205,0.265,-0.399,-0.901,1.021
58.215,0.243,-0.372,-1.000,1.094
58.225,0.210,-0.326,-1.083,1.150
58.235,0.200,-0.274,-1.125,1.174
58.245,0.213,-0.222,-1.138,1.179
58.255,0.234,-0.196,-1.117,1.158
58.265,0.250,-0.215,-1.041,1.092
58.275,0.252,-0.266,-0.940,1.009
58.285,0.230,-0.305,-0.849,0.931
58.295,0.203,-0.311,-0.797,0.880
58.305,0.189,-0.292,-0.774,0.849
58.315,0.183,-0.275,-0.778,0.845
58.325,0.168,-0.274,-0.777,0.841
58.335,0.148,-0.278,-0.760,0.823
58.344,0.113,-0.281,-0.736,0.796
58.354,0.073,-0.278,-0.719,0.775
58.365,0.047,-0.280,-0.724,0.778
58.374,0.025,-0.282,-0.747,0.799
58.385,0.025,-0.287,-0.785,0.836
58.394,0.018,-0.295,-0.828,0.879
58.404,-0.006,-0.298,-0.877,0.926
58.414,-0.018,-0.292,-0.924,0.969
58.424,-0.027,-0.290,-0.973,1.016
58.434,-0.032,-0.288,-1.018,1.059
58.444,-0.019,-0.259,-1.072,1.103
58.454,-0.029,-0.255,-1.126,1.155
58.464,-0.044,-0.257,-1.147,1.176
58.474,-0.043,-0.257,-1.154,1.183
58.484,-0.031,-0.250,-1.147,1.174
58.494,0.004,-0.258,-1.139,1.168
58.504,0.030,-0.275,-1.139,1.172
58.514,0.044,-0.283,-1.180,1.215
58.524,0.060,-0.282,-1.253,1.286
58.534,0.074,-0.251,-1.314,1.340
58.544,0.064,-0.221,-1.328,1.348
58.554,0.037,-0.210,-1.307,1.325
58.564,0.033,-0.214,-1.293,1.311
58.574,0.062,-0.224,-1.285,1.305
58.584,0.097,-0.242,-1.261,1.288
58.594,0.130,-0.255,-1.223,1.256
58.604,0.150,-0.258,-1.170,1.207
58.614,0.169,-0.256,-1.085,1.128
58.624,0.184,-0.261,-0.991,1.041
58.634,0.193,-0.268,-0.889,0.949
58.644,0.192,-0.286,-0.799,0.870
58.654,0.179,-0.306,-0.729,0.810
58.663,0.162,-0.321,-0.699,0.786
58.674,0.143,-0.334,-0.720,0.806
58.683,0.145,-0.338,-0.793,0.874
58.693,0.152,-0.337,-0.874,0.949
58.704,0.160,-0.335,-0.929,1.001
58.713,0.159,-0.331,-0.958,1.025
58.723,0.135,-0.336,-0.973,1.038
58.733,0.105,-0.336,-1.000,1.060
58.743,0.073,-0.333,-1.039,1.094
58.753,0.057,-0.330,-1.086,1.137
58.763,0.056,-0.341,-1.126,1.178
58.773,0.056,-0.345,-1.154,1.206
58.783,0.072,-0.339,-1.154,1.205
58.793,0.112,-0.335,-1.107,1.162
58.803,0.108,-0.354,-1.047,1.110
58.813,0.095,-0.396,-0.971,1.053
58.823,0.109,-0.407,-0.880,0.976
58.833,0.119,-0.413,-0.822,0.928
58.843,0.127,-0.414,-0.797,0.907
58.853,0.144,-0.405,-0.798,0.907
58.863,0.164,-0.393,-0.802,0.908
58.873,0.177,-0.374,-0.803,0.903
58.883,0.175,-0.352,-0.792,0.884
58.893,0.160,-0.332,-0.769,0.853
58.903,0.159,-0.318,-0.746,0.826
58.913,0.156,-0.303,-0.732,0.808
58.923,0.139,-0.293,-0.729,0.798
58.933,0.135,-0.288,-0.726,0.793
58.943,0.120,-0.300,-0.729,0.797
58.953,0.101,-0.307,-0.728,0.797
58.963,0.064,-0.310,-0.717,0.784
58.973,0.055,-0.316,-0.701,0.771
58.983,0.064,-0.297,-0.716,0.778
58.993,0.068,-0.277,-0.774,0.825
59.002,0.085,-0.261,-0.843,0.886
59.012,0.094,-0.234,-0.907,0.941
59.023,0.097,-0.205,-0.963,0.989
59.032,0.092,-0.175,-0.992,1.012
59.042,0.073,-0.155,-0.970,0.985
59.052,0.039,-0.187,-0.900,0.920
59.062,0.016,-0.251,-0.836,0.873
59.072,0.031,-0.289,-0.803,0.853
59.082,0.083,-0.294,-0.802,0.859
59.092,0.141,-0.310,-0.820,0.888
59.102,0.169,-0.328,-0.845,0.922
59.112,0.161,-0.347,-0.903,0.981
59.122,0.126,-0.343,-1.025,1.088
59.132,0.095,-0.288,-1.199,1.237
59.142,0.070,-0.223,-1.370,1.390
59.152,0.069,-0.190,-1.460,1.474
59.162,0.079,-0.169,-1.429,1.441
59.172,0.085,-0.168,-1.333,1.346
59.182,0.093,-0.209,-1.184,1.206
59.192,0.114,-0.252,-1.013,1.050
59.202,0.131,-0.263,-0.911,0.958
59.212,0.151,-0.251,-0.885,0.932
59.222,0.150,-0.235,-0.918,0.960
59.232,0.139,-0.205,-0.988,1.018
59.242,0.142,-0.180,-1.060,1.085
59.252,0.137,-0.163,-1.101,1.121
59.262,0.128,-0.151,-1.099,1.117
59.272,0.108,-0.159,-1.056,1.074
59.282,0.081,-0.176,-0.964,0.984
59.292,0.068,-0.196,-0.862,0.886
59.302,0.053,-0.218,-0.792,0.823
59.312,0.057,-0.230,-0.773,0.809
59.322,0.076,-0.236,-0.790,0.828
59.331,0.089,-0.238,-0.808,0.847
59.342,0.093,-0.242,-0.800,0.841
59.352,0.081,-0.248,-0.782,0.824
59.361,0.061,-0.241,-0.783,0.822
59.371,0.054,-0.238,-0.809,0.845
59.381,0.069,-0.250,-0.866,0.904
59.391,0.090,-0.259,-0.920,0.960
59.401,0.100,-0.267,-0.951,0.993
59.411,0.107,-0.278,-0.952,0.997
59.421,0.110,-0.279,-0.937,0.984
59.431,0.113,-0.282,-0.919,0.968
59.441,0.116,-0.290,-0.902,0.955
59.451,0.108,-0.307,-0.896,0.954
59.461,0.102,-0.309,-0.911,0.967
59.471,0.100,-0.311,-0.947,1.001
59.481,0.114,-0.305,-0.994,1.046
59.491,0.121,-0.294,-1.036,1.084
59.501,0.116,-0.282,-1.064,1.107
59.511,0.102,-0.269,-1.056,1.095
59.521,0.080,-0.257,-1.014,1.049
59.531,0.068,-0.246,-0.954,0.987
59.541,0.050,-0.250,-0.907,0.943
59.551,0.036,-0.261,-0.895,0.933
59.561,0.039,-0.258,-0.916,0.952
59.571,0.053,-0.252,-0.974,1.008
59.581,0.072,-0.249,-1.067,1.098
59.591,0.096,-0.234,-1.171,1.198
59.601,0.112,-0.206,-1.239,1.261
59.611,0.117,-0.178,-1.244,1.262
59.621,0.097,-0.172,-1.164,1.181
59.631,0.056,-0.190,-1.049,1.067
59.641,0.037,-0.212,-0.956,0.980
59.651,0.032,-0.219,-0.936,0.962
59.661,0.050,-0.207,-1.003,1.025
59.671,0.066,-0.185,-1.117,1.134
59.681,0.060,-0.155,-1.200,1.212
59.691,0.033,-0.125,-1.229,1.236
59.701,-0.001,-0.097,-1.214,1.218
59.710,-0.029,-0.084,-1.175,1.178
59.720,-0.042,-0.085,-1.125,1.129
59.730,-0.036,-0.095,-1.048,1.053
59.740,-0.024,-0.121,-0.960,0.968
59.750,-0.006,-0.156,-0.893,0.906
59.760,0.012,-0.187,-0.873,0.893
59.770,0.042,-0.205,-0.891,0.915
59.780,0.077,-0.214,-0.922,0.949
59.790,0.093,-0.213,-0.937,0.966
59.800,0.094,-0.205,-0.926,0.953
59.810,0.098,-0.201,-0.890,0.917
59.820,0.105,-0.203,-0.846,0.876
59.830,0.115,-0.208,-0.809,0.844
59.840,0.126,-0.214,-0.783,0.821
59.850,0.134,-0.221,-0.765,0.808
59.860,0.142,-0.220,-0.767,0.811
59.870,0.154,-0.216,-0.782,0.826
59.880,0.166,-0.212,-0.783,0.828
59.890,0.168,-0.208,-0.757,0.803
59.900,0.157,-0.207,-0.724,0.769
59.910,0.142,-0.216,-0.717,0.762
59.920,0.140,-0.235,-0.752,0.801
59.930,0.157,-0.247,-0.838,0.888
59.940,0.164,-0.250,-0.949,0.995
59.950,0.157,-0.243,-1.038,1.077
59.960,0.155,-0.230,-1.094,1.129
59.970,0.162,-0.211,-1.119,1.150
59.980,0.178,-0.194,-1.093,1.125
59.990,0.166,-0.204,-1.018,1.051
60.000,0.136,-0.237,-0.932,0.972
60.009,0.121,-0.275,-0.879,0.929
60.019,0.114,-0.314,-0.892,0.953
60.029,0.108,-0.340,-0.977,1.040
60.040,0.106,-0.334,-1.090,1.144
60.049,0.098,-0.308,-1.163,1.208
60.059,0.076,-0.286,-1.160,1.197
60.069,0.051,-0.287,-1.094,1.132
60.079,0.039,-0.308,-0.995,1.043
60.089,0.047,-0.332,-0.907,0.968
60.099,0.098,-0.358,-0.879,0.954
60.109,0.146,-0.377,-0.949,1.032
60.119,0.183,-0.357,-1.092,1.163
60.129,0.210,-0.288,-1.229,1.280
60.139,0.197,-0.228,-1.327,1.361
60.149,0.168,-0.192,-1.348,1.371
60.159,0.151,-0.169,-1.297,1.316
60.169,0.147,-0.169,-1.192,1.213
60.179,0.155,-0.188,-1.074,1.101
60.189,0.167,-0.206,-0.940,0.976
60.199,0.191,-0.242,-0.831,0.887
60.209,0.229,-0.275,-0.796,0.872
60.219,0.265,-0.273,-0.813,0.898
60.229,0.268,-0.248,-0.836,0.912
60.239,0.246,-0.222,-0.844,0.907
60.249,0.232,-0.194,-0.841,0.893
60.259,0.218,-0.175,-0.835,0.881
60.269,0.195,-0.160,-0.813,0.851
60.279,0.171,-0.158,-0.778,0.812
60.289,0.152,-0.170,-0.745,0.779
60.299,0.148,-0.182,-0.738,0.775
60.309,0.140,-0.190,-0.740,0.777
60.319,0.130,-0.191,-0.745,0.780
60.329,0.127,-0.191,-0.759,0.793
60.339,0.132,-0.187,-0.773,0.807
60.348,0.137,-0.185,-0.784,0.817
60.359,0.140,-0.187,-0.786,0.820
60.369,0.146,-0.190,-0.790,0.826
60.378,0.158,-0.187,-0.780,0.817
60.388,0.165,-0.184,-0.762,0.801
60.398,0.167,-0.192,-0.773,0.814
60.408,0.164,-0.209,-0.841,0.882
60.418,0.174,-0.216,-0.961,1.001
60.428,0.196,-0.208,-1.062,1.100
60.438,0.210,-0.184,-1.081,1.116
60.448,0.197,-0.151,-1.024,1.054
60.458,0.186,-0.146,-0.902,0.932
60.468,0.198,-0.176,-0.761,0.806
60.478,0.222,-0.225,-0.668,0.739
60.488,0.258,-0.261,-0.647,0.744
60.498,0.290,-0.281,-0.699,0.807
60.508,0.312,-0.284,-0.793,0.898
60.518,0.318,-0.278,-0.891,0.986
60.528,0.306,-0.269,-0.948,1.032
60.538,0.284,-0.257,-0.945,1.019
60.548,0.261,-0.246,-0.900,0.969
60.558,0.251,-0.245,-0.851,0.920
60.568,0.244,-0.259,-0.818,0.892
60.578,0.247,-0.279,-0.799,0.882
60.588,0.244,-0.298,-0.814,0.901
60.598,0.235,-0.307,-0.863,0.945
60.608,0.219,-0.301,-0.919,0.991
60.618,0.201,-0.285,-0.965,1.026
60.628,0.195,-0.276,-0.975,1.032
60.638,0.199,-0.276,-0.939,0.999
60.648,0.217,-0.285,-0.899,0.967
60.658,0.228,-0.297,-0.912,0.986
60.668,0.230,-0.303,-0.985,1.055
60.677,0.242,-0.304,-1.094,1.161
60.687,0.242,-0.297,-1.202,1.262
60.698,0.230,-0.286,-1.269,1.321
60.707,0.213,-0.281,-1.272,1.320
60.717,0.204,-0.284,-1.226,1.275
60.728,0.214,-0.293,-1.159,1.215
60.737,0.226,-0.308,-1.080,1.146
60.747,0.238,-0.323,-0.994,1.072
60.757,0.237,-0.334,-0.919,1.006
60.767,0.226,-0.327,-0.875,0.961
60.777,0.219,-0.312,-0.856,0.937
60.787,0.199,-0.304,-0.837,0.913
60.797,0.178,-0.315,-0.812,0.889
60.807,0.159,-0.337,-0.780,0.864
60.817,0.146,-0.356,-0.770,0.860
60.827,0.140,-0.376,-0.777,0.875
60.837,0.132,-0.394,-0.788,0.891
60.847,0.134,-0.401,-0.793,0.899
60.857,0.155,-0.399,-0.780,0.890
60.867,0.185,-0.406,-0.746,0.869
60.877,0.210,-0.423,-0.701,0.846
60.887,0.213,-0.435,-0.669,0.826
60.897,0.193,-0.420,-0.647,0.795
60.907,0.167,-0.375,-0.609,0.735
60.917,0.151,-0.333,-0.581,0.686
60.927,0.119,-0.306,-0.590,0.675
60.937,0.076,-0.282,-0.685,0.744
60.947,0.079,-0.272,-0.851,0.897
60.957,0.110,-0.283,-1.004,1.049
60.967,0.123,-0.302,-1.077,1.125
60.977,0.127,-0.320,-1.095,1.148
60.987,0.159,-0.345,-1.109,1.172
60.997,0.198,-0.400,-1.175,1.257
61.007,0.269,-0.415,-1.312,1.402
61.016,0.344,-0.369,-1.420,1.507
61.026,0.379,-0.311,-1.434,1.515
61.036,0.375,-0.273,-1.372,1.449
61.046,0.346,-0.279,-1.275,1.350
61.056,0.327,-0.309,-1.180,1.263
61.066,0.317,-0.337,-1.118,1.210
61.077,0.304,-0.346,-1.122,1.212
61.086,0.283,-0.327,-1.188,1.264
61.096,0.265,-0.307,-1.262,1.325
61.106,0.255,-0.298,-1.288,1.347
61.116,0.275,-0.281,-1.250,1.310
61.126,0.281,-0.281,-1.143,1.211
61.136,0.283,-0.284,-1.017,1.093
61.146,0.306,-0.289,-0.911,1.004
61.156,0.318,-0.295,-0.862,0.965
61.166,0.308,-0.281,-0.874,0.968
61.176,0.278,-0.257,-0.932,1.006
61.186,0.240,-0.232,-0.995,1.049
61.196,0.210,-0.221,-1.035,1.079
61.206,0.191,-0.229,-1.043,1.085
61.216,0.185,-0.236,-1.010,1.053
61.226,0.177,-0.235,-0.935,0.980
61.236,0.153,-0.239,-0.835,0.882
61.246,0.130,-0.249,-0.764,0.814
61.256,0.125,-0.246,-0.734,0.784
61.266,0.126,-0.223,-0.735,0.779
61.276,0.107,-0.194,-0.744,0.776
61.286,0.083,-0.162,-0.738,0.760
61.296,0.063,-0.139,-0.701,0.717
61.306,0.054,-0.121,-0.657,0.670
61.316,0.051,-0.123,-0.619,0.633
61.326,0.058,-0.136,-0.582,0.601
61.336,0.073,-0.134,-0.553,0.574
61.346,0.109,-0.130,-0.561,0.586
61.355,0.149,-0.123,-0.575,0.606
61.366,0.195,-0.115,-0.564,0.608
61.375,0.201,-0.128,-0.543,0.593
61.385,0.198,-0.114,-0.486,0.538
61.395,0.172,-0.107,-0.383,0.433
61.405,0.144,-0.117,-0.269,0.327
61.415,0.146,-0.132,-0.186,0.271
61.425,0.124,-0.162,-0.185,0.276
61.435,0.091,-0.173,-0.279,0.341
61.445,0.065,-0.167,-0.404,0.442
61.455,0.066,-0.164,-0.536,0.565
61.465,0.127,-0.170,-0.658,0.691
61.475,0.174,-0.188,-0.697,0.743
61.485,0.219,-0.214,-0.676,0.742
61.495,0.235,-0.268,-0.667,0.756
61.505,0.212,-0.326,-0.686,0.789
61.515,0.205,-0.346,-0.756,0.856
61.525,0.153,-0.353,-0.899,0.978
61.535,0.087,-0.385,-1.061,1.132
61.545,0.071,-0.465,-1.289,1.373
61.555,0.124,-0.539,-1.550,1.646
61.565,0.235,-0.526,-1.681,1.777
61.575,0.351,-0.432,-1.676,1.766
61.585,0.375,-0.376,-1.545,1.634
61.595,0.330,-0.428,-1.376,1.479
61.605,0.279,-0.515,-1.337,1.460
61.615,0.276,-0.558,-1.455,1.583
61.625,0.287,-0.552,-1.595,1.712
61.635,0.287,-0.524,-1.645,1.750
61.645,0.279,-0.505,-1.581,1.683
61.655,0.230,-0.531,-1.404,1.519
61.665,0.175,-0.578,-1.203,1.346
61.675,0.121,-0.614,-1.037,1.211
61.685,0.087,-0.609,-0.922,1.108
61.695,0.072,-0.574,-0.844,1.023
61.704,0.060,-0.526,-0.771,0.936
61.715,0.056,-0.472,-0.702,0.847
61.724,0.050,-0.431,-0.653,0.784
61.735,0.055,-0.415,-0.638,0.764
61.745,0.071,-0.415,-0.674,0.795
61.754,0.081,-0.412,-0.730,0.842
61.764,0.079,-0.396,-0.783,0.881
61.774,0.071,-0.370,-0.826,0.908
61.784,0.063,-0.351,-0.859,0.930
61.794,0.059,-0.343,-0.863,0.930
61.804,0.070,-0.328,-0.809,0.876
61.814,0.092,-0.323,-0.741,0.813
61.824,0.130,-0.327,-0.726,0.807
61.834,0.180,-0.331,-0.776,0.862
61.844,0.238,-0.332,-0.842,0.936
61.854,0.266,-0.346,-0.947,1.043
61.864,0.253,-0.354,-1.070,1.155
61.874,0.221,-0.347,-1.051,1.129
61.884,0.191,-0.337,-0.850,0.935
61.894,0.182,-0.380,-0.667,0.789
61.904,0.210,-0.448,-0.640,0.809
61.914,0.209,-0.532,-0.829,1.006
61.924,0.124,-0.564,-1.156,1.292
61.934,0.045,-0.449,-1.460,1.528
61.944,-0.023,-0.313,-1.638,1.667
61.954,-0.072,-0.239,-1.655,1.674
61.964,-0.095,-0.222,-1.568,1.587
61.974,-0.076,-0.291,-1.399,1.431
61.984,0.032,-0.367,-1.207,1.262
61.994,0.150,-0.426,-1.051,1.144
62.004,0.223,-0.479,-0.928,1.068
62.014,0.270,-0.478,-0.842,1.005
62.023,0.293,-0.421,-0.809,0.958
62.034,0.295,-0.362,-0.824,0.947
62.043,0.283,-0.311,-0.852,0.950
62.053,0.267,-0.264,-0.876,0.953
62.063,0.253,-0.236,-0.867,0.933
62.073,0.237,-0.240,-0.816,0.883
62.083,0.218,-0.277,-0.746,0.825
62.093,0.215,-0.307,-0.665,0.763
62.103,0.208,-0.306,-0.586,0.693
62.113,0.201,-0.297,-0.535,0.644
62.123,0.204,-0.290,-0.512,0.623
62.133,0.188,-0.272,-0.478,0.581
62.143,0.161,-0.245,-0.433,0.523
62.153,0.125,-0.222,-0.384,0.461
62.163,0.100,-0.201,-0.333,0.402
62.173,0.088,-0.194,-0.281,0.353
62.183,0.104,-0.203,-0.232,0.325
62.193,0.142,-0.211,-0.201,0.324
62.203,0.152,-0.211,-0.199,0.328
62.213,0.147,-0.207,-0.212,0.331
62.223,0.141,-0.204,-0.238,0.344
62.233,0.128,-0.199,-0.270,0.359
62.243,0.118,-0.186,-0.323,0.391
62.253,0.134,-0.182,-0.395,0.455
62.263,0.169,-0.200,-0.507,0.571
62.273,0.204,-0.236,-0.672,0.741
62.283,0.258,-0.247,-0.840,0.912
62.293,0.301,-0.242,-0.945,1.021
62.303,0.303,-0.290,-0.959,1.047
62.313,0.207,-0.392,-0.959,1.057
62.323,0.107,-0.478,-1.054,1.162
62.332,0.113,-0.534,-1.214,1.331
62.343,0.210,-0.536,-1.428,1.539
62.353,0.323,-0.493,-1.637,1.740
62.362,0.407,-0.439,-1.785,1.883
62.372,0.435,-0.424,-1.800,1.899
62.383,0.424,-0.417,-1.657,1.760
62.392,0.423,-0.420,-1.426,1.546
62.402,0.423,-0.438,-1.197,1.343
62.412,0.393,-0.468,-1.070,1.232
62.422,0.337,-0.522,-1.050,1.220
62.432,0.284,-0.559,-1.089,1.257
62.442,0.231,-0.563,-1.163,1.313
62.452,0.158,-0.558,-1.268,1.394
62.462,0.094,-0.543,-1.354,1.462
62.472,0.067,-0.507,-1.365,1.458
62.482,0.063,-0.466,-1.292,1.375
62.492,0.096,-0.450,-1.135,1.225
62.502,0.139,-0.451,-0.930,1.043
62.512,0.180,-0.436,-0.753,0.889
62.522,0.210,-0.437,-0.604,0.774
62.532,0.204,-0.461,-0.521,0.725
62.542,0.189,-0.462,-0.514,0.716
62.552,0.205,-0.429,-0.576,0.748
62.562,0.241,-0.395,-0.667,0.812
62.572,0.254,-0.376,-0.751,0.877
62.582,0.267,-0.359,-0.803,0.919
62.592,0.291,-0.360,-0.905,1.016
62.602,0.309,-0.375,-1.049,1.156
62.612,0.279,-0.350,-1.169,1.251
62.622,0.185,-0.305,-1.251,1.301
62.632,0.035,-0.332,-1.229,1.274
62.642,-0.095,-0.419,-1.114,1.194
62.652,-0.155,-0.498,-0.984,1.114
62.662,-0.202,-0.579,-0.926,1.111
62.672,-0.211,-0.598,-0.936,1.131
62.682,-0.108,-0.518,-0.996,1.128
62.691,0.021,-0.480,-1.103,1.204
62.702,0.111,-0.465,-1.228,1.318
62.711,0.196,-0.361,-1.289,1.353
62.722,0.255,-0.232,-1.226,1.274
62.731,0.311,-0.185,-1.057,1.117
62.741,0.374,-0.211,-0.823,0.929
62.751,0.459,-0.264,-0.609,0.807
62.761,0.512,-0.324,-0.498,0.784
62.771,0.502,-0.343,-0.517,0.798
62.781,0.438,-0.308,-0.661,0.850
62.791,0.362,-0.253,-0.875,0.980
62.801,0.268,-0.227,-1.080,1.136
62.811,0.181,-0.211,-1.182,1.215
62.821,0.088,-0.200,-1.157,1.178
62.831,0.015,-0.204,-1.024,1.044
62.841,-0.015,-0.221,-0.830,0.859
62.851,-0.008,-0.224,-0.623,0.662
62.861,0.011,-0.237,-0.440,0.500
62.871,0.016,-0.259,-0.310,0.404
62.881,0.014,-0.272,-0.244,0.366
62.891,0.030,-0.262,-0.250,0.363
62.901,0.074,-0.224,-0.345,0.417
62.911,0.121,-0.200,-0.471,0.526
62.921,0.154,-0.208,-0.560,0.617
62.931,0.202,-0.218,-0.594,0.664
62.941,0.235,-0.251,-0.609,0.699
62.951,0.211,-0.291,-0.616,0.713
62.961,0.188,-0.308,-0.647,0.741
62.971,0.174,-0.308,-0.750,0.829
62.981,0.156,-0.326,-0.906,0.976
62.991,0.130,-0.366,-1.044,1.114
63.001,0.101,-0.430,-1.149,1.231
63.011,0.074,-0.538,-1.218,1.334
63.021,0.081,-0.652,-1.236,1.399
63.031,0.110,-0.717,-1.240,1.437
63.041,0.147,-0.695,-1.226,1.417
63.050,0.156,-0.619,-1.203,1.362
63.061,0.128,-0.557,-1.199,1.329
63.070,0.113,-0.534,-1.269,1.382
63.080,0.148,-0.520,-1.354,1.458
63.090,0.197,-0.491,-1.383,1.481
63.100,0.186,-0.481,-1.335,1.431
63.110,0.160,-0.513,-1.212,1.326
63.120,0.195,-0.564,-1.040,1.199
63.130,0.239,-0.612,-0.844,1.069
63.140,0.263,-0.659,-0.669,0.975
63.150,0.280,-0.694,-0.552,0.930
63.160,0.262,-0.689,-0.489,0.885
63.170,0.220,-0.624,-0.496,0.827
63.180,0.163,-0.531,-0.579,0.803
63.190,0.103,-0.455,-0.696,0.838
63.200,0.039,-0.409,-0.798,0.897
63.210,0.000,-0.381,-0.850,0.932
63.220,0.015,-0.362,-0.838,0.913
63.230,0.044,-0.361,-0.793,0.873
63.240,0.082,-0.379,-0.726,0.823
63.250,0.137,-0.397,-0.680,0.800
63.260,0.196,-0.417,-0.717,0.852
63.270,0.270,-0.423,-0.803,0.946
63.280,0.331,-0.397,-0.913,1.049
63.290,0.317,-0.333,-1.078,1.171
63.300,0.239,-0.256,-1.222,1.271
63.310,0.176,-0.206,-1.298,1.326
63.320,0.166,-0.247,-1.348,1.381
63.330,0.241,-0.374,-1.364,1.435
63.340,0.329,-0.503,-1.213,1.354
63.350,0.317,-0.621,-0.971,1.195
63.360,0.203,-0.728,-0.882,1.162
63.369,0.098,-0.759,-1.009,1.266
63.380,0.086,-0.643,-1.276,1.431
63.389,0.089,-0.521,-1.543,1.631
63.399,0.135,-0.459,-1.670,1.737
63.409,0.240,-0.395,-1.564,1.630
63.419,0.367,-0.425,-1.310,1.425
63.429,0.515,-0.550,-1.022,1.269
63.439,0.630,-0.674,-0.793,1.217
63.449,0.696,-0.746,-0.689,1.232
63.459,0.685,-0.725,-0.733,1.238
63.469,0.608,-0.561,-0.890,1.215
63.479,0.498,-0.379,-1.075,1.244
63.489,0.340,-0.281,-1.258,1.333
63.499,0.212,-0.199,-1.327,1.358
63.509,0.122,-0.135,-1.277,1.290
63.519,0.020,-0.176,-1.139,1.153
63.529,-0.048,-0.271,-0.926,0.966
63.539,-0.062,-0.330,-0.709,0.785
63.549,-0.039,-0.366,-0.521,0.638
63.559,-0.015,-0.372,-0.371,0.525
63.569,0.004,-0.356,-0.269,0.446
63.579,0.034,-0.305,-0.204,0.369
63.589,0.047,-0.246,-0.180,0.308
63.599,0.053,-0.204,-0.181,0.278
63.609,0.048,-0.180,-0.182,0.261
63.619,0.030,-0.174,-0.165,0.242
63.629,0.011,-0.172,-0.142,0.223
63.639,0.008,-0.159,-0.118,0.198
63.649,0.019,-0.163,-0.094,0.189
63.659,0.047,-0.188,-0.093,0.215
63.669,0.032,-0.228,-0.168,0.285
63.679,0.043,-0.235,-0.291,0.376
63.689,0.100,-0.213,-0.431,0.492
63.699,0.156,-0.243,-0.546,0.618
63.709,0.193,-0.305,-0.727,0.812
63.719,0.205,-0.321,-1.017,1.086
63.728,0.106,-0.336,-1.273,1.321
63.739,-0.108,-0.463,-1.356,1.437
63.748,-0.281,-0.642,-1.369,1.538
63.758,-0.333,-0.846,-1.426,1.692
63.768,-0.237,-1.005,-1.504,1.824
63.778,0.001,-0.971,-1.526,1.809
63.788,0.212,-0.824,-1.533,1.753
63.798,0.275,-0.749,-1.647,1.830
63.808,0.289,-0.679,-1.836,1.979
63.818,0.330,-0.506,-1.907,2.001
63.828,0.321,-0.385,-1.800,1.868
63.838,0.236,-0.393,-1.547,1.613
63.848,0.129,-0.482,-1.360,1.449
63.858,0.066,-0.594,-1.286,1.418
63.868,0.049,-0.637,-1.269,1.421
63.878,0.050,-0.604,-1.296,1.431
63.888,0.064,-0.536,-1.275,1.385
63.898,0.060,-0.450,-1.218,1.300
63.908,0.038,-0.372,-1.171,1.229
63.918,0.027,-0.301,-1.157,1.196
63.928,0.024,-0.247,-1.155,1.181
63.938,0.024,-0.215,-1.113,1.133
63.948,0.021,-0.230,-1.008,1.034
63.958,0.017,-0.263,-0.871,0.910
63.968,0.007,-0.282,-0.756,0.807
63.978,-0.002,-0.296,-0.701,0.761
63.988,0.018,-0.304,-0.676,0.741
63.998,0.041,-0.305,-0.640,0.710
64.008,0.064,-0.306,-0.584,0.663
64.018,0.106,-0.306,-0.562,0.649
64.028,0.140,-0.303,-0.596,0.683
64.038,0.169,-0.274,-0.648,0.724
64.048,0.204,-0.232,-0.701,0.766
64.058,0.236,-0.203,-0.778,0.838
64.067,0.244,-0.193,-0.934,0.984
64.077,0.234,-0.188,-1.129,1.168
64.087,0.208,-0.187,-1.264,1.295
64.097,0.168,-0.157,-1.227,1.248
64.108,0.129,-0.142,-1.027,1.045
64.117,0.116,-0.234,-0.817,0.858
64.127,0.152,-0.388,-0.718,0.830
64.137,0.234,-0.551,-0.803,1.002
64.147,0.304,-0.663,-1.072,1.296
64.157,0.344,-0.552,-1.439,1.580
64.167,0.394,-0.318,-1.826,1.895
64.177,0.416,-0.113,-2.118,2.162
64.187,0.415,0.050,-2.112,2.153
64.197,0.371,0.050,-1.859,1.897
64.207,0.309,-0.082,-1.483,1.517
64.217,0.328,-0.170,-1.107,1.167
64.227,0.335,-0.242,-0.813,0.912
64.237,0.332,-0.328,-0.570,0.737
64.247,0.364,-0.335,-0.464,0.678
64.257,0.337,-0.329,-0.471,0.666
64.267,0.275,-0.298,-0.570,0.699
64.277,0.237,-0.198,-0.699,0.764
64.287,0.201,-0.114,-0.811,0.844
64.297,0.169,-0.098,-0.883,0.905
64.307,0.150,-0.099,-0.910,0.928
64.317,0.142,-0.102,-0.869,0.886
64.327,0.148,-0.131,-0.777,0.802
64.337,0.183,-0.179,-0.662,0.709
64.347,0.216,-0.238,-0.571,0.655
64.357,0.220,-0.278,-0.509,0.620
64.367,0.199,-0.296,-0.470,0.590
64.377,0.150,-0.292,-0.467,0.570
64.387,0.093,-0.263,-0.505,0.577
64.396,0.038,-0.238,-0.587,0.635
64.406,-0.007,-0.222,-0.669,0.705
64.416,-0.031,-0.220,-0.735,0.768
64.426,-0.039,-0.241,-0.790,0.827
64.436,-0.046,-0.270,-0.833,0.877
64.446,-0.046,-0.274,-0.873,0.916
64.456,-0.039,-0.277,-0.935,0.976
64.466,-0.048,-0.280,-1.013,1.052
64.476,-0.054,-0.272,-1.073,1.109
64.486,-0.052,-0.273,-1.106,1.140
64.496,-0.040,-0.263,-1.133,1.164
64.506,-0.046,-0.259,-1.141,1.171
64.516,-0.064,-0.232,-1.118,1.144
64.526,-0.091,-0.210,-1.096,1.120
64.536,-0.083,-0.205,-1.096,1.118
64.546,-0.034,-0.241,-1.126,1.152
64.556,0.001,-0.263,-1.177,1.206
64.566,0.028,-0.231,-1.241,1.263
64.576,0.063,-0.180,-1.275,1.290
64.586,0.087,-0.133,-1.195,1.205
64.596,0.074,-0.124,-1.031,1.041
64.606,0.061,-0.142,-0.853,0.867
64.616,0.061,-0.178,-0.723,0.747
64.626,0.067,-0.214,-0.682,0.718
64.636,0.085,-0.229,-0.730,0.770
64.646,0.131,-0.231,-0.827,0.868
64.656,0.159,-0.207,-0.959,0.994
64.666,0.162,-0.143,-1.115,1.136
64.676,0.131,-0.073,-1.259,1.268
64.686,0.114,-0.028,-1.353,1.358
64.696,0.128,-0.008,-1.349,1.356
64.705,0.161,-0.021,-1.261,1.272
64.716,0.173,-0.080,-1.101,1.118
64.726,0.192,-0.120,-0.927,0.955
64.735,0.237,-0.136,-0.784,0.830
64.745,0.252,-0.172,-0.702,0.765
64.756,0.247,-0.190,-0.674,0.742
64.765,0.248,-0.175,-0.673,0.738
64.775,0.239,-0.144,-0.687,0.741
64.785,0.221,-0.115,-0.708,0.751
64.795,0.196,-0.100,-0.724,0.756
64.805,0.173,-0.098,-0.715,0.743
64.815,0.150,-0.116,-0.704,0.729
64.825,0.130,-0.132,-0.684,0.709
64.835,0.121,-0.144,-0.662,0.688
64.845,0.110,-0.158,-0.649,0.677
64.855,0.088,-0.165,-0.655,0.681
64.865,0.052,-0.163,-0.683,0.704
64.875,0.013,-0.169,-0.715,0.735
64.885,0.000,-0.179,-0.760,0.781
64.895,-0.007,-0.199,-0.839,0.863
64.905,-0.010,-0.220,-0.944,0.969
64.915,0.001,-0.242,-1.050,1.077
64.925,0.016,-0.262,-1.131,1.161
64.935,0.026,-0.264,-1.170,1.200
64.945,0.031,-0.265,-1.166,1.196
64.955,0.019,-0.277,-1.140,1.174
64.965,-0.004,-0.297,-1.086,1.126
64.975,-0.030,-0.324,-1.030,1.080
64.985,-0.063,-0.345,-0.981,1.042
64.995,-0.089,-0.342,-0.960,1.022
65.005,-0.101,-0.335,-0.943,1.006
65.015,-0.113,-0.336,-0.913,0.979
65.025,-0.129,-0.339,-0.872,0.944
65.035,-0.135,-0.343,-0.827,0.906
65.045,-0.120,-0.334,-0.796,0.872
65.055,-0.097,-0.317,-0.787,0.854
65.064,-0.086,-0.297,-0.790,0.848
65.074,-0.092,-0.281,-0.791,0.844
65.084,-0.099,-0.266,-0.783,0.833
65.094,-0.080,-0.257,-0.783,0.828
65.104,-0.035,-0.272,-0.808,0.854
65.114,0.008,-0.282,-0.874,0.918
65.124,0.069,-0.292,-0.952,0.998
65.134,0.137,-0.313,-0.994,1.051
65.144,0.180,-0.355,-1.030,1.104
65.154,0.171,-0.391,-1.117,1.195
65.164,0.132,-0.368,-1.194,1.256
65.174,0.058,-0.314,-1.221,1.262
65.184,-0.025,-0.285,-1.290,1.321
65.194,-0.070,-0.285,-1.420,1.450
65.204,-0.085,-0.293,-1.589,1.618
65.214,-0.079,-0.285,-1.728,1.753
65.224,-0.061,-0.258,-1.788,1.808
65.234,-0.066,-0.243,-1.744,1.762
65.244,-0.050,-0.252,-1.629,1.649
65.254,0.021,-0.276,-1.492,1.518
65.264,0.104,-0.302,-1.374,1.410
65.274,0.160,-0.343,-1.301,1.355
65.284,0.198,-0.372,-1.273,1.341
65.294,0.230,-0.352,-1.239,1.309
65.304,0.239,-0.305,-1.162,1.225
65.314,0.223,-0.255,-1.048,1.101
65.324,0.191,-0.214,-0.917,0.961
65.334,0.176,-0.192,-0.787,0.829
65.344,0.174,-0.193,-0.680,0.728
65.354,0.165,-0.208,-0.599,0.655
65.364,0.164,-0.221,-0.526,0.594
65.374,0.175,-0.245,-0.466,0.555
65.384,0.172,-0.263,-0.411,0.518
65.393,0.184,-0.265,-0.370,0.490
65.404,0.176,-0.241,-0.365,0.472
65.414,0.124,-0.200,-0.452,0.509
65.423,0.078,-0.151,-0.608,0.632
65.433,0.065,-0.109,-0.717,0.728
65.443,0.058,-0.089,-0.715,0.723
65.453,0.013,-0.088,-0.679,0.685
65.463,-0.023,-0.106,-0.563,0.573
65.473,-0.042,-0.116,-0.422,0.440
65.483,-0.056,-0.127,-0.325,0.353
65.493,-0.067,-0.148,-0.286,0.329
65.503,-0.059,-0.148,-0.267,0.311
65.513,-0.040,-0.130,-0.258,0.291
65.523,-0.022,-0.112,-0.264,0.287
65.533,-0.005,-0.104,-0.272,0.291
65.543,0.008,-0.109,-0.266,0.287
65.553,0.041,-0.118,-0.244,0.274
65.563,0.064,-0.137,-0.252,0.294
65.573,0.068,-0.168,-0.340,0.385
65.583,0.068,-0.187,-0.497,0.535
65.593,0.101,-0.178,-0.683,0.713
65.603,0.126,-0.166,-0.877,0.902
65.613,0.115,-0.165,-1.073,1.092
65.623,0.064,-0.135,-1.195,1.204
65.633,-0.077,-0.127,-1.186,1.195
65.643,-0.235,-0.245,-1.171,1.219
65.653,-0.314,-0.459,-1.301,1.415
65.663,-0.270,-0.621,-1.609,1.746
65.673,-0.100,-0.552,-1.982,2.060
65.683,0.012,-0.363,-2.262,2.291
65.693,-0.003,-0.264,-2.443,2.457
65.703,-0.010,-0.212,-2.532,2.541
65.713,0.065,-0.117,-2.506,2.510
65.723,0.140,-0.057,-2.316,2.321
65.733,0.140,-0.115,-1.946,1.954
65.742,0.147,-0.172,-1.560,1.577
65.753,0.185,-0.222,-1.230,1.264
65.762,0.222,-0.314,-0.997,1.069
65.772,0.251,-0.369,-0.949,1.049
65.783,0.285,-0.364,-1.020,1.120
65.792,0.291,-0.285,-1.105,1.177
65.802,0.258,-0.182,-1.144,1.187
65.812,0.203,-0.145,-1.115,1.143
65.822,0.141,-0.155,-1.053,1.074
65.832,0.120,-0.148,-0.985,1.003
65.842,0.120,-0.161,-0.917,0.938
65.852,0.112,-0.200,-0.827,0.858
65.862,0.112,-0.222,-0.673,0.718
65.872,0.130,-0.224,-0.481,0.546
65.882,0.174,-0.218,-0.319,0.424
65.892,0.170,-0.254,-0.225,0.379
65.902,0.141,-0.270,-0.197,0.363
65.912,0.142,-0.212,-0.226,0.341
65.922,0.124,-0.176,-0.297,0.366
65.932,0.072,-0.164,-0.402,0.440
65.942,0.038,-0.153,-0.495,0.520
65.952,0.057,-0.109,-0.596,0.608
65.962,0.095,-0.069,-0.773,0.782
65.972,0.168,-0.065,-0.975,0.992
65.982,0.265,-0.080,-1.146,1.179
65.992,0.287,-0.116,-1.269,1.306
66.002,0.221,-0.107,-1.324,1.346
66.012,0.135,-0.070,-1.276,1.285
66.022,0.039,-0.219,-1.225,1.245
66.032,-0.007,-0.473,-1.246,1.333
66.042,-0.009,-0.585,-1.248,1.378
66.052,0.049,-0.496,-1.234,1.331
66.062,0.106,-0.448,-1.321,1.399
66.071,0.096,-0.517,-1.499,1.589
66.082,0.088,-0.379,-1.723,1.766
66.091,0.146,-0.097,-1.872,1.880
66.102,0.227,0.123,-1.890,1.908
66.111,0.303,0.166,-1.668,1.704
66.121,0.422,0.055,-1.303,1.370
66.131,0.531,-0.130,-0.876,1.032
66.141,0.628,-0.342,-0.500,0.873
66.151,0.690,-0.452,-0.297,0.877
66.161,0.653,-0.452,-0.237,0.829
66.171,0.517,-0.351,-0.352,0.718
66.181,0.352,-0.188,-0.610,0.729
66.191,0.183,-0.066,-0.895,0.916
66.201,0.002,0.006,-1.139,1.139
66.211,-0.102,0.064,-1.290,1.295
66.221,-0.193,0.063,-1.335,1.351
66.231,-0.279,-0.003,-1.241,1.272
66.241,-0.313,-0.082,-1.037,1.086
66.251,-0.264,-0.108,-0.841,0.888
66.261,-0.239,-0.146,-0.673,0.729
66.271,-0.257,-0.211,-0.559,0.650
66.281,-0.298,-0.246,-0.501,0.633
66.291,-0.273,-0.218,-0.478,0.592
66.301,-0.188,-0.164,-0.509,0.566
66.311,-0.090,-0.131,-0.614,0.634
66.321,-0.021,-0.152,-0.786,0.801
66.331,0.008,-0.170,-0.975,0.990
66.341,0.005,-0.145,-1.104,1.113
66.351,-0.043,-0.095,-1.130,1.135
66.361,-0.150,-0.069,-1.019,1.032
66.371,-0.260,-0.053,-0.901,0.939
66.381,-0.357,-0.099,-0.893,0.967
66.390,-0.345,-0.269,-0.991,1.083
66.401,-0.276,-0.430,-1.337,1.432
66.410,-0.183,-0.416,-1.788,1.844
66.420,-0.063,-0.294,-2.062,2.084
66.430,0.098,-0.131,-2.153,2.159
66.440,0.177,-0.032,-2.055,2.063
66.451,0.137,-0.079,-1.811,1.818
66.460,0.133,-0.152,-1.483,1.496
66.470,0.202,-0.194,-1.228,1.259
66.480,0.258,-0.286,-1.083,1.150
66.490,0.268,-0.394,-1.040,1.144
66.500,0.280,-0.407,-1.085,1.192
66.510,0.333,-0.302,-1.167,1.250
66.520,0.338,-0.180,-1.281,1.337
66.530,0.302,-0.099,-1.392,1.428
66.540,0.267,-0.038,-1.464,1.489
66.550,0.246,0.005,-1.472,1.492
66.560,0.180,-0.003,-1.395,1.407
66.570,0.096,-0.071,-1.227,1.233
66.580,0.052,-0.127,-1.032,1.041
66.590,0.055,-0.137,-0.866,0.879
66.600,0.061,-0.176,-0.752,0.775
66.610,0.020,-0.246,-0.677,0.720
66.620,0.005,-0.291,-0.613,0.679
66.630,0.005,-0.303,-0.563,0.640
66.640,0.005,-0.312,-0.526,0.611
66.650,-0.002,-0.318,-0.506,0.598
66.660,-0.017,-0.315,-0.498,0.590
66.670,-0.017,-0.291,-0.480,0.562
66.680,0.008,-0.270,-0.432,0.510
66.690,0.047,-0.273,-0.385,0.475
66.700,0.104,-0.279,-0.373,0.478
66.710,0.133,-0.285,-0.377,0.491
66.720,0.125,-0.260,-0.388,0.483
66.730,0.104,-0.231,-0.394,0.469
66.740,0.077,-0.221,-0.401,0.464
66.750,0.065,-0.212,-0.430,0.484
66.760,0.060,-0.179,-0.470,0.506
66.769,0.027,-0.140,-0.522,0.541
66.779,-0.006,-0.128,-0.626,0.639
66.789,-0.022,-0.159,-0.730,0.747
66.799,-0.015,-0.225,-0.799,0.830
66.809,0.008,-0.304,-0.863,0.915
66.819,0.077,-0.358,-0.981,1.047
66.829,0.190,-0.370,-1.134,1.208
66.839,0.261,-0.344,-1.293,1.363
66.849,0.244,-0.298,-1.430,1.481
66.859,0.223,-0.261,-1.518,1.557
66.869,0.275,-0.247,-1.537,1.581
66.879,0.419,-0.283,-1.486,1.569
66.889,0.511,-0.372,-1.400,1.536
66.899,0.506,-0.433,-1.297,1.458
66.909,0.472,-0.410,-1.196,1.349
66.919,0.415,-0.342,-1.201,1.316
66.929,0.348,-0.264,-1.262,1.336
66.939,0.286,-0.208,-1.263,1.312
66.949,0.243,-0.171,-1.217,1.253
66.959,0.222,-0.196,-1.127,1.165
66.969,0.236,-0.239,-1.025,1.079
66.979,0.278,-0.265,-0.937,1.013
66.989,0.319,-0.279,-0.871,0.969
66.999,0.343,-0.267,-0.804,0.914
67.009,0.329,-0.248,-0.714,0.824
67.019,0.319,-0.218,-0.605,0.717
67.029,0.314,-0.203,-0.503,0.626
67.039,0.289,-0.195,-0.441,0.562
67.049,0.284,-0.164,-0.423,0.535
67.059,0.257,-0.141,-0.435,0.524
67.068,0.191,-0.148,-0.424,0.488
67.079,0.110,-0.161,-0.399,0.444
67.088,0.033,-0.141,-0.377,0.404
67.098,-0.020,-0.106,-0.385,0.399
67.108,-0.027,-0.067,-0.418,0.424
67.119,-0.007,-0.045,-0.462,0.465
67.128,0.001,-0.057,-0.503,0.506
67.138,0.002,-0.064,-0.514,0.518
67.148,-0.003,-0.061,-0.491,0.495
67.158,-0.005,-0.060,-0.448,0.452
67.168,0.028,-0.067,-0.394,0.401
67.178,0.049,-0.111,-0.355,0.375
67.188,0.036,-0.160,-0.338,0.376
67.198,0.052,-0.171,-0.330,0.375
67.208,0.085,-0.172,-0.343,0.393
67.218,0.127,-0.179,-0.376,0.435
67.228,0.134,-0.212,-0.472,0.535
67.238,0.117,-0.226,-0.599,0.651
67.248,0.100,-0.218,-0.748,0.786
67.258,0.049,-0.220,-0.917,0.944
67.268,-0.004,-0.237,-1.044,1.071
67.278,-0.028,-0.297,-1.105,1.144
67.288,-0.064,-0.399,-1.200,1.266
67.298,-0.086,-0.497,-1.360,1.450
67.308,-0.049,-0.553,-1.483,1.583
67.318,0.046,-0.530,-1.545,1.634
67.328,0.135,-0.473,-1.570,1.645
67.338,0.200,-0.461,-1.535,1.615
67.348,0.294,-0.489,-1.444,1.553
67.358,0.395,-0.510,-1.408,1.549
67.368,0.450,-0.555,-1.394,1.566
67.378,0.477,-0.575,-1.441,1.623
67.388,0.437,-0.557,-1.645,1.791
67.398,0.446,-0.511,-1.826,1.948
67.408,0.418,-0.456,-1.972,2.067
67.418,0.405,-0.372,-1.969,2.045
67.427,0.384,-0.306,-1.846,1.910
67.438,0.221,-0.324,-1.697,1.742
67.447,0.134,-0.356,-1.466,1.514
67.457,0.114,-0.378,-1.271,1.331
67.467,0.168,-0.398,-1.134,1.214
67.477,0.264,-0.436,-1.057,1.174
67.487,0.308,-0.475,-1.048,1.191
67.497,0.323,-0.469,-1.049,1.194
67.507,0.335,-0.420,-1.041,1.171
67.517,0.339,-0.392,-1.024,1.148
67.527,0.334,-0.386,-0.996,1.119
67.537,0.326,-0.386,-0.928,1.057
67.547,0.300,-0.391,-0.827,0.963
67.557,0.260,-0.387,-0.736,0.871
67.567,0.223,-0.390,-0.678,0.813
67.577,0.186,-0.377,-0.650,0.774
67.587,0.142,-0.340,-0.640,0.738
67.597,0.097,-0.292,-0.634,0.705
67.607,0.064,-0.244,-0.623,0.672
67.617,0.025,-0.202,-0.618,0.651
67.627,0.006,-0.179,-0.602,0.629
67.637,0.025,-0.168,-0.563,0.588
67.647,0.040,-0.164,-0.558,0.583
67.657,0.057,-0.164,-0.585,0.610
67.667,0.089,-0.171,-0.591,0.622
67.677,0.125,-0.151,-0.586,0.618
67.687,0.127,-0.129,-0.619,0.645
67.697,0.088,-0.126,-0.673,0.690
67.707,0.048,-0.128,-0.694,0.707
67.717,0.032,-0.136,-0.717,0.731
67.727,0.040,-0.164,-0.775,0.794
67.737,0.069,-0.217,-0.877,0.907
67.747,0.101,-0.319,-1.009,1.063
67.757,0.107,-0.457,-1.127,1.220
67.767,0.030,-0.504,-1.250,1.348
67.777,-0.043,-0.454,-1.297,1.375
67.787,-0.043,-0.350,-1.282,1.330
67.796,0.037,-0.286,-1.292,1.324
67.806,0.170,-0.348,-1.298,1.355
67.816,0.259,-0.428,-1.260,1.356
67.826,0.302,-0.422,-1.159,1.270
67.836,0.331,-0.367,-0.980,1.097
67.846,0.352,-0.345,-0.770,0.914
67.856,0.298,-0.343,-0.612,0.763
67.866,0.192,-0.359,-0.502,0.647
67.876,0.115,-0.306,-0.584,0.669
67.886,0.064,-0.202,-0.825,0.852
67.896,-0.002,-0.145,-1.068,1.078
67.906,-0.030,-0.103,-1.204,1.209
67.916,0.031,-0.040,-1.228,1.229
67.926,0.072,-0.057,-1.125,1.128
67.936,0.079,-0.141,-0.951,0.964
67.946,0.086,-0.184,-0.753,0.780
67.956,0.065,-0.175,-0.580,0.609
67.966,0.024,-0.200,-0.417,0.464
67.976,-0.013,-0.230,-0.274,0.358
67.986,-0.012,-0.216,-0.204,0.297
67.996,0.020,-0.190,-0.222,0.293
68.006,0.062,-0.173,-0.284,0.338
68.016,0.106,-0.165,-0.370,0.419
68.026,0.127,-0.171,-0.442,0.491
68.036,0.106,-0.175,-0.450,0.495
68.046,0.050,-0.171,-0.411,0.448
68.056,0.013,-0.166,-0.378,0.413
68.065,0.043,-0.173,-0.367,0.408
68.076,0.097,-0.207,-0.417,0.475
68.086,0.132,-0.243,-0.537,0.604
68.096,0.148,-0.257,-0.676,0.739
68.105,0.177,-0.264,-0.827,0.886
68.116,0.166,-0.275,-1.028,1.077
68.125,0.120,-0.285,-1.276,1.313
68.135,0.056,-0.307,-1.492,1.524
68.145,0.045,-0.345,-1.618,1.655
68.155,0.103,-0.351,-1.640,1.680
68.165,0.151,-0.364,-1.568,1.617
68.175,0.198,-0.387,-1.451,1.515
68.185,0.258,-0.426,-1.347,1.436
68.195,0.295,-0.475,-1.369,1.478
68.205,0.320,-0.466,-1.545,1.645
68.215,0.336,-0.414,-1.775,1.853
68.225,0.346,-0.355,-1.964,2.025
68.235,0.377,-0.294,-2.084,2.139
68.245,0.386,-0.252,-2.109,2.159
68.255,0.345,-0.271,-2.000,2.048
68.265,0.255,-0.331,-1.759,1.808
68.275,0.168,-0.369,-1.477,1.531
68.285,0.087,-0.374,-1.243,1.301
68.295,0.016,-0.394,-1.086,1.156
68.305,-0.037,-0.417,-0.996,1.080
68.315,-0.052,-0.411,-0.935,1.023
68.325,-0.028,-0.391,-0.872,0.956
68.335,0.017,-0.376,-0.788,0.874
68.345,0.048,-0.370,-0.675,0.771
68.355,0.055,-0.378,-0.541,0.663
68.365,0.055,-0.389,-0.413,0.570
68.375,0.078,-0.392,-0.316,0.510
68.384,0.095,-0.407,-0.276,0.501
68.395,0.096,-0.424,-0.311,0.534
68.405,0.092,-0.409,-0.396,0.577
68.414,0.088,-0.364,-0.513,0.635
68.424,0.111,-0.322,-0.621,0.708
68.435,0.162,-0.306,-0.688,0.770
68.444,0.215,-0.317,-0.747,0.839
68.454,0.214,-0.347,-0.820,0.916
68.464,0.180,-0.379,-0.865,0.961
68.475,0.139,-0.436,-0.884,0.996
68.484,0.117,-0.501,-0.914,1.049
68.494,0.138,-0.545,-1.010,1.156
68.504,0.150,-0.576,-1.165,1.308
68.514,0.095,-0.601,-1.313,1.447
68.524,0.014,-0.577,-1.400,1.515
68.534,-0.067,-0.524,-1.419,1.514
68.544,-0.093,-0.464,-1.390,1.469
68.554,-0.026,-0.419,-1.301,1.367
68.564,0.094,-0.439,-1.164,1.247
68.574,0.189,-0.485,-1.016,1.141
68.584,0.304,-0.457,-0.881,1.038
68.594,0.473,-0.420,-0.771,0.998
68.604,0.605,-0.459,-0.708,1.038
68.614,0.628,-0.488,-0.672,1.041
68.624,0.579,-0.421,-0.672,0.982
68.634,0.496,-0.302,-0.708,0.916
68.644,0.393,-0.208,-0.760,0.880
68.654,0.301,-0.166,-0.814,0.884
68.664,0.232,-0.166,-0.838,0.885
68.674,0.170,-0.192,-0.831,0.870
68.684,0.127,-0.207,-0.791,0.828
68.694,0.112,-0.200,-0.762,0.795
68.704,0.097,-0.200,-0.737,0.770
68.714,0.079,-0.188,-0.705,0.734
68.724,0.060,-0.182,-0.658,0.685
68.734,0.041,-0.183,-0.569,0.599
68.744,0.040,-0.187,-0.476,0.513
68.753,0.063,-0.192,-0.393,0.442
68.764,0.078,-0.198,-0.350,0.409
68.774,0.071,-0.202,-0.344,0.405
68.783,0.045,-0.208,-0.360,0.418
68.794,0.013,-0.207,-0.372,0.426
68.803,-0.002,-0.189,-0.376,0.421
68.813,-0.015,-0.177,-0.370,0.410
68.823,-0.025,-0.172,-0.359,0.399
68.833,-0.025,-0.171,-0.338,0.380
68.843,-0.018,-0.163,-0.322,0.362
68.853,-0.014,-0.152,-0.331,0.365
68.863,-0.004,-0.154,-0.362,0.393
68.873,0.008,-0.170,-0.432,0.464
68.883,0.019,-0.193,-0.554,0.587
68.893,0.018,-0.210,-0.715,0.746
68.903,-0.008,-0.235,-0.853,0.885
68.913,-0.031,-0.276,-0.940,0.980
68.923,-0.096,-0.357,-0.997,1.064
68.933,-0.161,-0.449,-1.092,1.192
68.943,-0.147,-0.558,-1.288,1.411
68.953,-0.059,-0.619,-1.534,1.655
68.963,0.061,-0.579,-1.688,1.786
68.973,0.142,-0.495,-1.689,1.766
68.983,0.176,-0.490,-1.582,1.665
68.993,0.200,-0.579,-1.463,1.586
69.003,0.278,-0.651,-1.492,1.651
69.013,0.387,-0.642,-1.674,1.834
69.023,0.441,-0.622,-1.948,2.092
69.033,0.435,-0.587,-2.135,2.257
69.043,0.413,-0.481,-2.221,2.310
69.053,0.331,-0.428,-2.202,2.268
69.063,0.229,-0.465,-2.043,2.107
69.073,0.163,-0.500,-1.785,1.861
69.082,0.117,-0.528,-1.547,1.639
69.093,0.073,-0.537,-1.381,1.483
69.103,0.008,-0.533,-1.264,1.372
69.113,-0.063,-0.523,-1.179,1.292
69.122,-0.121,-0.479,-1.124,1.228
69.132,-0.187,-0.431,-1.078,1.176
69.142,-0.230,-0.394,-1.009,1.108
69.152,-0.236,-0.370,-0.920,1.020
69.162,-0.207,-0.361,-0.802,0.903
69.172,-0.151,-0.365,-0.662,0.771
69.182,-0.062,-0.369,-0.518,0.639
69.192,-0.001,-0.381,-0.383,0.540
69.202,0.040,-0.389,-0.250,0.465
69.212,0.084,-0.373,-0.154,0.413
69.222,0.103,-0.375,-0.094,0.400
69.232,0.115,-0.378,-0.096,0.406
69.242,0.139,-0.343,-0.142,0.397
69.252,0.153,-0.294,-0.207,0.390
69.262,0.185,-0.262,-0.305,0.442
69.272,0.221,-0.264,-0.457,0.572
69.282,0.231,-0.274,-0.655,0.747
69.292,0.197,-0.264,-0.838,0.900
69.302,0.177,-0.248,-0.925,0.974
69.312,0.168,-0.278,-0.939,0.994
69.322,0.176,-0.380,-0.950,1.038
69.332,0.205,-0.494,-0.966,1.104
69.342,0.250,-0.593,-1.020,1.206
69.352,0.241,-0.677,-1.147,1.354
69.362,0.231,-0.637,-1.304,1.470
69.372,0.227,-0.538,-1.432,1.547
69.382,0.233,-0.479,-1.523,1.614
69.392,0.310,-0.439,-1.545,1.636
69.402,0.434,-0.456,-1.474,1.603
69.412,0.533,-0.531,-1.340,1.537
69.422,0.600,-0.594,-1.177,1.449
69.431,0.680,-0.610,-1.019,1.368
69.442,0.728,-0.653,-0.908,1.335
69.451,0.748,-0.700,-0.847,1.329
69.461,0.746,-0.690,-0.819,1.305
69.471,0.697,-0.630,-0.821,1.247
69.481,0.618,-0.553,-0.841,1.181
69.491,0.516,-0.482,-0.846,1.102
69.501,0.405,-0.415,-0.838,1.019
69.511,0.295,-0.377,-0.824,0.953
69.521,0.219,-0.379,-0.778,0.892
69.531,0.197,-0.380,-0.719,0.837
69.541,0.191,-0.350,-0.646,0.759
69.551,0.195,-0.328,-0.585,0.698
69.561,0.186,-0.330,-0.566,0.682
69.571,0.160,-0.315,-0.582,0.680
69.581,0.120,-0.271,-0.624,0.691
69.591,0.086,-0.206,-0.665,0.702
69.601,0.055,-0.163,-0.688,0.709
69.611,0.045,-0.153,-0.690,0.708
69.621,0.059,-0.165,-0.675,0.698
69.631,0.086,-0.182,-0.634,0.665
69.641,0.121,-0.205,-0.587,0.633
69.651,0.160,-0.225,-0.548,0.613
69.661,0.178,-0.236,-0.492,0.574
69.671,0.169,-0.227,-0.401,0.491
69.681,0.146,-0.205,-0.315,0.403
69.691,0.115,-0.172,-0.242,0.319
69.701,0.091,-0.138,-0.207,0.265
69.711,0.068,-0.125,-0.204,0.249
69.721,0.042,-0.104,-0.268,0.290
69.731,0.045,-0.062,-0.362,0.370
69.741,0.057,-0.049,-0.442,0.448
69.751,0.070,-0.066,-0.518,0.527
69.761,0.069,-0.088,-0.609,0.619
69.771,0.094,-0.102,-0.670,0.684
69.780,0.121,-0.114,-0.696,0.715
69.790,0.127,-0.116,-0.735,0.754
69.801,0.090,-0.114,-0.812,0.825
69.810,-0.013,-0.131,-0.916,0.925
69.820,-0.153,-0.207,-0.960,0.994
69.830,-0.304,-0.321,-0.993,1.087
69.840,-0.437,-0.465,-1.117,1.286
69.850,-0.474,-0.616,-1.346,1.554
69.860,-0.344,-0.629,-1.614,1.766
69.870,-0.192,-0.568,-1.747,1.847
69.880,-0.081,-0.492,-1.781,1.849
69.890,0.025,-0.434,-1.801,1.852
69.900,0.103,-0.433,-1.746,1.802
69.910,0.086,-0.426,-1.669,1.725
69.920,0.037,-0.414,-1.581,1.634
69.930,-0.022,-0.462,-1.548,1.615
69.940,-0.118,-0.511,-1.582,1.666
69.950,-0.189,-0.522,-1.624,1.716
69.960,-0.227,-0.524,-1.665,1.760
69.970,-0.250,-0.526,-1.710,1.806
69.980,-0.231,-0.540,-1.718,1.816
69.990,-0.194,-0.549,-1.600,1.702
70.000,-0.197,-0.568,-1.474,1.592
70.010,-0.204,-0.567,-1.419,1.542
70.020,-0.177,-0.557,-1.401,1.518
70.030,-0.123,-0.552,-1.395,1.506
70.040,-0.049,-0.532,-1.383,1.483
70.050,0.016,-0.518,-1.349,1.445
70.060,0.052,-0.499,-1.285,1.380
70.070,0.065,-0.474,-1.203,1.295
70.080,0.016,-0.458,-1.104,1.196
70.090,-0.047,-0.447,-0.997,1.094
70.100,-0.088,-0.417,-0.899,0.995
70.110,-0.131,-0.392,-0.799,0.900
70.120,-0.144,-0.356,-0.709,0.806
70.129,-0.146,-0.312,-0.624,0.713
70.139,-0.116,-0.285,-0.538,0.620
70.149,-0.063,-0.269,-0.464,0.540
70.159,-0.015,-0.270,-0.401,0.484
70.169,0.027,-0.262,-0.337,0.428
70.179,0.040,-0.253,-0.249,0.358
70.189,0.032,-0.235,-0.165,0.289
70.199,0.009,-0.216,-0.122,0.248
70.209,-0.004,-0.191,-0.126,0.228
70.219,0.000,-0.169,-0.162,0.234
70.229,0.026,-0.175,-0.188,0.258
70.239,0.059,-0.189,-0.188,0.273
70.249,0.088,-0.177,-0.191,0.275
70.259,0.117,-0.160,-0.205,0.285
70.269,0.111,-0.158,-0.249,0.315
70.279,0.081,-0.138,-0.292,0.333
70.289,0.078,-0.118,-0.310,0.340
70.299,0.091,-0.129,-0.336,0.371
70.309,0.118,-0.157,-0.449,0.490
70.319,0.207,-0.224,-0.617,0.688
70.329,0.251,-0.307,-0.895,0.979
70.339,0.156,-0.313,-1.220,1.269
70.349,0.007,-0.323,-1.350,1.389
70.359,-0.086,-0.459,-1.239,1.324
70.369,-0.117,-0.625,-1.087,1.260
70.379,-0.165,-0.779,-0.981,1.264
70.389,-0.177,-0.843,-0.865,1.221
70.399,-0.093,-0.876,-0.743,1.153
70.409,-0.060,-0.972,-0.784,1.250
70.419,-0.098,-0.956,-1.060,1.430
70.429,-0.014,-0.694,-1.518,1.669
70.438,0.037,-0.354,-1.985,2.017
70.449,0.001,-0.133,-2.203,2.207
70.458,0.084,-0.090,-2.031,2.035
70.469,0.133,-0.175,-1.667,1.682
70.478,0.172,-0.294,-1.268,1.313
70.488,0.287,-0.434,-0.835,0.984
70.498,0.357,-0.594,-0.517,0.864
70.508,0.420,-0.624,-0.323,0.819
70.519,0.403,-0.657,-0.227,0.803
70.528,0.285,-0.687,-0.283,0.796
70.538,0.137,-0.631,-0.464,0.795
70.548,0.050,-0.487,-0.717,0.868
70.558,0.002,-0.380,-0.983,1.054
70.568,-0.072,-0.301,-1.199,1.239
70.578,-0.129,-0.222,-1.344,1.368
70.588,-0.126,-0.195,-1.408,1.427
70.598,-0.138,-0.256,-1.409,1.439
70.608,-0.125,-0.303,-1.395,1.433
70.618,-0.122,-0.268,-1.342,1.374
70.628,-0.216,-0.233,-1.220,1.261
70.638,-0.348,-0.260,-1.083,1.167
70.648,-0.412,-0.324,-1.039,1.164
70.658,-0.291,-0.311,-1.197,1.270
70.668,-0.008,-0.214,-1.502,1.517
70.678,0.167,-0.199,-1.797,1.815
70.688,0.300,-0.107,-2.084,2.108
70.698,0.358,0.073,-2.236,2.265
70.708,0.264,0.123,-2.124,2.144
70.718,0.108,0.050,-1.790,1.794
70.728,0.058,-0.038,-1.434,1.436
70.738,0.018,-0.203,-1.141,1.159
70.748,-0.008,-0.363,-0.908,0.978
70.758,0.080,-0.390,-0.811,0.904
70.768,0.122,-0.385,-0.898,0.985
70.778,0.143,-0.291,-1.143,1.188
70.787,0.146,-0.159,-1.455,1.471
70.797,0.138,-0.050,-1.734,1.740
70.807,0.152,0.040,-1.903,1.909
70.817,0.149,0.094,-1.931,1.939
70.827,0.117,0.076,-1.768,1.773
70.838,0.097,-0.012,-1.459,1.462
70.847,0.136,-0.031,-1.151,1.160
70.857,0.132,-0.103,-0.868,0.884
70.867,0.109,-0.231,-0.652,0.700
70.877,0.118,-0.285,-0.590,0.666
70.887,0.118,-0.280,-0.668,0.734
70.897,0.121,-0.184,-0.781,0.812
70.907,0.135,-0.116,-0.840,0.858
70.917,0.164,-0.095,-0.811,0.833
70.927,0.199,-0.093,-0.697,0.731
70.937,0.222,-0.124,-0.567,0.621
70.947,0.215,-0.157,-0.462,0.533
70.957,0.203,-0.171,-0.380,0.463
70.967,0.157,-0.180,-0.319,0.399
70.977,0.147,-0.181,-0.256,0.346
70.987,0.174,-0.212,-0.199,0.339
70.997,0.205,-0.256,-0.190,0.379
71.007,0.219,-0.277,-0.210,0.411
71.017,0.230,-0.263,-0.229,0.418
71.027,0.210,-0.252,-0.214,0.392
71.037,0.169,-0.269,-0.204,0.378
71.047,0.150,-0.296,-0.174,0.375
71.057,0.153,-0.284,-0.089,0.334
71.067,0.193,-0.265,0.012,0.328
71.077,0.241,-0.331,0.047,0.412
71.087,0.309,-0.441,-0.052,0.541
71.097,0.350,-0.502,-0.328,0.694
71.107,0.352,-0.385,-0.759,0.921
71.116,0.356,-0.166,-1.243,1.304
71.127,0.321,0.010,-1.615,1.647
71.136,0.286,0.174,-1.722,1.754
71.146,0.347,0.183,-1.544,1.593
71.156,0.377,-0.057,-1.333,1.387
71.166,0.314,-0.221,-1.248,1.306
71.176,0.268,-0.262,-1.280,1.334
71.186,0.266,-0.174,-1.426,1.461
71.196,0.267,-0.062,-1.603,1.626
71.206,0.264,-0.048,-1.728,1.748
71.216,0.288,-0.049,-1.780,1.803
71.226,0.314,-0.045,-1.748,1.777
71.236,0.301,-0.075,-1.651,1.680
71.246,0.270,-0.103,-1.551,1.578
71.256,0.227,-0.134,-1.450,1.474
71.266,0.159,-0.158,-1.324,1.343
71.276,0.091,-0.158,-1.175,1.189
71.286,0.049,-0.163,-1.028,1.042
71.296,0.034,-0.181,-0.910,0.928
71.306,0.014,-0.223,-0.834,0.864
71.316,-0.007,-0.259,-0.811,0.851
71.326,-0.008,-0.255,-0.826,0.865
71.336,-0.011,-0.228,-0.852,0.882
71.346,-0.030,-0.213,-0.871,0.897
71.356,-0.050,-0.200,-0.862,0.887
71.366,-0.068,-0.188,-0.822,0.846
71.376,-0.079,-0.193,-0.776,0.804
71.386,-0.073,-0.205,-0.787,0.816
71.396,-0.052,-0.208,-0.854,0.880
71.406,-0.035,-0.212,-0.921,0.946
71.416,-0.042,-0.231,-0.949,0.978
71.426,-0.058,-0.247,-0.954,0.987
71.436,-0.065,-0.250,-0.937,0.972
71.445,-0.066,-0.256,-0.913,0.950
71.456,-0.051,-0.275,-0.895,0.937
71.465,-0.026,-0.289,-0.863,0.911
71.476,-0.011,-0.289,-0.798,0.849
71.485,-0.019,-0.271,-0.712,0.762
71.495,-0.049,-0.262,-0.662,0.714
71.506,-0.064,-0.267,-0.700,0.752
71.515,-0.036,-0.261,-0.849,0.889
71.525,0.014,-0.234,-1.055,1.080
71.535,0.054,-0.196,-1.210,1.227
71.545,0.068,-0.158,-1.283,1.295
71.555,0.096,-0.078,-1.266,1.272
71.565,0.071,-0.064,-1.124,1.128
71.575,0.011,-0.133,-0.904,0.914
71.585,-0.015,-0.161,-0.730,0.748
71.595,-0.040,-0.176,-0.649,0.673
71.605,-0.086,-0.224,-0.627,0.672
71.615,-0.097,-0.243,-0.660,0.711
71.625,-0.073,-0.223,-0.745,0.781
71.635,-0.052,-0.204,-0.861,0.886
71.645,-0.032,-0.184,-0.982,0.999
71.655,-0.009,-0.165,-1.091,1.103
71.665,0.029,-0.151,-1.174,1.184
71.675,0.077,-0.155,-1.225,1.237
71.685,0.111,-0.157,-1.244,1.259
71.695,0.124,-0.151,-1.231,1.247
71.705,0.136,-0.159,-1.167,1.186
71.715,0.145,-0.170,-1.107,1.129
71.725,0.122,-0.167,-1.093,1.112
71.735,0.078,-0.160,-1.086,1.100
71.745,0.037,-0.144,-1.091,1.101
71.755,0.008,-0.113,-1.076,1.082
71.765,0.000,-0.093,-1.037,1.041
71.774,0.028,-0.098,-0.986,0.991
71.785,0.039,-0.105,-0.957,0.964
71.794,0.045,-0.114,-0.899,0.907
71.804,0.078,-0.118,-0.832,0.844
71.814,0.058,-0.117,-0.819,0.829
71.824,0.033,-0.102,-0.817,0.824
71.834,0.024,-0.106,-0.787,0.795
71.844,0.066,-0.135,-0.749,0.764
71.854,0.093,-0.163,-0.766,0.789
71.864,0.097,-0.170,-0.800,0.824
71.874,0.117,-0.161,-0.819,0.843
71.884,0.145,-0.165,-0.833,0.861
71.894,0.130,-0.152,-0.857,0.880
71.904,0.121,-0.141,-0.866,0.886
71.914,0.139,-0.140,-0.861,0.883
71.924,0.178,-0.142,-0.860,0.890
71.934,0.213,-0.154,-0.871,0.910
71.944,0.262,-0.165,-0.895,0.947
71.954,0.299,-0.191,-0.939,1.003
71.964,0.336,-0.198,-0.993,1.067
71.974,0.410,-0.185,-1.071,1.162
71.984,0.460,-0.189,-1.130,1.235
71.994,0.387,-0.183,-1.064,1.147
72.004,0.379,-0.106,-1.067,1.137
72.014,0.359,-0.023,-1.149,1.204
72.024,0.299,0.000,-1.256,1.292
72.034,0.239,0.020,-1.291,1.313
72.044,0.165,0.011,-1.311,1.321
72.054,0.143,0.043,-1.273,1.282
72.064,0.149,0.055,-1.225,1.235
72.074,0.156,0.044,-1.200,1.211
72.084,0.152,-0.002,-1.177,1.187
72.094,0.160,0.009,-1.034,1.047
72.104,0.280,0.060,-0.929,0.972
72.114,0.405,0.049,-1.034,1.112
72.124,0.421,0.027,-1.128,1.204
72.133,0.399,0.026,-1.072,1.144
72.144,0.364,0.015,-0.966,1.033
72.153,0.303,-0.002,-0.947,0.994
72.163,0.201,-0.026,-0.997,1.017
72.173,0.107,-0.028,-1.087,1.093
72.183,-0.052,0.001,-1.112,1.113
72.193,0.003,0.107,-0.891,0.897
72.203,0.138,-0.043,-0.774,0.787
72.213,0.211,-0.155,-0.839,0.879
72.223,0.364,-0.152,-0.885,0.969
72.233,0.403,-0.206,-0.892,1.000
72.243,0.316,-0.219,-0.802,0.890
72.253,0.191,-0.151,-0.689,0.731
72.263,0.147,0.004,-0.625,0.642
72.273,0.151,0.049,-0.665,0.684
72.283,0.108,-0.012,-0.786,0.793
72.293,0.055,-0.027,-0.887,0.890
72.303,0.013,0.029,-0.946,0.947
72.313,-0.043,0.044,-0.950,0.952
72.323,-0.080,0.010,-0.998,1.001
72.333,-0.071,-0.074,-1.052,1.057
72.343,-0.049,-0.118,-1.125,1.133
72.353,-0.025,-0.107,-1.190,1.195
72.363,-0.028,-0.052,-1.204,1.206
72.373,-0.084,-0.018,-1.118,1.121
72.383,-0.024,-0.086,-1.072,1.076
72.393,0.062,-0.232,-1.130,1.155
72.403,0.088,-0.248,-1.110,1.141
72.413,0.171,-0.236,-1.059,1.098
72.423,0.188,-0.257,-0.958,1.010
72.433,0.154,-0.290,-0.891,0.949
72.443,0.152,-0.306,-0.902,0.964
72.452,0.187,-0.305,-0.915,0.982
72.463,0.328,-0.248,-0.984,1.067
72.473,0.388,-0.228,-0.990,1.088
72.482,0.291,-0.307,-0.867,0.965
72.492,0.197,-0.354,-0.778,0.877
72.502,0.042,-0.321,-0.746,0.813
72.512,0.207,-0.395,-0.731,0.856
72.522,0.312,-0.405,-0.581,0.774
72.532,0.382,-0.431,-0.512,0.770
72.542,0.368,-0.524,-0.548,0.843
72.552,0.204,-0.547,-0.631,0.860
72.562,0.156,-0.459,-0.743,0.887
72.572,0.112,-0.393,-0.822,0.918
72.582,0.070,-0.343,-0.874,0.942
72.592,0.041,-0.360,-0.908,0.978
72.602,0.029,-0.413,-0.927,1.015
72.612,-0.000,-0.404,-0.879,0.968
72.622,0.023,-0.371,-0.841,0.920
72.632,0.059,-0.365,-0.777,0.861
72.642,0.094,-0.351,-0.700,0.789
72.652,0.115,-0.328,-0.605,0.698
72.662,0.111,-0.309,-0.471,0.575
72.672,0.109,-0.289,-0.334,0.455
72.682,0.110,-0.282,-0.237,0.385
72.692,0.136,-0.302,-0.210,0.392
72.702,0.147,-0.313,-0.245,0.424
72.712,0.115,-0.290,-0.272,0.414
72.722,0.097,-0.246,-0.251,0.365
72.732,0.123,-0.255,-0.282,0.400
72.742,0.134,-0.283,-0.377,0.491
72.752,0.103,-0.269,-0.460,0.543
72.762,0.064,-0.200,-0.396,0.448
72.772,0.039,-0.178,-0.358,0.401
72.782,0.032,-0.204,-0.349,0.405
72.792,-0.019,-0.234,-0.376,0.443
72.802,-0.067,-0.421,-0.530,0.681
72.811,-0.011,-0.672,-0.824,1.063
72.821,0.128,-0.700,-1.172,1.371
72.832,0.190,-0.556,-1.571,1.677
72.841,0.198,-0.390,-1.922,1.971
72.851,0.106,-0.261,-2.177,2.195
72.861,0.004,-0.177,-2.415,2.421
72.872,0.082,-0.118,-2.643,2.646
72.881,0.202,-0.052,-2.790,2.798
72.891,0.222,-0.014,-2.657,2.666
72.901,0.216,-0.053,-2.272,2.283
72.911,0.158,-0.183,-1.782,1.799
72.921,0.084,-0.298,-1.330,1.365
72.931,0.050,-0.422,-0.959,1.049
72.941,0.013,-0.525,-0.658,0.842
72.951,-0.049,-0.495,-0.441,0.664
72.961,-0.081,-0.415,-0.335,0.539
72.971,-0.089,-0.359,-0.252,0.447
72.981,-0.071,-0.331,-0.202,0.395
72.991,0.002,-0.320,-0.184,0.369
73.001,0.122,-0.278,-0.189,0.358
73.011,0.243,-0.208,-0.296,0.436
73.021,0.252,-0.150,-0.466,0.551
73.031,0.211,-0.131,-0.651,0.696
73.041,0.158,-0.158,-0.803,0.833
73.051,0.149,-0.218,-0.873,0.912
73.061,0.193,-0.293,-0.868,0.937
73.071,0.199,-0.343,-0.830,0.920
73.081,0.182,-0.393,-0.754,0.869
73.091,0.163,-0.459,-0.664,0.823
73.101,0.143,-0.540,-0.600,0.819
73.111,0.144,-0.591,-0.608,0.860
73.121,0.151,-0.589,-0.749,0.965
73.131,0.169,-0.556,-1.035,1.187
73.140,0.228,-0.452,-1.590,1.668
73.150,0.158,-0.300,-2.082,2.109
73.161,0.084,-0.261,-2.321,2.337
73.170,0.097,-0.270,-2.416,2.433
73.180,0.107,-0.343,-2.126,2.156
73.190,0.187,-0.475,-1.751,1.824
73.200,0.181,-0.543,-1.407,1.519
73.210,0.144,-0.582,-1.143,1.291
73.220,0.122,-0.618,-0.965,1.153
73.230,0.078,-0.574,-0.887,1.060
73.240,0.050,-0.499,-0.878,1.011
73.250,0.062,-0.426,-0.884,0.983
73.260,0.126,-0.405,-0.839,0.940
73.270,0.180,-0.393,-0.761,0.876
73.280,0.177,-0.315,-0.670,0.761
73.290,0.177,-0.261,-0.571,0.652
73.300,0.186,-0.247,-0.529,0.612
73.310,0.173,-0.241,-0.512,0.592
73.320,0.158,-0.228,-0.471,0.546
73.330,0.158,-0.209,-0.412,0.488
73.340,0.200,-0.204,-0.335,0.440
73.350,0.224,-0.201,-0.273,0.406
73.360,0.220,-0.204,-0.251,0.391
73.370,0.163,-0.198,-0.250,0.358
73.380,0.096,-0.208,-0.227,0.322
73.390,0.061,-0.228,-0.177,0.295
73.400,0.028,-0.253,-0.102,0.274
73.410,0.001,-0.220,-0.042,0.224
73.420,0.007,-0.236,-0.022,0.237
73.430,0.053,-0.216,-0.091,0.240
73.440,0.085,-0.139,-0.140,0.215
73.450,0.067,-0.105,-0.186,0.224
73.460,0.073,-0.111,-0.235,0.270
73.469,0.107,-0.146,-0.295,0.346
73.479,0.129,-0.172,-0.367,0.425
73.490,0.143,-0.177,-0.440,0.496
73.500,0.170,-0.196,-0.538,0.597
73.509,0.143,-0.215,-0.657,0.706
73.519,-0.032,-0.206,-0.920,0.943
73.529,-0.173,-0.200,-0.732,0.779
73.539,-0.087,-0.404,-0.747,0.853
73.549,-0.062,-0.633,-0.696,0.943
73.559,-0.022,-0.655,-0.846,1.070
73.569,0.091,-0.451,-0.944,1.050
73.579,0.321,-0.257,-1.242,1.308
73.589,0.411,-0.073,-1.426,1.485
73.599,0.286,0.021,-1.493,1.520
73.609,0.152,-0.103,-1.571,1.581
73.619,0.003,-0.192,-1.617,1.628
73.629,-0.078,-0.261,-1.612,1.635
73.639,-0.091,-0.309,-1.612,1.644
73.649,-0.002,-0.339,-1.614,1.650
73.659,0.118,-0.295,-1.606,1.637
73.669,0.171,-0.234,-1.607,1.633
73.679,0.201,-0.171,-1.606,1.627
73.689,0.218,-0.189,-1.693,1.717
73.699,0.199,-0.141,-1.756,1.773
73.709,0.213,-0.180,-1.817,1.838
73.719,0.131,-0.221,-1.867,1.885
73.729,-0.026,-0.242,-1.858,1.874
73.739,-0.175,-0.238,-1.679,1.705
73.749,-0.209,-0.277,-1.461,1.502
73.759,-0.136,-0.411,-1.322,1.391
73.769,-0.034,-0.565,-1.330,1.445
73.779,-0.008,-0.588,-1.470,1.583
73.789,-0.047,-0.504,-1.688,1.762
73.799,-0.122,-0.372,-1.850,1.891
73.809,-0.193,-0.331,-1.924,1.962
73.819,-0.257,-0.383,-1.919,1.974
73.828,-0.253,-0.414,-1.858,1.920
73.838,-0.197,-0.395,-1.798,1.851
73.848,-0.168,-0.411,-1.728,1.784
73.859,-0.212,-0.445,-1.651,1.723
73.869,-0.281,-0.450,-1.545,1.634
73.878,-0.293,-0.464,-1.332,1.441
73.888,-0.251,-0.502,-1.057,1.197
73.898,-0.227,-0.531,-0.774,0.965
73.908,-0.321,-0.492,-0.500,0.771
73.918,-0.423,-0.438,-0.333,0.694
73.928,-0.382,-0.446,-0.286,0.653
73.938,-0.286,-0.469,-0.271,0.612
73.948,-0.103,-0.487,-0.164,0.524
73.958,0.845,-0.792,0.256,1.186
73.968,0.941,-0.737,0.396,1.260
73.978,0.164,-0.141,0.351,0.412
73.988,-0.114,-0.009,0.187,0.219
73.998,0.043,-0.196,-0.017,0.201
74.008,0.151,-0.231,-0.225,0.356
74.018,0.141,-0.202,-0.449,0.512
74.028,0.008,-0.191,-0.571,0.603
74.038,-0.090,-0.183,-0.588,0.622
74.048,-0.062,-0.193,-0.480,0.521
74.058,0.081,-0.164,-0.320,0.368
74.068,0.197,-0.131,-0.216,0.320
74.078,0.236,-0.057,-0.143,0.282
74.088,0.215,-0.025,-0.077,0.230
74.098,0.122,-0.092,-0.027,0.155
74.108,-0.013,-0.152,-0.032,0.156
74.118,-0.079,-0.214,-0.088,0.244
74.128,-0.042,-0.251,-0.185,0.315
74.137,0.042,-0.275,-0.294,0.405
74.148,0.108,-0.276,-0.253,0.389
74.158,0.167,-0.294,-0.151,0.371
74.168,0.193,-0.343,-0.049,0.397
74.177,0.132,-0.445,0.020,0.465
74.187,-0.027,-0.561,0.022,0.562
74.197,-0.206,-0.620,-0.034,0.654
74.207,-0.275,-0.597,-0.195,0.686
74.217,-0.181,-0.522,-0.433,0.702
74.227,-0.043,-0.365,-0.626,0.726
74.237,0.079,-0.199,-0.746,0.776
74.247,0.051,-0.181,-0.910,0.930
74.257,-0.129,-0.167,-1.028,1.049
74.267,-0.272,-0.230,-1.281,1.330
74.277,-0.411,-0.273,-1.698,1.768
74.287,-0.519,-0.178,-2.085,2.156
74.297,-0.547,-0.125,-2.425,2.489
74.307,-0.534,-0.119,-2.563,2.621
74.317,-0.538,-0.222,-2.484,2.551
74.327,-0.496,-0.332,-2.265,2.343
74.337,-0.411,-0.322,-2.166,2.228
74.347,-0.315,-0.300,-2.243,2.285
74.357,-0.211,-0.281,-2.383,2.408
74.367,-0.109,-0.238,-2.434,2.448
74.377,-0.056,-0.211,-2.296,2.306
74.387,-0.171,-0.303,-1.977,2.007
74.397,-0.360,-0.380,-1.591,1.675
74.407,-0.416,-0.530,-1.447,1.596
74.417,-0.390,-0.655,-1.595,1.768
74.427,-0.389,-0.597,-1.915,2.044
74.437,-0.336,-0.489,-2.163,2.242
74.447,-0.267,-0.411,-2.106,2.162
74.457,-0.208,-0.355,-1.689,1.738
74.467,-0.149,-0.450,-1.180,1.272
74.477,-0.086,-0.590,-0.652,0.883
74.486,-0.060,-0.701,-0.265,0.752
74.496,-0.044,-0.790,-0.217,0.821
74.506,-0.032,-0.754,-0.467,0.887
74.517,-0.009,-0.623,-0.727,0.958
74.526,-0.012,-0.487,-0.813,0.948
74.537,-0.015,-0.451,-0.739,0.866
74.546,-0.006,-0.424,-0.549,0.693
74.556,-0.002,-0.431,-0.331,0.543
74.566,0.026,-0.428,-0.150,0.454
74.576,0.032,-0.402,-0.044,0.406
74.586,0.015,-0.401,-0.030,0.402
74.596,-0.040,-0.402,-0.106,0.418
74.606,-0.067,-0.408,-0.182,0.452
74.616,-0.026,-0.380,-0.157,0.412
74.626,0.074,-0.323,-0.052,0.335
74.636,0.150,-0.281,0.060,0.324
74.646,0.164,-0.267,0.119,0.335
74.656,0.157,-0.268,0.133,0.338
74.666,0.146,-0.274,0.121,0.333
74.676,0.128,-0.276,0.115,0.325
74.686,0.117,-0.261,0.122,0.311
74.696,0.085,-0.265,0.091,0.293
74.706,0.011,-0.294,0.039,0.297
74.716,-0.035,-0.323,-0.006,0.325
74.726,-0.026,-0.342,-0.064,0.349
74.736,0.006,-0.339,-0.118,0.359
74.746,0.008,-0.350,-0.177,0.393
74.756,-0.002,-0.370,-0.267,0.456
74.766,-0.017,-0.383,-0.365,0.529
74.776,-0.024,-0.398,-0.445,0.597
74.786,-0.011,-0.417,-0.504,0.654
74.796,0.009,-0.445,-0.532,0.694
74.806,0.053,-0.476,-0.527,0.712
74.816,0.110,-0.513,-0.505,0.728
74.826,0.145,-0.474,-0.511,0.712
74.836,0.178,-0.413,-0.663,0.802
74.845,0.061,-0.532,-0.956,1.096
74.856,-0.054,-0.516,-1.280,1.381
74.865,-0.021,-0.384,-1.612,1.657
74.875,0.077,-0.117,-1.839,1.845
74.885,0.195,0.099,-1.839,1.852
74.895,0.270,0.130,-1.680,1.707
74.905,0.191,0.054,-1.506,1.519
74.915,-0.024,-0.130,-1.395,1.402
74.925,-0.191,-0.287,-1.431,1.472
74.935,-0.194,-0.324,-1.713,1.754
74.945,-0.141,-0.194,-2.013,2.027
74.955,-0.064,-0.099,-2.124,2.127
74.965,0.035,-0.132,-2.030,2.035
74.975,-0.043,-0.216,-1.829,1.842
74.985,-0.051,-0.294,-1.530,1.559
74.995,0.011,-0.335,-1.262,1.306
75.005,0.081,-0.297,-1.164,1.204
75.015,0.108,-0.197,-1.220,1.240
75.025,0.014,-0.049,-1.326,1.327
75.035,-0.044,0.059,-1.457,1.459
75.045,-0.064,0.122,-1.572,1.578
75.055,-0.044,0.169,-1.639,1.648
75.065,-0.020,0.172,-1.682,1.691
75.075,-0.027,0.172,-1.714,1.723
75.085,-0.039,0.218,-1.663,1.677
75.095,0.012,0.254,-1.538,1.559
75.105,0.127,0.249,-1.426,1.453
75.115,0.189,0.175,-1.376,1.399
75.125,0.162,0.074,-1.320,1.331
75.135,0.155,-0.047,-1.228,1.238
75.144,0.228,-0.171,-1.230,1.263
75.155,0.291,-0.246,-1.215,1.273
75.165,0.359,-0.235,-1.188,1.263
75.174,0.355,-0.205,-1.262,1.327
75.184,0.268,-0.220,-1.473,1.513
75.194,0.191,-0.259,-1.610,1.642
75.204,0.159,-0.328,-1.619,1.659
75.214,0.208,-0.347,-1.495,1.549
75.224,0.263,-0.302,-1.295,1.356
75.234,0.266,-0.293,-1.134,1.201
75.244,0.259,-0.298,-1.016,1.090
75.254,0.234,-0.283,-0.947,1.016
75.264,0.250,-0.248,-0.891,0.958
75.274,0.257,-0.229,-0.821,0.890
75.284,0.185,-0.272,-0.836,0.899
75.294,0.151,-0.271,-0.938,0.988
75.304,0.151,-0.237,-0.996,1.034
75.314,0.163,-0.179,-1.014,1.042
75.324,0.123,-0.118,-1.030,1.044
75.334,0.052,-0.043,-1.075,1.077
75.344,0.036,-0.001,-1.102,1.103
75.354,0.069,-0.028,-1.084,1.086
75.364,0.072,-0.078,-1.033,1.039
75.374,0.063,-0.098,-0.952,0.959
75.384,0.088,-0.084,-0.873,0.881
75.394,0.115,-0.094,-0.850,0.863
75.404,0.096,-0.102,-0.862,0.874
75.414,0.071,-0.085,-0.854,0.862
75.424,0.086,-0.074,-0.848,0.855
75.434,0.115,-0.067,-0.875,0.885
75.444,0.098,-0.056,-0.917,0.924
75.454,0.054,-0.041,-0.969,0.972
75.464,0.031,-0.019,-1.070,1.071
75.474,0.049,-0.024,-1.158,1.159
75.484,0.101,-0.056,-1.186,1.192
75.494,0.132,-0.073,-1.156,1.166
75.504,0.146,-0.064,-1.106,1.118
75.513,0.131,-0.075,-1.057,1.067
75.523,0.096,-0.100,-1.027,1.036
75.533,0.087,-0.129,-1.017,1.029
75.543,0.071,-0.137,-0.997,1.008
75.553,0.035,-0.105,-0.944,0.950
75.563,0.009,-0.053,-0.877,0.879
75.573,0.004,-0.059,-0.845,0.847
75.583,0.019,-0.124,-0.863,0.872
75.593,0.010,-0.163,-0.895,0.910
75.603,-0.066,-0.159,-0.912,0.928
75.613,-0.149,-0.126,-0.917,0.937
75.623,-0.162,-0.134,-0.882,0.907
75.633,-0.126,-0.169,-0.828,0.855
75.643,-0.077,-0.198,-0.787,0.815
75.653,-0.024,-0.204,-0.777,0.804
75.663,0.044,-0.182,-0.813,0.834
75.673,0.118,-0.146,-0.863,0.884
75.683,0.163,-0.120,-0.901,0.923
75.693,0.163,-0.109,-0.927,0.947
75.703,0.122,-0.103,-0.945,0.959
75.713,0.064,-0.111,-0.960,0.968
75.723,-0.002,-0.136,-0.970,0.980
75.733,-0.066,-0.142,-0.968,0.980
75.743,-0.101,-0.134,-0.936,0.951
75.753,-0.117,-0.129,-0.916,0.933
75.763,-0.124,-0.099,-0.919,0.933
75.773,-0.119,-0.071,-0.925,0.935
75.783,-0.114,-0.050,-0.947,0.955
75.793,-0.104,-0.028,-0.989,0.995
75.803,-0.091,-0.022,-1.040,1.044
75.813,-0.079,-0.013,-1.078,1.081
75.823,-0.080,-0.013,-1.108,1.111
75.832,-0.112,-0.029,-1.140,1.146
75.843,-0.159,-0.052,-1.153,1.165
75.852,-0.180,-0.068,-1.139,1.155
75.863,-0.168,-0.069,-1.094,1.109
75.872,-0.138,-0.066,-1.023,1.034
75.882,-0.103,-0.068,-0.953,0.961
75.893,-0.084,-0.077,-0.914,0.921
75.903,-0.073,-0.065,-0.902,0.907
75.912,-0.063,-0.051,-0.893,0.897
75.922,-0.067,-0.061,-0.896,0.901
75.932,-0.089,-0.066,-0.905,0.912
75.942,-0.094,-0.044,-0.903,0.908
75.952,-0.084,-0.012,-0.903,0.907
75.962,-0.055,0.006,-0.895,0.897
75.972,-0.022,-0.007,-0.878,0.878
75.982,-0.008,-0.036,-0.865,0.866
75.992,-0.025,-0.056,-0.864,0.866
76.002,-0.057,-0.073,-0.881,0.886
76.012,-0.073,-0.083,-0.903,0.910
76.022,-0.102,-0.086,-0.920,0.929
76.032,-0.138,-0.082,-0.932,0.945
76.042,-0.161,-0.067,-0.936,0.952
76.052,-0.182,-0.067,-0.948,0.967
76.062,-0.193,-0.086,-0.986,1.008
76.072,-0.173,-0.092,-1.032,1.051
76.082,-0.151,-0.086,-1.079,1.093
76.092,-0.146,-0.075,-1.120,1.132
76.102,-0.143,-0.058,-1.130,1.140
76.112,-0.150,-0.049,-1.100,1.112
76.122,-0.167,-0.062,-1.043,1.058
76.132,-0.200,-0.075,-0.956,0.979
76.142,-0.234,-0.090,-0.859,0.895
76.152,-0.245,-0.119,-0.783,0.829
76.162,-0.222,-0.120,-0.719,0.762
76.171,-0.169,-0.107,-0.679,0.708
76.182,-0.122,-0.112,-0.678,0.698
76.192,-0.083,-0.122,-0.708,0.723
76.201,-0.057,-0.124,-0.768,0.780
76.211,-0.051,-0.109,-0.845,0.854
76.222,-0.072,-0.089,-0.918,0.925
76.231,-0.108,-0.074,-0.952,0.961
76.241,-0.143,-0.066,-0.941,0.954
76.251,-0.158,-0.072,-0.914,0.930
76.261,-0.154,-0.092,-0.877,0.895
76.271,-0.114,-0.125,-0.819,0.836
76.281,-0.069,-0.161,-0.799,0.818
76.291,-0.066,-0.172,-0.839,0.859
76.301,-0.079,-0.152,-0.890,0.906
76.311,-0.084,-0.131,-0.942,0.955
76.321,-0.057,-0.117,-0.982,0.991
76.331,-0.018,-0.107,-0.998,1.004
76.341,0.006,-0.092,-1.002,1.006
76.351,-0.011,-0.096,-1.084,1.088
76.361,-0.090,-0.126,-1.238,1.247
76.371,-0.181,-0.124,-1.298,1.316
76.381,-0.217,-0.085,-1.205,1.227
76.391,-0.170,-0.086,-1.075,1.091
76.401,-0.079,-0.102,-0.959,0.967
76.411,-0.008,-0.104,-0.874,0.880
76.421,0.008,-0.113,-0.828,0.836
76.431,-0.012,-0.129,-0.790,0.800
76.441,-0.019,-0.159,-0.752,0.769
76.451,-0.000,-0.189,-0.712,0.737
76.461,0.050,-0.204,-0.703,0.734
76.471,0.111,-0.212,-0.721,0.760
76.481,0.046,-0.194,-0.731,0.758
76.491,0.016,-0.177,-0.741,0.762
76.501,0.038,-0.177,-0.753,0.775
76.511,0.036,-0.188,-0.771,0.794
76.521,0.016,-0.192,-0.793,0.816
76.530,0.011,-0.171,-0.829,0.847
76.540,0.025,-0.148,-0.872,0.885
76.551,0.045,-0.139,-0.906,0.917
76.560,0.026,-0.140,-0.930,0.941
76.570,-0.015,-0.158,-0.943,0.956
76.580,-0.029,-0.152,-0.944,0.956
76.590,-0.018,-0.143,-0.919,0.930
76.600,-0.024,-0.180,-0.866,0.884
76.610,-0.029,-0.216,-0.790,0.820
76.620,-0.008,-0.250,-0.730,0.772
76.630,0.019,-0.279,-0.719,0.771
76.640,-0.005,-0.269,-0.760,0.807
76.650,-0.052,-0.268,-0.865,0.907
76.660,-0.052,-0.314,-1.019,1.067
76.670,-0.006,-0.367,-1.211,1.266
76.680,0.066,-0.422,-1.479,1.539
76.690,0.134,-0.413,-1.820,1.871
76.700,0.122,-0.271,-2.157,2.177
76.710,0.054,-0.132,-2.396,2.401
76.720,0.023,-0.133,-2.417,2.420
76.730,0.016,-0.238,-2.238,2.251
76.740,-0.017,-0.390,-2.029,2.066
76.750,-0.026,-0.519,-1.864,1.935
76.760,-0.005,-0.568,-1.723,1.814
76.770,0.018,-0.559,-1.587,1.682
76.780,0.005,-0.537,-1.430,1.527
76.790,-0.016,-0.515,-1.247,1.349
76.800,-0.037,-0.496,-1.046,1.158
76.810,-0.038,-0.498,-0.860,0.994
76.820,-0.019,-0.517,-0.716,0.883
76.830,-0.006,-0.523,-0.632,0.821
76.840,0.014,-0.510,-0.608,0.794
76.850,0.046,-0.473,-0.615,0.777
76.860,0.072,-0.436,-0.630,0.770
76.869,0.092,-0.404,-0.665,0.784
76.879,0.122,-0.373,-0.685,0.789
76.889,0.153,-0.340,-0.662,0.760
76.899,0.164,-0.314,-0.611,0.707
76.909,0.133,-0.298,-0.550,0.640
76.919,0.094,-0.297,-0.471,0.565
76.929,0.044,-0.307,-0.375,0.487
76.939,-0.008,-0.329,-0.283,0.433
76.949,-0.039,-0.360,-0.213,0.420
76.959,-0.042,-0.370,-0.185,0.415
76.969,-0.036,-0.356,-0.201,0.410
76.979,-0.030,-0.332,-0.251,0.418
76.989,-0.013,-0.302,-0.312,0.434
76.999,0.008,-0.266,-0.357,0.445
77.009,0.036,-0.233,-0.387,0.453
77.019,0.076,-0.204,-0.410,0.464
77.029,0.112,-0.180,-0.427,0.477
77.039,0.140,-0.146,-0.438,0.482
77.049,0.160,-0.107,-0.431,0.472
77.059,0.165,-0.090,-0.397,0.439
77.069,0.141,-0.088,-0.332,0.372
77.079,0.119,-0.093,-0.247,0.290
77.089,0.129,-0.097,-0.179,0.241
77.099,0.149,-0.102,-0.155,0.238
77.109,0.181,-0.108,-0.182,0.279
77.119,0.235,-0.104,-0.270,0.373
77.129,0.269,-0.088,-0.378,0.472
77.139,0.260,-0.056,-0.437,0.511
77.149,0.214,-0.041,-0.430,0.482
77.159,0.140,-0.059,-0.369,0.399
77.169,0.038,-0.103,-0.293,0.313
77.178,-0.073,-0.210,-0.230,0.320
77.188,-0.128,-0.383,-0.210,0.455
77.198,-0.067,-0.519,-0.324,0.615
77.208,0.009,-0.455,-0.675,0.815
77.218,0.063,-0.240,-1.162,1.188
77.228,0.113,-0.048,-1.643,1.648
77.238,0.174,0.049,-2.087,2.095
77.248,0.252,0.098,-2.430,2.445
77.258,0.295,0.132,-2.563,2.583
77.268,0.246,0.108,-2.460,2.474
77.278,0.114,0.008,-2.241,2.244
77.288,-0.020,-0.111,-2.106,2.109
77.298,-0.134,-0.226,-2.100,2.117
77.308,-0.181,-0.265,-2.122,2.146
77.318,-0.128,-0.241,-2.120,2.137
77.328,-0.051,-0.223,-2.015,2.028
77.338,-0.026,-0.260,-1.822,1.841
77.348,-0.039,-0.345,-1.577,1.614
77.358,-0.042,-0.407,-1.289,1.352
77.368,-0.019,-0.468,-1.011,1.114
77.378,0.020,-0.541,-0.779,0.949
77.388,0.057,-0.584,-0.602,0.841
77.398,0.111,-0.598,-0.475,0.772
77.408,0.169,-0.583,-0.392,0.722
77.418,0.202,-0.534,-0.362,0.676
77.428,0.227,-0.464,-0.398,0.652
77.438,0.257,-0.393,-0.480,0.672
77.448,0.265,-0.338,-0.604,0.741
77.458,0.286,-0.263,-0.758,0.852
77.468,0.343,-0.157,-0.879,0.957
77.478,0.383,-0.040,-0.938,1.014
77.488,0.420,-0.002,-0.896,0.989
77.498,0.340,-0.085,-0.712,0.793
77.508,0.205,-0.096,-0.517,0.564
77.518,0.213,-0.155,-0.493,0.559
77.527,0.275,-0.316,-0.753,0.862
77.537,0.301,-0.273,-1.251,1.315
77.548,0.270,-0.030,-1.817,1.837
77.557,0.234,0.207,-2.293,2.314
77.567,0.256,0.336,-2.530,2.566
77.577,0.290,0.377,-2.463,2.509
77.587,0.282,0.282,-2.150,2.187
77.597,0.162,0.129,-1.765,1.777
77.607,0.055,-0.035,-1.466,1.468
77.617,0.001,-0.165,-1.306,1.317
77.627,-0.002,-0.237,-1.264,1.286
77.637,0.055,-0.205,-1.294,1.312
77.647,0.155,-0.135,-1.328,1.344
77.657,0.244,-0.112,-1.305,1.333
77.667,0.281,-0.117,-1.236,1.273
77.677,0.309,-0.121,-1.132,1.180
77.687,0.332,-0.128,-0.997,1.059
77.697,0.332,-0.143,-0.855,0.928
77.707,0.313,-0.171,-0.718,0.801
77.717,0.312,-0.217,-0.645,0.748
77.727,0.274,-0.164,-0.532,0.620
77.737,0.218,-0.197,-0.431,0.521
77.747,0.233,-0.254,-0.400,0.527
77.757,0.213,-0.227,-0.393,0.502
77.767,0.199,-0.197,-0.389,0.479
77.777,0.180,-0.199,-0.388,0.471
77.787,0.167,-0.194,-0.401,0.476
77.797,0.189,-0.178,-0.429,0.502
77.807,0.203,-0.153,-0.462,0.527
77.817,0.195,-0.133,-0.500,0.553
77.827,0.175,-0.146,-0.539,0.586
77.837,0.127,-0.201,-0.570,0.618
77.847,0.080,-0.246,-0.656,0.705
77.857,0.083,-0.237,-0.849,0.885
77.867,0.103,-0.186,-1.071,1.092
77.876,0.110,-0.124,-1.240,1.251
77.886,0.107,-0.079,-1.337,1.344
77.896,0.098,-0.059,-1.385,1.390
77.906,0.074,-0.064,-1.390,1.393
77.916,0.050,-0.089,-1.366,1.370
77.926,0.029,-0.125,-1.314,1.320
77.936,0.023,-0.151,-1.264,1.273
77.946,0.043,-0.158,-1.253,1.263
77.956,0.065,-0.146,-1.277,1.287
77.966,0.085,-0.122,-1.288,1.297
77.976,0.103,-0.103,-1.255,1.264
77.986,0.120,-0.101,-1.182,1.192
77.996,0.114,-0.113,-1.096,1.108
78.006,0.096,-0.133,-1.026,1.039
78.016,0.096,-0.147,-0.985,1.001
78.026,0.109,-0.144,-0.976,0.993
78.036,0.112,-0.137,-0.983,0.999
78.046,0.110,-0.136,-1.002,1.017
78.056,0.105,-0.131,-0.993,1.007
78.066,0.104,-0.124,-0.958,0.971
78.076,0.101,-0.140,-0.923,0.939
78.086,0.084,-0.162,-0.922,0.940
78.096,0.065,-0.174,-0.981,0.999
78.106,0.051,-0.175,-1.070,1.085
78.116,0.045,-0.178,-1.148,1.163
78.126,0.051,-0.173,-1.206,1.220
78.136,0.060,-0.167,-1.251,1.264
78.146,0.062,-0.161,-1.276,1.288
78.156,0.051,-0.152,-1.286,1.295
78.166,0.042,-0.144,-1.280,1.289
78.176,0.037,-0.143,-1.250,1.259
78.186,0.021,-0.151,-1.201,1.211
78.196,0.003,-0.162,-1.148,1.159
78.205,-0.015,-0.177,-1.083,1.097
78.215,-0.040,-0.199,-0.999,1.020
78.225,-0.049,-0.217,-0.911,0.937
78.235,-0.039,-0.236,-0.843,0.876
78.245,-0.040,-0.256,-0.825,0.865
78.255,-0.030,-0.260,-0.867,0.905
78.265,-0.001,-0.244,-0.936,0.967
78.275,0.016,-0.227,-0.994,1.020
78.285,0.010,-0.215,-1.042,1.064
78.295,0.001,-0.205,-1.085,1.104
78.305,-0.002,-0.195,-1.111,1.128
78.315,0.006,-0.187,-1.095,1.111
78.325,0.016,-0.190,-1.044,1.061
78.335,0.015,-0.196,-0.969,0.989
78.345,0.026,-0.204,-0.872,0.896
78.355,0.042,-0.218,-0.765,0.797
78.365,0.050,-0.224,-0.678,0.716
78.375,0.053,-0.229,-0.612,0.656
78.385,0.057,-0.237,-0.559,0.610
78.395,0.063,-0.247,-0.521,0.580
78.405,0.056,-0.256,-0.496,0.561
78.415,0.044,-0.266,-0.476,0.547
78.425,0.042,-0.272,-0.462,0.538
78.435,0.050,-0.270,-0.448,0.525
78.445,0.053,-0.271,-0.426,0.507
78.455,0.048,-0.275,-0.409,0.496
78.465,0.057,-0.273,-0.401,0.489
78.475,0.090,-0.261,-0.411,0.495
78.485,0.117,-0.239,-0.443,0.517
78.495,0.111,-0.226,-0.511,0.569
78.505,0.078,-0.230,-0.612,0.659
78.515,0.042,-0.228,-0.711,0.748
78.525,0.032,-0.221,-0.759,0.791
78.535,0.040,-0.212,-0.745,0.775
78.544,0.045,-0.210,-0.696,0.728
78.555,0.050,-0.221,-0.647,0.686
78.565,0.057,-0.232,-0.633,0.677
78.574,0.075,-0.240,-0.680,0.725
78.584,0.097,-0.232,-0.770,0.810
78.594,0.095,-0.208,-0.859,0.889
78.604,0.090,-0.203,-0.914,0.940
78.614,0.093,-0.208,-0.929,0.956
78.624,0.094,-0.212,-0.932,0.960
78.634,0.094,-0.209,-0.952,0.979
78.644,0.100,-0.194,-0.972,0.996
78.654,0.105,-0.185,-0.982,1.005
78.664,0.115,-0.182,-0.999,1.022
78.674,0.130,-0.180,-1.014,1.038
78.684,0.134,-0.190,-0.994,1.021
78.694,0.115,-0.214,-0.943,0.974
78.704,0.093,-0.249,-0.893,0.931
78.714,0.082,-0.275,-0.846,0.893
78.724,0.067,-0.289,-0.809,0.862
78.734,0.054,-0.301,-0.788,0.846
78.744,0.055,-0.301,-0.802,0.858
78.754,0.065,-0.287,-0.844,0.894
78.764,0.072,-0.264,-0.892,0.933
78.774,0.091,-0.238,-0.942,0.976
78.784,0.114,-0.204,-1.006,1.033
78.794,0.126,-0.168,-1.056,1.077
78.804,0.122,-0.154,-1.076,1.093
78.814,0.104,-0.162,-1.083,1.100
78.824,0.072,-0.171,-1.071,1.087
78.834,0.039,-0.186,-1.009,1.026
78.844,-0.002,-0.223,-0.905,0.932
78.854,-0.037,-0.255,-0.766,0.808
78.864,-0.041,-0.277,-0.637,0.696
78.873,-0.021,-0.316,-0.618,0.695
78.884,0.030,-0.322,-0.802,0.865
78.893,0.094,-0.248,-1.149,1.180
78.903,0.151,-0.141,-1.514,1.528
78.913,0.187,-0.038,-1.825,1.835
78.923,0.164,0.027,-2.024,2.030
78.933,0.081,0.003,-2.032,2.034
78.943,-0.020,-0.108,-1.857,1.861
78.953,-0.094,-0.234,-1.637,1.657
78.963,-0.127,-0.319,-1.472,1.512
78.973,-0.128,-0.379,-1.373,1.430
78.983,-0.098,-0.416,-1.346,1.412
78.993,-0.051,-0.423,-1.381,1.445
79.003,-0.010,-0.403,-1.455,1.509
79.013,0.048,-0.368,-1.537,1.581
79.023,0.097,-0.320,-1.586,1.621
79.033,0.116,-0.285,-1.606,1.636
79.043,0.122,-0.262,-1.608,1.634
79.053,0.126,-0.248,-1.598,1.622
79.063,0.120,-0.237,-1.573,1.596
79.073,0.115,-0.221,-1.512,1.532
79.083,0.139,-0.201,-1.386,1.408
79.093,0.165,-0.198,-1.204,1.231
79.103,0.151,-0.219,-1.001,1.036
79.113,0.132,-0.248,-0.827,0.874
79.123,0.110,-0.271,-0.685,0.745
79.133,0.073,-0.286,-0.554,0.627
79.143,0.042,-0.293,-0.429,0.521
79.153,0.036,-0.285,-0.327,0.435
79.163,0.040,-0.257,-0.245,0.358
79.173,0.028,-0.231,-0.161,0.283
79.183,0.005,-0.201,-0.078,0.216
79.193,0.002,-0.173,-0.014,0.173
79.203,0.026,-0.144,0.032,0.150
79.213,0.053,-0.116,0.090,0.156
79.223,0.065,-0.099,0.134,0.179
79.232,0.063,-0.083,0.148,0.181
79.243,0.051,-0.061,0.128,0.151
79.252,0.033,-0.030,0.085,0.096
79.262,0.008,0.005,0.056,0.057
79.272,-0.005,0.036,-0.005,0.037
79.282,0.007,0.056,-0.132,0.144
79.292,0.009,0.067,-0.244,0.253
79.302,-0.013,0.062,-0.303,0.310
79.312,-0.048,0.050,-0.354,0.361
79.322,-0.058,0.043,-0.379,0.386
79.332,-0.059,0.035,-0.399,0.405
79.342,-0.081,-0.007,-0.481,0.488
79.352,-0.131,-0.089,-0.587,0.608
79.362,-0.173,-0.187,-0.721,0.765
79.372,-0.189,-0.249,-0.916,0.967
79.382,-0.182,-0.201,-1.144,1.175
79.392,-0.169,-0.105,-1.341,1.356
79.402,-0.135,-0.029,-1.482,1.488
79.412,-0.092,0.000,-1.565,1.568
79.422,-0.050,-0.010,-1.555,1.556
79.432,-0.048,-0.067,-1.469,1.472
79.442,-0.081,-0.152,-1.348,1.359
79.452,-0.054,-0.298,-1.193,1.231
79.462,-0.073,-0.325,-1.062,1.113
79.472,-0.024,-0.339,-1.026,1.080
79.482,0.063,-0.340,-1.018,1.075
79.492,0.110,-0.271,-1.017,1.058
79.502,0.140,-0.366,-0.992,1.066
79.512,0.063,-0.325,-0.924,0.981
79.522,-0.068,-0.320,-0.914,0.971
79.532,-0.152,-0.394,-0.987,1.073
79.541,-0.130,-0.407,-1.130,1.208
79.552,-0.044,-0.339,-1.312,1.355
79.561,0.023,-0.216,-1.486,1.501
79.572,0.036,-0.106,-1.589,1.593
79.581,-0.013,-0.041,-1.576,1.576
79.591,-0.084,-0.088,-1.558,1.563
79.601,-0.128,-0.157,-1.616,1.629
79.611,-0.108,-0.198,-1.758,1.773
79.621,-0.079,-0.185,-1.893,1.904
79.631,-0.039,-0.141,-1.958,1.963
79.641,0.015,-0.113,-1.989,1.992
79.651,0.072,-0.106,-2.013,2.017
79.661,0.066,-0.085,-2.032,2.035
79.671,0.006,-0.028,-2.102,2.102
79.681,-0.045,-0.036,-2.241,2.242
79.691,-0.106,-0.062,-2.306,2.309
79.701,-0.122,-0.041,-2.215,2.219
79.711,-0.081,-0.034,-1.977,1.979
79.721,-0.029,-0.024,-1.684,1.684
79.731,0.058,-0.058,-1.448,1.450
79.741,0.099,-0.051,-1.289,1.294
79.751,0.116,-0.028,-1.202,1.208
79.761,0.145,-0.032,-1.157,1.166
79.771,0.149,-0.031,-1.116,1.126
79.781,0.160,-0.046,-1.079,1.092
79.791,0.174,-0.049,-1.038,1.054
79.801,0.183,-0.060,-0.990,1.008
79.811,0.179,-0.087,-0.923,0.945
79.821,0.172,-0.110,-0.847,0.871
79.831,0.171,-0.124,-0.770,0.799
79.841,0.177,-0.129,-0.705,0.738
79.851,0.188,-0.135,-0.680,0.719
79.861,0.195,-0.138,-0.673,0.714
79.871,0.200,-0.142,-0.658,0.703
79.881,0.203,-0.149,-0.632,0.680
79.891,0.199,-0.153,-0.583,0.635
79.901,0.188,-0.162,-0.509,0.567
79.910,0.180,-0.174,-0.435,0.502
79.921,0.177,-0.189,-0.355,0.439
79.930,0.160,-0.210,-0.262,0.372
79.940,0.131,-0.230,-0.171,0.315
79.950,0.099,-0.242,-0.083,0.274
79.960,0.060,-0.247,-0.002,0.254
79.970,0.027,-0.225,0.057,0.234
79.980,0.029,-0.189,0.092,0.213
79.990,0.044,-0.159,0.108,0.197
80.000,0.057,-0.114,0.105,0.166
80.010,0.090,-0.064,0.069,0.130
80.020,0.135,-0.032,-0.017,0.140
80.030,0.156,0.011,-0.120,0.197
80.040,0.162,0.066,-0.191,0.259
80.050,0.172,0.079,-0.221,0.291
80.060,0.126,0.063,-0.231,0.270
80.070,0.087,0.033,-0.245,0.262
80.080,0.068,0.017,-0.301,0.309
80.090,0.057,0.007,-0.394,0.398
80.100,0.026,-0.000,-0.404,0.405
80.110,-0.024,-0.092,-0.359,0.371
80.120,-0.089,-0.246,-0.384,0.465
80.130,-0.160,-0.349,-0.541,0.663
80.140,-0.227,-0.338,-0.804,0.901
80.150,-0.210,-0.252,-1.136,1.182
80.160,-0.149,-0.112,-1.507,1.519
80.170,-0.102,0.036,-1.814,1.817
80.180,-0.037,0.135,-1.981,1.986
80.190,0.012,0.146,-1.930,1.935
80.200,0.016,0.077,-1.705,1.707
80.210,-0.087,-0.074,-1.476,1.480
80.220,-0.233,-0.206,-1.337,1.372
80.229,-0.270,-0.267,-1.330,1.383
80.240,-0.198,-0.450,-1.312,1.401
80.250,-0.319,-0.301,-1.356,1.425
80.260,-0.202,-0.249,-1.531,1.564
80.269,-0.092,-0.293,-1.557,1.587
80.279,-0.076,-0.252,-1.469,1.492
80.289,0.013,-0.300,-1.366,1.399
80.299,0.026,-0.420,-1.249,1.318
80.309,-0.043,-0.492,-1.148,1.250
80.319,-0.118,-0.510,-1.128,1.244
80.329,-0.156,-0.533,-1.168,1.293
80.339,-0.093,-0.487,-1.225,1.322
80.349,-0.067,-0.424,-1.376,1.441
80.359,-0.033,-0.378,-1.625,1.669
80.369,-0.036,-0.273,-1.896,1.916
80.379,-0.056,-0.236,-2.098,2.112
80.389,-0.095,-0.207,-2.111,2.123
80.399,-0.051,-0.201,-1.964,1.975
80.409,-0.006,-0.260,-1.752,1.771
80.419,0.024,-0.179,-1.634,1.644
80.429,0.105,-0.215,-1.706,1.722
80.439,0.128,-0.260,-1.766,1.789
80.449,0.095,-0.242,-1.748,1.767
80.459,0.088,-0.203,-1.703,1.717
80.469,0.089,-0.220,-1.572,1.590
80.479,0.077,-0.257,-1.379,1.405
80.489,0.088,-0.269,-1.207,1.239
80.499,0.114,-0.285,-1.072,1.115
80.509,0.139,-0.291,-0.991,1.042
80.519,0.165,-0.284,-0.947,1.002
80.529,0.163,-0.290,-0.928,0.986
80.539,0.130,-0.311,-0.943,1.001
80.548,0.095,-0.326,-0.957,1.016
80.559,0.081,-0.319,-0.919,0.976
80.568,0.089,-0.300,-0.831,0.888
80.579,0.101,-0.283,-0.740,0.799
80.589,0.105,-0.268,-0.648,0.709
80.598,0.113,-0.261,-0.555,0.624
80.608,0.124,-0.256,-0.489,0.566
80.618,0.148,-0.248,-0.451,0.536
80.628,0.177,-0.230,-0.427,0.517
80.638,0.203,-0.203,-0.419,0.508
80.648,0.221,-0.174,-0.423,0.508
80.658,0.220,-0.141,-0.415,0.490
80.668,0.199,-0.115,-0.363,0.429
80.678,0.158,-0.115,-0.266,0.330
80.688,0.117,-0.129,-0.155,0.233
80.698,0.091,-0.134,-0.059,0.172
80.708,0.075,-0.129,0.016,0.151
80.718,0.058,-0.119,0.068,0.149
80.728,0.035,-0.119,0.082,0.148
80.738,0.022,-0.113,0.064,0.132
80.748,0.020,-0.093,0.025,0.098
80.758,0.004,-0.078,-0.034,0.085
80.768,-0.034,-0.076,-0.116,0.142
80.778,-0.064,-0.081,-0.227,0.249
80.788,-0.083,-0.079,-0.362,0.379
80.798,-0.117,-0.072,-0.460,0.480
80.808,-0.139,-0.072,-0.503,0.527
80.818,-0.131,-0.082,-0.513,0.536
80.828,-0.115,-0.080,-0.481,0.501
80.838,-0.119,-0.080,-0.376,0.402
80.848,-0.180,-0.130,-0.207,0.304
80.858,-0.254,-0.245,-0.094,0.365
80.867,-0.241,-0.385,-0.245,0.517
80.877,-0.196,-0.382,-0.689,0.812
80.887,-0.126,-0.209,-1.188,1.213
80.897,-0.021,-0.021,-1.594,1.594
80.907,0.115,0.114,-1.833,1.841
80.917,0.245,0.169,-1.882,1.905
80.927,0.312,0.126,-1.785,1.816
80.937,0.252,-0.002,-1.630,1.649
80.948,0.100,-0.124,-1.474,1.483
80.957,-0.011,-0.240,-1.400,1.420
80.967,-0.020,-0.301,-1.510,1.540
80.977,0.037,-0.235,-1.762,1.777
80.987,0.103,-0.191,-1.972,1.984
80.997,0.077,-0.205,-1.994,2.006
81.007,0.048,-0.190,-1.814,1.824
81.017,0.051,-0.246,-1.554,1.574
81.027,0.005,-0.312,-1.287,1.324
81.037,-0.060,-0.384,-1.026,1.097
81.047,-0.164,-0.420,-0.774,0.896
81.057,-0.169,-0.510,-0.742,0.916
81.067,-0.027,-0.638,-1.048,1.227
81.077,0.059,-0.523,-1.533,1.621
81.087,0.062,-0.306,-2.027,2.051
81.097,0.064,-0.127,-2.400,2.405
81.107,0.090,0.013,-2.516,2.518
81.117,0.133,0.049,-2.410,2.414
81.127,0.118,0.014,-2.188,2.191
81.137,0.043,-0.057,-1.954,1.955
81.147,-0.001,-0.186,-1.755,1.765
81.157,-0.054,-0.275,-1.608,1.632
81.167,-0.067,-0.310,-1.540,1.572
81.177,-0.008,-0.416,-1.471,1.529
81.187,0.052,-0.458,-1.405,1.479
81.197,0.142,-0.441,-1.361,1.438
81.207,0.213,-0.411,-1.306,1.386
81.217,0.238,-0.442,-1.255,1.352
81.227,0.220,-0.502,-1.227,1.344
81.237,0.187,-0.533,-1.205,1.330
81.247,0.172,-0.594,-1.182,1.333
81.256,0.164,-0.629,-1.145,1.317
81.267,0.168,-0.601,-1.117,1.280
81.276,0.183,-0.619,-1.071,1.251
81.286,0.222,-0.579,-0.982,1.161
81.297,0.254,-0.515,-0.898,1.066
81.306,0.265,-0.427,-0.841,0.980
81.316,0.249,-0.352,-0.803,0.912
81.326,0.234,-0.306,-0.773,0.864
81.336,0.252,-0.281,-0.757,0.846
81.346,0.261,-0.273,-0.736,0.827
81.356,0.218,-0.199,-0.711,0.769
81.366,0.180,-0.123,-0.705,0.737
81.376,0.126,-0.098,-0.699,0.717
81.386,0.026,-0.097,-0.668,0.675
81.396,-0.076,-0.072,-0.627,0.636
81.406,-0.122,-0.027,-0.608,0.620
81.416,-0.128,0.020,-0.614,0.627
81.426,-0.125,0.074,-0.632,0.648
81.436,-0.105,0.113,-0.651,0.669
81.446,-0.075,0.126,-0.667,0.683
81.456,-0.066,0.130,-0.670,0.686
81.466,-0.077,0.130,-0.662,0.679
81.476,-0.085,0.126,-0.650,0.668
81.486,-0.096,0.130,-0.617,0.638
81.496,-0.123,0.121,-0.553,0.579
81.506,-0.145,0.100,-0.478,0.510
81.516,-0.156,0.082,-0.411,0.447
81.526,-0.160,0.066,-0.333,0.376
81.536,-0.177,0.039,-0.256,0.313
81.546,-0.200,0.008,-0.183,0.271
81.556,-0.196,-0.012,-0.134,0.238
81.566,-0.168,-0.016,-0.127,0.211
81.576,-0.139,-0.012,-0.161,0.213
81.585,-0.075,0.010,-0.190,0.205
81.595,-0.040,-0.000,-0.224,0.227
81.605,-0.030,-0.025,-0.304,0.307
81.616,-0.005,-0.064,-0.390,0.395
81.626,-0.008,-0.125,-0.413,0.432
81.635,-0.010,-0.204,-0.407,0.456
81.645,0.035,-0.285,-0.453,0.536
81.655,0.046,-0.314,-0.548,0.634
81.665,0.076,-0.306,-0.682,0.752
81.675,0.147,-0.303,-0.807,0.875
81.685,0.186,-0.325,-0.798,0.882
81.695,0.156,-0.360,-0.669,0.775
81.705,0.074,-0.420,-0.551,0.696
81.715,0.047,-0.596,-0.511,0.787
81.725,0.063,-0.712,-0.604,0.935
81.735,-0.007,-0.636,-0.826,1.043
81.745,-0.054,-0.479,-1.167,1.262
81.755,-0.077,-0.208,-1.541,1.557
81.765,-0.124,0.064,-1.901,1.906
81.775,-0.156,0.180,-2.185,2.198
81.785,-0.182,0.182,-2.355,2.369
81.795,-0.261,0.140,-2.415,2.433
81.805,-0.381,0.076,-2.373,2.405
81.815,-0.432,-0.012,-2.294,2.334
81.825,-0.372,-0.064,-2.251,2.283
81.835,-0.252,-0.054,-2.206,2.221
81.845,-0.124,-0.012,-2.086,2.089
81.855,-0.014,-0.024,-1.894,1.894
81.865,0.048,-0.109,-1.668,1.672
81.875,0.042,-0.188,-1.437,1.450
81.885,0.016,-0.263,-1.229,1.257
81.895,-0.019,-0.350,-1.063,1.119
81.905,-0.042,-0.389,-0.936,1.014
81.915,-0.033,-0.380,-0.878,0.957
81.925,0.005,-0.346,-0.883,0.948
81.935,0.058,-0.293,-0.916,0.964
81.944,0.102,-0.248,-0.952,0.989
81.954,0.140,-0.214,-0.986,1.019
81.964,0.180,-0.181,-1.010,1.041
81.974,0.191,-0.169,-1.012,1.044
81.984,0.184,-0.182,-1.006,1.039
81.994,0.185,-0.193,-1.006,1.041
82.004,0.182,-0.192,-1.004,1.038
82.014,0.171,-0.200,-0.998,1.032
82.024,0.179,-0.201,-0.994,1.029
82.034,0.199,-0.184,-1.006,1.042
82.044,0.212,-0.169,-1.053,1.087
82.054,0.208,-0.152,-1.119,1.148
82.064,0.208,-0.148,-1.162,1.190
82.074,0.217,-0.167,-1.166,1.198
82.084,0.207,-0.192,-1.140,1.175
82.094,0.197,-0.215,-1.093,1.131
82.104,0.196,-0.230,-1.029,1.073
82.114,0.203,-0.241,-0.990,1.039
82.124,0.195,-0.229,-0.990,1.035
82.134,0.200,-0.195,-1.046,1.083
82.144,0.226,-0.147,-1.169,1.200
82.154,0.231,-0.090,-1.313,1.336
82.164,0.223,-0.041,-1.416,1.434
82.174,0.208,-0.001,-1.432,1.447
82.184,0.184,0.004,-1.352,1.365
82.194,0.145,-0.027,-1.199,1.208
82.204,0.098,-0.089,-1.024,1.032
82.214,0.085,-0.153,-0.900,0.916
82.224,0.094,-0.172,-0.826,0.848
82.234,0.096,-0.180,-0.795,0.821
82.244,0.053,-0.235,-0.797,0.832
82.254,0.052,-0.227,-0.814,0.847
82.264,0.109,-0.179,-0.834,0.859
82.273,0.114,-0.172,-0.849,0.874
82.283,0.119,-0.172,-0.871,0.896
82.293,0.130,-0.151,-0.885,0.907
82.303,0.119,-0.134,-0.911,0.928
82.313,0.108,-0.123,-0.954,0.968
82.323,0.098,-0.103,-1.015,1.025
82.334,0.073,-0.081,-1.083,1.088
82.343,0.043,-0.066,-1.132,1.135
82.353,0.023,-0.053,-1.136,1.137
82.363,0.011,-0.046,-1.087,1.088
82.373,-0.007,-0.053,-1.016,1.017
82.383,-0.024,-0.080,-0.948,0.952
82.393,-0.026,-0.106,-0.898,0.905
82.403,-0.028,-0.118,-0.862,0.871
82.413,-0.026,-0.125,-0.837,0.847
82.423,-0.026,-0.139,-0.826,0.838
82.433,-0.021,-0.147,-0.817,0.831
82.443,-0.000,-0.152,-0.804,0.818
82.453,0.018,-0.155,-0.785,0.800
82.463,0.035,-0.154,-0.763,0.779
82.473,0.040,-0.161,-0.747,0.765
82.483,0.043,-0.174,-0.741,0.762
82.493,0.046,-0.176,-0.757,0.778
82.503,0.038,-0.166,-0.784,0.802
82.513,0.019,-0.161,-0.800,0.816
82.523,0.004,-0.165,-0.812,0.829
82.533,-0.001,-0.171,-0.811,0.829
82.543,0.008,-0.172,-0.801,0.819
82.553,0.014,-0.166,-0.789,0.806
82.563,0.018,-0.153,-0.783,0.798
82.573,0.008,-0.154,-0.787,0.802
82.583,-0.006,-0.176,-0.814,0.833
82.593,-0.014,-0.189,-0.847,0.868
82.602,-0.021,-0.187,-0.874,0.894
82.612,-0.026,-0.177,-0.878,0.896
82.622,-0.030,-0.167,-0.870,0.887
82.632,-0.036,-0.164,-0.896,0.912
82.642,-0.038,-0.168,-0.943,0.958
82.652,-0.034,-0.170,-0.978,0.993
82.662,-0.039,-0.179,-0.973,0.990
82.672,-0.061,-0.196,-0.934,0.956
82.682,-0.087,-0.218,-0.918,0.948
82.692,-0.091,-0.217,-0.946,0.974
82.702,-0.072,-0.183,-1.016,1.035
82.712,-0.046,-0.136,-1.156,1.165
82.722,-0.039,-0.085,-1.339,1.342
82.732,-0.056,-0.038,-1.507,1.509
82.742,-0.078,-0.013,-1.552,1.554
82.752,-0.078,-0.031,-1.418,1.421
82.762,-0.066,-0.101,-1.175,1.181
82.772,-0.031,-0.166,-0.964,0.978
82.782,0.001,-0.202,-0.856,0.880
82.792,0.024,-0.204,-0.856,0.880
82.802,0.021,-0.178,-0.924,0.941
82.812,0.006,-0.147,-1.017,1.027
82.822,-0.005,-0.116,-1.104,1.110
82.832,-0.006,-0.086,-1.153,1.156
82.842,-0.011,-0.072,-1.156,1.158
82.852,-0.021,-0.083,-1.105,1.108
82.862,-0.045,-0.110,-1.020,1.027
82.872,-0.061,-0.128,-0.937,0.948
82.882,-0.070,-0.142,-0.875,0.889
82.892,-0.088,-0.178,-0.832,0.856
82.902,-0.104,-0.224,-0.797,0.834
82.912,-0.106,-0.263,-0.773,0.823
82.921,-0.102,-0.288,-0.762,0.821
82.932,-0.090,-0.293,-0.770,0.828
82.941,-0.066,-0.286,-0.804,0.856
82.951,-0.048,-0.283,-0.840,0.887
82.961,-0.036,-0.286,-0.866,0.913
82.971,-0.016,-0.284,-0.888,0.932
82.981,0.020,-0.267,-0.917,0.956
82.991,0.067,-0.247,-0.951,0.985
83.001,0.090,-0.244,-0.984,1.018
83.011,0.089,-0.249,-1.029,1.062
83.021,0.084,-0.250,-1.076,1.108
83.031,0.071,-0.246,-1.096,1.126
83.041,0.061,-0.249,-1.085,1.115
83.051,0.058,-0.253,-1.042,1.074
83.061,0.057,-0.254,-0.985,1.019
83.071,0.053,-0.262,-0.945,0.982
83.081,0.045,-0.269,-0.940,0.979
83.091,0.048,-0.270,-0.974,1.012
83.101,0.061,-0.250,-1.045,1.076
83.111,0.078,-0.210,-1.139,1.161
83.121,0.100,-0.165,-1.222,1.237
83.131,0.110,-0.128,-1.272,1.283
83.141,0.097,-0.112,-1.269,1.278
83.151,0.066,-0.127,-1.205,1.214
83.161,0.033,-0.155,-1.112,1.123
83.171,0.014,-0.177,-1.035,1.050
83.181,-0.000,-0.191,-0.992,1.010
83.191,-0.017,-0.198,-0.977,0.997
83.201,-0.030,-0.193,-0.985,1.004
83.211,-0.033,-0.176,-1.002,1.018
83.221,-0.031,-0.163,-1.007,1.021
83.231,-0.027,-0.157,-0.983,0.996
83.241,-0.016,-0.160,-0.939,0.953
83.251,0.003,-0.161,-0.895,0.910
83.261,0.028,-0.163,-0.856,0.872
83.270,0.048,-0.168,-0.825,0.843
83.281,0.059,-0.169,-0.823,0.842
83.290,0.064,-0.174,-0.845,0.865
83.300,0.063,-0.173,-0.871,0.890
83.310,0.064,-0.158,-0.898,0.914
83.320,0.064,-0.148,-0.923,0.937
83.330,0.065,-0.143,-0.945,0.958
83.340,0.061,-0.140,-0.966,0.978
83.350,0.050,-0.145,-0.997,1.009
83.360,0.027,-0.149,-1.031,1.042
83.370,-0.002,-0.161,-1.050,1.063
83.380,-0.027,-0.179,-1.040,1.056
83.390,-0.042,-0.195,-0.999,1.018
83.400,-0.048,-0.208,-0.941,0.965
83.410,-0.054,-0.222,-0.894,0.923
83.420,-0.060,-0.234,-0.871,0.904
83.430,-0.060,-0.236,-0.857,0.891
83.440,-0.052,-0.229,-0.851,0.882
83.450,-0.026,-0.220,-0.858,0.886
83.460,0.004,-0.202,-0.873,0.896
83.470,0.028,-0.188,-0.887,0.907
83.480,0.033,-0.200,-0.887,0.910
83.490,0.028,-0.215,-0.872,0.899
83.500,0.026,-0.227,-0.848,0.878
83.510,0.029,-0.242,-0.827,0.862
83.520,0.029,-0.250,-0.804,0.842
83.530,0.016,-0.256,-0.786,0.826
83.540,0.008,-0.265,-0.766,0.811
83.550,0.022,-0.271,-0.754,0.802
83.560,0.024,-0.276,-0.781,0.829
83.570,0.013,-0.271,-0.835,0.878
83.580,0.006,-0.251,-0.883,0.918
83.589,0.012,-0.207,-0.914,0.937
83.599,0.036,-0.157,-0.935,0.949
83.609,0.053,-0.121,-0.949,0.958
83.620,0.050,-0.101,-0.958,0.964
83.629,0.037,-0.099,-0.963,0.969
83.639,0.030,-0.107,-0.958,0.964
83.649,0.018,-0.117,-0.947,0.955
83.659,0.012,-0.126,-0.940,0.948
83.669,0.009,-0.129,-0.927,0.936
83.679,0.014,-0.124,-0.909,0.918
83.689,0.025,-0.124,-0.895,0.904
83.699,0.036,-0.129,-0.899,0.909
83.709,0.038,-0.137,-0.926,0.937
83.719,0.026,-0.146,-0.959,0.970
83.729,0.005,-0.153,-0.973,0.985
83.739,-0.003,-0.169,-0.965,0.979
83.749,-0.010,-0.182,-0.945,0.962
83.759,-0.015,-0.196,-0.939,0.959
83.769,-0.014,-0.205,-0.952,0.974
83.779,-0.012,-0.197,-0.978,0.998
83.789,0.004,-0.183,-1.016,1.032
83.799,0.015,-0.160,-1.057,1.069
83.809,0.012,-0.140,-1.094,1.103
83.819,0.006,-0.145,-1.096,1.105
83.829,0.001,-0.166,-1.057,1.070
83.839,-0.009,-0.193,-1.007,1.025
83.849,-0.034,-0.219,-0.968,0.993
83.859,-0.059,-0.244,-0.951,0.983
83.869,-0.077,-0.261,-0.931,0.970
83.879,-0.091,-0.268,-0.902,0.946
83.889,-0.108,-0.274,-0.868,0.917
83.899,-0.119,-0.273,-0.832,0.884
83.909,-0.106,-0.266,-0.792,0.842
83.919,-0.083,-0.263,-0.761,0.810
83.929,-0.061,-0.269,-0.747,0.797
83.938,-0.044,-0.267,-0.756,0.803
83.948,-0.031,-0.264,-0.784,0.828
83.958,-0.025,-0.258,-0.830,0.869
83.968,-0.013,-0.250,-0.870,0.905
83.978,-0.011,-0.250,-0.895,0.930
83.988,-0.033,-0.261,-0.918,0.955
83.998,-0.053,-0.274,-0.944,0.985
84.008,-0.070,-0.282,-0.949,0.993
84.018,-0.079,-0.297,-0.933,0.983
84.028,-0.085,-0.315,-0.918,0.974
84.038,-0.093,-0.323,-0.923,0.983
84.048,-0.106,-0.328,-0.957,1.017
84.058,-0.121,-0.328,-1.015,1.074
84.068,-0.130,-0.317,-1.072,1.126
84.078,-0.126,-0.295,-1.086,1.132
84.088,-0.115,-0.268,-1.020,1.061
84.098,-0.097,-0.259,-0.909,0.950
84.108,-0.081,-0.275,-0.814,0.863
84.118,-0.084,-0.308,-0.751,0.816
84.128,-0.104,-0.331,-0.698,0.780
84.138,-0.130,-0.335,-0.636,0.730
84.148,-0.152,-0.345,-0.582,0.693
84.158,-0.159,-0.360,-0.556,0.682
84.168,-0.131,-0.389,-0.629,0.751
84.178,-0.105,-0.374,-0.829,0.916
84.188,-0.090,-0.272,-1.077,1.114
84.198,-0.090,-0.162,-1.269,1.282
84.208,-0.091,-0.103,-1.371,1.378
84.218,-0.109,-0.081,-1.336,1.343
84.228,-0.153,-0.126,-1.173,1.190
84.238,-0.199,-0.231,-0.976,1.023
84.248,-0.234,-0.300,-0.839,0.921
84.258,-0.230,-0.322,-0.814,0.905
84.268,-0.184,-0.275,-0.899,0.958
84.278,-0.146,-0.184,-1.033,1.059
84.287,-0.104,-0.111,-1.130,1.140
84.297,-0.066,-0.075,-1.176,1.180
84.307,-0.065,-0.071,-1.176,1.180
84.317,-0.102,-0.098,-1.149,1.158
84.327,-0.152,-0.141,-1.100,1.119
84.337,-0.186,-0.188,-1.038,1.072
84.347,-0.197,-0.219,-0.982,1.025
84.357,-0.193,-0.228,-0.943,0.989
84.367,-0.181,-0.227,-0.915,0.960
84.377,-0.168,-0.234,-0.902,0.947
84.387,-0.159,-0.243,-0.897,0.943
84.397,-0.148,-0.243,-0.888,0.932
84.407,-0.125,-0.232,-0.867,0.907
84.417,-0.093,-0.218,-0.844,0.877
84.427,-0.058,-0.215,-0.827,0.857
84.437,-0.062,-0.221,-0.838,0.869
84.447,-0.091,-0.241,-0.861,0.898
84.457,-0.122,-0.272,-0.887,0.936
84.467,-0.151,-0.295,-0.919,0.977
84.477,-0.170,-0.303,-0.951,1.013
84.487,-0.172,-0.294,-0.990,1.047
84.497,-0.167,-0.281,-1.007,1.059
84.507,-0.171,-0.278,-0.997,1.049
84.517,-0.163,-0.289,-0.975,1.030
84.527,-0.139,-0.293,-0.957,1.010
84.537,-0.119,-0.264,-0.970,1.012
84.547,-0.099,-0.226,-1.043,1.071
84.557,-0.078,-0.184,-1.137,1.154
84.567,-0.071,-0.162,-1.193,1.206
84.577,-0.075,-0.163,-1.193,1.206
84.587,-0.078,-0.169,-1.142,1.157
84.597,-0.067,-0.176,-1.072,1.089
84.607,-0.046,-0.187,-1.026,1.044
84.616,-0.034,-0.195,-1.022,1.041
84.627,-0.036,-0.196,-1.049,1.067
84.636,-0.049,-0.188,-1.078,1.095
84.646,-0.059,-0.174,-1.086,1.102
84.656,-0.056,-0.162,-1.059,1.073
84.666,-0.042,-0.148,-1.000,1.012
84.676,-0.018,-0.137,-0.941,0.951
84.686,-0.001,-0.131,-0.908,0.918
84.696,-0.011,-0.135,-0.920,0.929
84.706,-0.013,-0.146,-0.952,0.963
84.716,0.005,-0.144,-0.990,1.000
84.726,0.018,-0.127,-1.017,1.025
84.736,0.014,-0.112,-1.029,1.035
84.746,0.003,-0.109,-1.020,1.026
84.756,-0.013,-0.119,-0.988,0.995
84.766,-0.034,-0.140,-0.937,0.948
84.776,-0.051,-0.159,-0.897,0.912
84.786,-0.057,-0.169,-0.907,0.925
84.796,-0.039,-0.169,-0.937,0.953
84.806,-0.021,-0.163,-0.975,0.989
84.816,-0.011,-0.156,-1.027,1.038
84.826,-0.015,-0.146,-1.085,1.095
84.836,-0.020,-0.133,-1.103,1.111
84.846,-0.037,-0.130,-1.053,1.062
84.856,-0.056,-0.146,-0.955,0.967
84.866,-0.073,-0.169,-0.857,0.877
84.876,-0.078,-0.184,-0.800,0.824
84.886,-0.068,-0.195,-0.779,0.806
84.896,-0.043,-0.201,-0.793,0.819
84.906,-0.024,-0.192,-0.834,0.856
84.916,-0.016,-0.173,-0.868,0.886
84.926,-0.010,-0.178,-0.881,0.899
84.936,-0.025,-0.217,-0.892,0.919
84.946,-0.041,-0.265,-0.902,0.941
84.955,-0.040,-0.306,-0.907,0.958
84.966,-0.027,-0.334,-0.918,0.978
84.975,-0.010,-0.331,-0.939,0.996
84.985,-0.006,-0.313,-0.965,1.015
84.995,-0.040,-0.287,-0.966,1.009
85.005,-0.107,-0.251,-0.921,0.960
85.015,-0.166,-0.205,-0.822,0.864
85.026,-0.187,-0.169,-0.696,0.740
85.035,-0.157,-0.172,-0.603,0.646
85.045,-0.086,-0.211,-0.631,0.671
85.055,-0.023,-0.234,-0.803,0.837
85.065,0.001,-0.208,-1.016,1.038
85.075,-0.008,-0.166,-1.150,1.162
85.085,-0.049,-0.127,-1.100,1.108
85.095,-0.110,-0.102,-0.852,0.865
85.105,-0.162,-0.101,-0.563,0.595
85.115,-0.192,-0.144,-0.381,0.450
85.125,-0.190,-0.231,-0.340,0.453
85.135,-0.166,-0.314,-0.466,0.586
85.145,-0.159,-0.310,-0.710,0.791
85.155,-0.162,-0.238,-0.946,0.989
85.165,-0.151,-0.167,-1.109,1.132
85.175,-0.118,-0.141,-1.216,1.230
85.185,-0.078,-0.155,-1.287,1.299
85.195,-0.038,-0.173,-1.341,1.352
85.205,-0.009,-0.181,-1.354,1.366
85.215,-0.011,-0.174,-1.304,1.315
85.225,-0.044,-0.173,-1.180,1.194
85.235,-0.068,-0.205,-1.018,1.041
85.245,-0.068,-0.249,-0.871,0.909
85.255,-0.059,-0.291,-0.776,0.831
85.265,-0.038,-0.320,-0.773,0.837
85.274,-0.003,-0.304,-0.871,0.922
85.285,0.016,-0.237,-1.028,1.055
85.294,0.008,-0.148,-1.162,1.171
85.304,-0.013,-0.081,-1.206,1.209
85.314,-0.038,-0.069,-1.167,1.170
85.325,-0.039,-0.105,-1.086,1.091
85.335,-0.031,-0.142,-1.008,1.019
85.344,-0.042,-0.164,-1.019,1.033
85.354,-0.032,-0.167,-1.133,1.145
85.364,-0.009,-0.142,-1.276,1.284
85.374,0.009,-0.115,-1.353,1.358
85.384,0.037,-0.096,-1.333,1.337
85.394,0.026,-0.059,-1.226,1.228
85.404,0.026,-0.093,-1.093,1.097
85.414,0.014,-0.165,-0.992,1.006
85.424,-0.116,-0.108,-0.874,0.889
85.434,-0.241,-0.059,-0.788,0.826
85.444,-0.227,-0.103,-0.748,0.789
85.454,-0.140,-0.171,-0.760,0.792
85.464,-0.070,-0.178,-0.849,0.870
85.474,-0.052,-0.111,-0.987,0.994
85.484,-0.056,0.014,-1.143,1.144
85.494,-0.109,0.134,-1.296,1.308
85.504,-0.188,0.203,-1.456,1.482
85.514,-0.166,0.192,-1.518,1.540
85.524,-0.138,0.126,-1.441,1.453
85.534,-0.125,0.057,-1.285,1.292
85.544,-0.121,0.007,-1.089,1.095
85.554,-0.104,-0.036,-0.912,0.919
85.564,-0.046,-0.036,-0.808,0.810
85.574,-0.063,-0.027,-0.779,0.782
85.584,-0.068,-0.080,-0.756,0.763
85.594,-0.038,0.049,-0.677,0.680
85.604,-0.027,0.254,-0.576,0.630
85.614,-0.101,0.149,-0.549,0.577
85.623,-0.108,-0.004,-0.537,0.548
85.633,0.022,-0.084,-0.569,0.576
85.643,0.114,-0.175,-0.634,0.668
85.653,0.101,-0.198,-0.700,0.735
85.663,-0.010,-0.163,-0.736,0.754
85.673,-0.151,-0.138,-0.766,0.793
85.683,-0.267,-0.205,-0.795,0.863
85.693,-0.248,-0.316,-0.838,0.929
85.703,-0.147,-0.390,-0.885,0.978
85.713,-0.103,-0.415,-0.939,1.032
85.723,-0.077,-0.390,-1.033,1.107
85.733,-0.084,-0.290,-1.036,1.079
85.743,-0.141,-0.182,-1.074,1.098
85.753,-0.228,-0.097,-1.111,1.139
85.763,-0.284,0.019,-1.113,1.149
85.773,-0.395,0.157,-1.043,1.126
85.783,-0.456,0.276,-0.997,1.130
85.793,-0.430,0.372,-0.960,1.116
85.803,-0.344,0.412,-0.957,1.098
85.813,-0.187,0.346,-1.013,1.087
85.823,-0.016,0.204,-1.080,1.099
85.833,0.135,0.082,-1.148,1.159
85.843,0.149,0.083,-1.178,1.191
85.853,0.023,0.184,-1.183,1.198
85.863,-0.118,0.253,-1.163,1.197
85.873,-0.167,0.229,-1.082,1.118
85.883,-0.108,0.112,-0.989,1.001
85.893,-0.217,0.060,-0.920,0.947
85.903,-0.359,0.079,-0.946,1.015
85.913,-0.433,0.139,-1.100,1.190
85.923,-0.347,0.182,-1.247,1.307
85.933,-0.178,0.186,-1.334,1.358
85.943,-0.008,0.169,-1.384,1.394
85.953,0.110,0.174,-1.378,1.394
85.963,0.160,0.188,-1.321,1.344
85.973,0.202,0.196,-1.274,1.305
85.982,0.235,0.197,-1.232,1.270
85.992,0.213,0.200,-1.171,1.206
86.002,0.165,0.215,-1.125,1.157
86.012,0.167,0.213,-1.065,1.099
86.022,0.195,0.166,-1.008,1.040
86.032,0.263,0.075,-0.961,0.999
86.042,0.337,-0.015,-0.918,0.978
86.052,0.322,-0.050,-0.911,0.967
86.062,0.225,-0.041,-0.943,0.971
86.072,0.140,-0.015,-0.989,0.999
86.082,0.079,0.018,-1.021,1.025
86.092,0.033,0.046,-1.030,1.032
86.102,0.016,0.097,-1.006,1.011
86.112,0.032,0.123,-0.965,0.973
86.122,0.095,0.076,-0.949,0.957
86.132,0.186,-0.003,-0.969,0.987
86.142,0.228,-0.053,-1.018,1.045
86.152,0.160,-0.020,-1.062,1.075
86.162,0.014,0.095,-1.066,1.071
86.172,-0.064,0.220,-1.017,1.042
86.182,-0.015,0.271,-0.943,0.981
86.192,0.121,0.209,-0.908,0.939
86.202,0.260,0.092,-0.922,0.962
86.212,0.334,0.009,-0.979,1.035
86.222,0.304,0.015,-1.049,1.093
86.232,0.214,0.066,-1.085,1.108
86.242,0.167,0.097,-1.092,1.108
86.252,0.189,0.096,-1.077,1.098
86.262,0.221,0.065,-1.047,1.072
86.272,0.238,0.028,-1.007,1.035
86.282,0.234,0.015,-0.951,0.979
86.292,0.222,0.015,-0.889,0.916
86.302,0.212,0.018,-0.836,0.862
86.311,0.209,0.013,-0.821,0.848
86.321,0.217,0.002,-0.836,0.864
86.332,0.279,-0.028,-0.898,0.941
86.341,0.311,-0.052,-0.994,1.043
86.351,0.314,-0.022,-1.047,1.093
86.362,0.315,0.008,-1.086,1.131
86.371,0.298,0.013,-1.104,1.144
86.381,0.274,-0.005,-1.097,1.131
86.391,0.234,-0.026,-1.067,1.093
86.401,0.185,-0.042,-1.018,1.035
86.411,0.135,-0.054,-0.953,0.964
86.421,0.086,-0.072,-0.889,0.896
86.431,0.060,-0.093,-0.844,0.851
86.441,0.048,-0.103,-0.819,0.827
86.451,0.037,-0.094,-0.810,0.816
86.461,0.035,-0.073,-0.807,0.811
86.471,0.035,-0.054,-0.818,0.821
86.481,0.034,-0.034,-0.820,0.822
86.491,0.052,-0.026,-0.809,0.811
86.501,0.098,-0.043,-0.816,0.823
86.511,0.177,-0.093,-0.891,0.913
86.521,0.217,-0.111,-0.955,0.986
86.531,0.271,-0.105,-1.004,1.045
86.541,0.268,-0.098,-1.057,1.095
86.551,0.242,-0.090,-1.077,1.107
86.561,0.199,-0.076,-1.057,1.078
86.571,0.148,-0.046,-1.006,1.018
86.581,0.101,0.008,-0.927,0.932
86.591,0.064,0.071,-0.839,0.844
86.601,0.061,0.126,-0.766,0.778
86.611,0.101,0.154,-0.709,0.733
86.621,0.184,0.127,-0.694,0.729
86.631,0.263,0.076,-0.739,0.788
86.640,0.253,0.066,-0.813,0.854
86.650,0.139,0.115,-0.867,0.885
86.660,0.014,0.164,-0.894,0.909
86.670,-0.037,0.153,-0.901,0.915
86.680,-0.006,0.095,-0.886,0.891
86.690,0.055,0.026,-0.853,0.855
86.700,0.085,-0.008,-0.823,0.827
86.710,0.116,-0.008,-0.818,0.826
86.720,0.173,0.008,-0.871,0.888
86.730,0.242,0.018,-0.996,1.025
86.740,0.281,0.031,-1.141,1.175
86.750,0.306,0.050,-1.270,1.307
86.760,0.296,0.058,-1.358,1.391
86.770,0.271,0.058,-1.377,1.404
86.780,0.214,0.051,-1.347,1.365
86.790,0.131,0.034,-1.295,1.302
86.800,0.069,-0.009,-1.234,1.236
86.810,0.018,-0.074,-1.173,1.176
86.820,-0.026,-0.131,-1.104,1.112
86.830,-0.017,-0.189,-1.056,1.073
86.840,0.012,-0.217,-1.003,1.027
86.850,0.072,-0.195,-0.945,0.968
86.860,0.138,-0.146,-0.907,0.929
86.870,0.194,-0.097,-0.880,0.906
86.880,0.233,-0.058,-0.879,0.911
86.890,0.239,-0.033,-0.914,0.945
86.900,0.229,-0.025,-0.956,0.983
86.910,0.209,-0.033,-0.993,1.015
86.920,0.188,-0.040,-1.024,1.042
86.930,0.174,-0.035,-1.029,1.044
86.940,0.184,-0.030,-1.026,1.043
86.950,0.204,-0.065,-1.056,1.078
86.959,0.205,-0.092,-1.084,1.107
86.970,0.183,-0.093,-1.119,1.138
86.980,0.124,-0.057,-1.120,1.128
86.989,0.088,0.005,-1.095,1.099
87.000,0.055,0.064,-1.081,1.084
87.009,0.036,0.113,-1.069,1.075
87.019,0.012,0.161,-1.075,1.087
87.029,-0.019,0.204,-1.085,1.104
87.039,-0.024,0.218,-1.096,1.118
87.049,-0.005,0.196,-1.126,1.143
87.059,0.022,0.170,-1.153,1.165
87.069,0.039,0.181,-1.201,1.215
87.079,0.037,0.231,-1.258,1.280
87.089,0.040,0.266,-1.312,1.339
87.099,0.064,0.272,-1.371,1.399
87.109,0.080,0.316,-1.398,1.436
87.119,0.134,0.295,-1.409,1.446
87.129,0.204,0.235,-1.401,1.436
87.139,0.252,0.181,-1.367,1.402
87.149,0.270,0.114,-1.337,1.369
87.159,0.246,0.033,-1.326,1.349
87.169,0.213,-0.029,-1.299,1.317
87.179,0.159,-0.072,-1.254,1.266
87.189,0.117,-0.118,-1.193,1.204
87.199,0.094,-0.154,-1.125,1.139
87.209,0.077,-0.171,-1.045,1.062
87.219,0.065,-0.181,-0.971,0.990
87.229,0.049,-0.180,-0.903,0.922
87.239,0.048,-0.165,-0.848,0.866
87.249,0.059,-0.146,-0.813,0.828
87.259,0.086,-0.137,-0.809,0.825
87.269,0.104,-0.127,-0.862,0.877
87.279,0.095,-0.088,-0.920,0.929
87.289,0.093,-0.045,-0.949,0.955
87.298,0.105,-0.013,-0.948,0.954
87.309,0.114,0.007,-0.934,0.941
87.319,0.122,0.016,-0.917,0.925
87.328,0.129,0.019,-0.904,0.914
87.339,0.149,0.013,-0.904,0.916
87.348,0.152,0.008,-0.929,0.941
87.358,0.131,0.028,-0.939,0.949
87.368,0.110,0.063,-0.928,0.937
87.378,0.089,0.078,-0.916,0.923
87.388,0.085,0.067,-0.910,0.916
87.398,0.092,0.057,-0.895,0.902
87.408,0.094,0.057,-0.882,0.888
87.418,0.095,0.059,-0.884,0.891
87.428,0.093,0.059,-0.904,0.911
87.438,0.090,0.064,-0.926,0.933
87.448,0.096,0.055,-0.972,0.979
87.458,0.079,0.050,-1.015,1.019
87.468,0.068,0.050,-1.039,1.042
87.478,0.056,0.041,-1.063,1.065
87.488,0.040,0.044,-1.056,1.057
87.498,0.038,0.055,-0.996,0.998
87.508,0.068,0.041,-0.923,0.927
87.518,0.129,0.012,-0.874,0.883
87.528,0.172,-0.010,-0.854,0.871
87.538,0.188,0.007,-0.846,0.867
87.548,0.165,0.028,-0.858,0.875
87.558,0.122,0.016,-0.890,0.899
87.568,0.075,-0.025,-0.938,0.941
87.578,0.031,-0.076,-0.990,0.993
87.588,-0.002,-0.116,-1.032,1.039
87.598,-0.018,-0.146,-1.052,1.062
87.608,-0.010,-0.160,-1.042,1.054
87.618,0.013,-0.160,-1.019,1.032
87.628,0.034,-0.150,-1.022,1.033
87.638,0.044,-0.128,-1.045,1.054
87.648,0.046,-0.098,-1.074,1.079
87.658,0.037,-0.068,-1.108,1.111
87.668,0.020,-0.058,-1.158,1.159
87.677,-0.012,-0.054,-1.215,1.216
87.687,-0.053,-0.045,-1.238,1.240
87.697,-0.093,-0.035,-1.215,1.220
87.707,-0.118,-0.028,-1.183,1.189
87.717,-0.126,-0.025,-1.154,1.162
87.727,-0.106,-0.018,-1.099,1.105
87.737,-0.089,-0.004,-1.020,1.024
87.747,-0.070,0.010,-0.943,0.946
87.757,-0.041,0.032,-0.906,0.907
87.767,-0.009,0.056,-0.901,0.903
87.777,0.020,0.058,-0.933,0.935
87.787,0.035,0.040,-0.996,0.997
87.797,0.034,0.026,-1.055,1.056
87.807,0.035,0.015,-1.102,1.103
87.817,0.042,0.008,-1.141,1.142
87.827,0.054,0.012,-1.150,1.152
87.837,0.063,0.020,-1.129,1.131
87.847,0.068,0.024,-1.086,1.088
87.857,0.060,0.025,-1.028,1.030
87.867,0.037,0.015,-0.972,0.973
87.877,0.008,-0.007,-0.927,0.927
87.887,-0.028,-0.035,-0.913,0.914
87.897,-0.060,-0.059,-0.912,0.916
87.907,-0.083,-0.072,-0.907,0.914
87.917,-0.099,-0.075,-0.895,0.903
87.927,-0.087,-0.071,-0.883,0.890
87.937,-0.055,-0.056,-0.880,0.883
87.947,-0.018,-0.041,-0.883,0.885
87.957,0.008,-0.034,-0.892,0.893
87.967,0.027,-0.027,-0.896,0.897
87.976,0.051,-0.025,-0.898,0.900
87.987,0.071,-0.028,-0.915,0.918
87.997,0.083,-0.031,-0.947,0.951
88.007,0.090,-0.027,-0.961,0.966
88.016,0.096,-0.022,-0.956,0.961
88.026,0.100,-0.024,-0.938,0.944
88.036,0.107,-0.033,-0.915,0.922
88.046,0.113,-0.037,-0.915,0.922
88.056,0.102,-0.036,-0.940,0.946
88.066,0.077,-0.038,-0.952,0.956
88.076,0.047,-0.045,-0.942,0.944
88.086,0.022,-0.060,-0.909,0.912
88.096,0.008,-0.078,-0.865,0.869
88.106,0.003,-0.094,-0.845,0.850
88.116,-0.003,-0.105,-0.835,0.841
88.126,-0.011,-0.110,-0.817,0.824
88.136,-0.025,-0.116,-0.793,0.802
88.146,-0.037,-0.127,-0.776,0.787
88.156,-0.047,-0.130,-0.769,0.782
88.166,-0.053,-0.126,-0.772,0.785
88.176,-0.054,-0.125,-0.770,0.782
88.186,-0.042,-0.126,-0.763,0.774
88.196,-0.023,-0.137,-0.768,0.780
88.206,-0.017,-0.150,-0.784,0.798
88.216,-0.012,-0.165,-0.803,0.819
88.226,-0.008,-0.183,-0.825,0.845
88.236,-0.008,-0.195,-0.845,0.868
88.246,-0.005,-0.193,-0.870,0.892
88.256,0.003,-0.182,-0.883,0.902
88.266,0.018,-0.171,-0.881,0.898
88.276,0.030,-0.164,-0.887,0.903
88.286,0.031,-0.157,-0.899,0.913
88.296,0.018,-0.148,-0.908,0.921
88.306,0.003,-0.147,-0.922,0.934
88.316,-0.009,-0.156,-0.936,0.949
88.326,-0.011,-0.174,-0.945,0.961
88.336,-0.024,-0.185,-0.941,0.959
88.345,-0.043,-0.184,-0.921,0.941
88.355,-0.051,-0.182,-0.903,0.923
88.365,-0.044,-0.178,-0.900,0.919
88.375,-0.031,-0.173,-0.912,0.928
88.385,-0.020,-0.161,-0.933,0.947
88.395,-0.015,-0.137,-0.960,0.970
88.405,-0.017,-0.110,-1.003,1.009
88.415,-0.020,-0.083,-1.046,1.050
88.425,-0.013,-0.062,-1.078,1.080
88.435,-0.011,-0.036,-1.095,1.096
88.445,-0.007,-0.009,-1.111,1.111
88.455,0.004,0.011,-1.133,1.133
88.465,0.030,0.013,-1.168,1.168
88.475,0.073,-0.003,-1.222,1.224
88.485,0.118,-0.014,-1.294,1.300
88.495,0.138,0.001,-1.379,1.385
88.505,0.128,0.038,-1.460,1.466
88.515,0.100,0.077,-1.515,1.520
88.525,0.065,0.105,-1.514,1.519
88.535,0.033,0.108,-1.462,1.466
88.545,0.017,0.082,-1.384,1.386
88.555,0.018,0.043,-1.305,1.305
88.565,0.026,0.008,-1.239,1.239
88.575,0.037,-0.018,-1.202,1.203
88.585,0.052,-0.029,-1.176,1.178
88.595,0.073,-0.031,-1.151,1.154
88.605,0.091,-0.029,-1.118,1.122
88.615,0.099,-0.032,-1.073,1.078
88.625,0.102,-0.050,-1.020,1.026
88.635,0.096,-0.075,-0.951,0.959
88.645,0.091,-0.107,-0.879,0.890
88.655,0.096,-0.136,-0.828,0.844
88.664,0.112,-0.158,-0.795,0.818
88.674,0.117,-0.179,-0.783,0.812
88.684,0.091,-0.190,-0.789,0.816
88.695,0.058,-0.197,-0.802,0.828
88.704,0.037,-0.200,-0.829,0.853
88.714,0.028,-0.209,-0.875,0.900
88.724,0.036,-0.223,-0.913,0.941
88.734,0.043,-0.228,-0.932,0.960
88.744,0.055,-0.220,-0.936,0.963
88.754,0.076,-0.207,-0.945,0.970
88.764,0.100,-0.186,-0.952,0.975
88.774,0.114,-0.162,-0.958,0.978
88.784,0.121,-0.140,-0.956,0.974
88.794,0.126,-0.125,-0.948,0.964
88.804,0.130,-0.117,-0.937,0.953
88.814,0.130,-0.114,-0.936,0.952
88.824,0.120,-0.107,-0.938,0.952
88.834,0.103,-0.096,-0.934,0.945
88.844,0.098,-0.089,-0.926,0.936
88.854,0.096,-0.088,-0.906,0.915
88.864,0.090,-0.092,-0.885,0.894
88.874,0.070,-0.097,-0.870,0.878
88.884,0.037,-0.096,-0.874,0.880
88.894,0.003,-0.091,-0.885,0.890
88.904,-0.027,-0.086,-0.895,0.899
88.914,-0.050,-0.084,-0.899,0.904
88.924,-0.064,-0.084,-0.899,0.905
88.934,-0.066,-0.088,-0.895,0.901
88.944,-0.064,-0.089,-0.878,0.884
88.954,-0.065,-0.093,-0.849,0.857
88.964,-0.072,-0.106,-0.824,0.834
88.974,-0.079,-0.120,-0.801,0.814
88.984,-0.088,-0.130,-0.777,0.793
88.994,-0.093,-0.132,-0.748,0.765
89.003,-0.086,-0.127,-0.726,0.742
89.014,-0.062,-0.127,-0.714,0.728
89.024,-0.031,-0.132,-0.709,0.722
89.033,-0.012,-0.138,-0.717,0.730
89.043,-0.004,-0.151,-0.736,0.752
89.053,0.005,-0.174,-0.764,0.783
89.063,0.022,-0.208,-0.799,0.826
89.073,0.040,-0.236,-0.843,0.876
89.083,0.052,-0.250,-0.886,0.922
89.093,0.069,-0.248,-0.927,0.962
89.103,0.091,-0.236,-0.974,1.007
89.113,0.110,-0.208,-1.034,1.060
89.123,0.122,-0.174,-1.095,1.115
89.133,0.130,-0.140,-1.153,1.169
89.143,0.137,-0.102,-1.196,1.208
89.153,0.150,-0.070,-1.213,1.224
89.163,0.167,-0.056,-1.201,1.214
89.173,0.177,-0.061,-1.179,1.194
89.183,0.169,-0.071,-1.159,1.174
89.193,0.140,-0.081,-1.145,1.156
89.203,0.093,-0.093,-1.126,1.134
89.213,0.039,-0.106,-1.096,1.102
89.223,-0.004,-0.120,-1.046,1.053
89.233,-0.027,-0.142,-0.996,1.006
89.243,-0.025,-0.166,-0.968,0.982
89.253,-0.007,-0.183,-0.987,1.004
89.263,0.010,-0.177,-1.030,1.045
89.273,0.012,-0.153,-1.072,1.083
89.283,0.013,-0.125,-1.106,1.114
89.293,0.023,-0.097,-1.125,1.129
89.303,0.034,-0.087,-1.109,1.113
89.313,0.035,-0.102,-1.069,1.074
89.323,0.022,-0.128,-1.010,1.018
89.333,0.005,-0.161,-0.952,0.965
89.343,-0.000,-0.197,-0.914,0.935
89.352,0.008,-0.231,-0.886,0.915
89.362,0.020,-0.247,-0.857,0.893
89.372,0.032,-0.239,-0.829,0.863
89.382,0.057,-0.226,-0.817,0.850
89.393,0.087,-0.219,-0.823,0.856
89.402,0.106,-0.218,-0.837,0.871
89.412,0.106,-0.215,-0.851,0.884
89.422,0.095,-0.209,-0.864,0.894
89.432,0.082,-0.205,-0.876,0.903
89.442,0.070,-0.205,-0.871,0.898
89.452,0.063,-0.205,-0.845,0.871
89.462,0.069,-0.206,-0.814,0.843
89.472,0.088,-0.204,-0.802,0.832
89.482,0.101,-0.197,-0.813,0.843
89.492,0.104,-0.197,-0.849,0.878
89.502,0.105,-0.197,-0.898,0.925
89.512,0.099,-0.197,-0.949,0.974
89.522,0.084,-0.203,-1.010,1.034
89.532,0.073,-0.220,-1.081,1.106
89.542,0.046,-0.230,-1.153,1.177
89.552,0.009,-0.231,-1.210,1.232
89.562,-0.018,-0.220,-1.232,1.252
89.572,-0.026,-0.188,-1.217,1.232
89.582,-0.007,-0.146,-1.173,1.182
89.592,0.022,-0.125,-1.105,1.113
89.602,0.040,-0.125,-1.035,1.043
89.612,0.046,-0.147,-0.992,1.004
89.622,0.074,-0.189,-1.027,1.047
89.632,0.116,-0.199,-1.147,1.170
89.642,0.158,-0.155,-1.305,1.323
89.652,0.164,-0.080,-1.479,1.490
89.662,0.140,-0.007,-1.634,1.640
89.672,0.118,0.040,-1.712,1.716
89.681,0.086,0.048,-1.707,1.710
89.692,0.038,0.019,-1.629,1.629
89.701,-0.027,-0.036,-1.500,1.500
89.711,-0.073,-0.116,-1.358,1.364
89.722,-0.063,-0.199,-1.238,1.255
89.731,-0.003,-0.246,-1.154,1.180
89.741,0.060,-0.236,-1.122,1.148
89.751,0.115,-0.181,-1.111,1.132
89.761,0.150,-0.125,-1.100,1.117
89.771,0.160,-0.090,-1.086,1.101
89.781,0.160,-0.069,-1.054,1.068
89.791,0.150,-0.057,-0.994,1.007
89.801,0.130,-0.063,-0.922,0.933
89.811,0.112,-0.080,-0.849,0.860
89.821,0.097,-0.095,-0.783,0.795
89.831,0.078,-0.101,-0.733,0.744
89.841,0.060,-0.095,-0.699,0.708
89.851,0.052,-0.081,-0.684,0.690
89.861,0.050,-0.071,-0.704,0.710
89.871,0.053,-0.065,-0.760,0.765
89.881,0.049,-0.053,-0.829,0.832
89.891,0.044,-0.034,-0.902,0.904
89.901,0.044,-0.019,-0.989,0.990
89.911,0.032,-0.008,-1.068,1.069
89.921,0.012,-0.005,-1.116,1.116
89.931,-0.010,-0.021,-1.131,1.131
89.941,-0.028,-0.054,-1.121,1.123
89.951,-0.042,-0.089,-1.092,1.097
89.961,-0.054,-0.119,-1.052,1.060
89.971,-0.061,-0.140,-1.023,1.035
89.981,-0.068,-0.153,-1.024,1.037
89.991,-0.083,-0.161,-1.053,1.069
90.001,-0.102,-0.164,-1.080,1.097
90.011,-0.118,-0.164,-1.087,1.106
90.021,-0.114,-0.168,-1.084,1.103
90.031,-0.103,-0.171,-1.077,1.096
90.041,-0.103,-0.166,-1.070,1.088
90.050,-0.115,-0.161,-1.054,1.072
90.060,-0.132,-0.159,-1.027,1.047
90.070,-0.157,-0.167,-1.004,1.030
90.080,-0.190,-0.183,-0.983,1.018
90.090,-0.218,-0.191,-0.968,1.011
90.100,-0.236,-0.192,-0.964,1.011
90.110,-0.245,-0.192,-0.976,1.025
90.120,-0.247,-0.193,-1.005,1.053
90.130,-0.243,-0.200,-1.026,1.074
90.140,-0.229,-0.208,-1.032,1.077
90.150,-0.207,-0.211,-1.020,1.061
90.160,-0.186,-0.208,-0.993,1.031
90.170,-0.169,-0.207,-0.963,0.999
90.180,-0.159,-0.216,-0.933,0.971
90.190,-0.155,-0.230,-0.905,0.946
90.200,-0.151,-0.244,-0.886,0.931
90.210,-0.143,-0.250,-0.879,0.925
90.220,-0.140,-0.244,-0.888,0.931
90.230,-0.147,-0.226,-0.906,0.945
90.240,-0.159,-0.207,-0.935,0.971
90.250,-0.171,-0.194,-0.961,0.995
90.260,-0.180,-0.188,-0.983,1.017
90.270,-0.197,-0.180,-0.987,1.022
90.280,-0.210,-0.177,-0.963,1.001
90.290,-0.203,-0.186,-0.931,0.971
90.300,-0.185,-0.191,-0.888,0.926
90.310,-0.169,-0.191,-0.851,0.889
90.320,-0.157,-0.193,-0.832,0.868
90.330,-0.155,-0.195,-0.828,0.864
90.339,-0.160,-0.196,-0.835,0.872
90.349,-0.170,-0.197,-0.852,0.891
90.360,-0.182,-0.190,-0.875,0.914
90.369,-0.187,-0.185,-0.906,0.943
90.380,-0.187,-0.178,-0.929,0.964
90.389,-0.180,-0.171,-0.948,0.980
90.399,-0.175,-0.170,-0.971,1.001
90.409,-0.168,-0.165,-0.996,1.024
90.419,-0.151,-0.156,-1.010,1.033
90.429,-0.126,-0.143,-1.003,1.021
90.439,-0.103,-0.135,-0.980,0.995
90.449,-0.083,-0.136,-0.953,0.966
90.459,-0.072,-0.145,-0.916,0.931
90.469,-0.070,-0.159,-0.872,0.889
90.479,-0.063,-0.182,-0.822,0.844
90.489,-0.054,-0.208,-0.779,0.808
90.499,-0.046,-0.231,-0.750,0.786
90.509,-0.042,-0.247,-0.735,0.776
90.519,-0.042,-0.256,-0.730,0.774
90.529,-0.047,-0.261,-0.741,0.787
90.539,-0.060,-0.258,-0.759,0.804
90.549,-0.075,-0.250,-0.779,0.822
90.559,-0.089,-0.246,-0.807,0.849
90.569,-0.107,-0.244,-0.833,0.874
90.579,-0.126,-0.245,-0.858,0.901
90.589,-0.137,-0.258,-0.887,0.934
90.599,-0.133,-0.265,-0.911,0.958
90.609,-0.132,-0.264,-0.934,0.979
90.619,-0.120,-0.253,-0.947,0.988
90.629,-0.103,-0.228,-0.946,0.979
90.639,-0.092,-0.200,-0.928,0.954
90.649,-0.085,-0.177,-0.908,0.929
90.659,-0.074,-0.170,-0.888,0.907
90.668,-0.063,-0.174,-0.872,0.891
90.679,-0.072,-0.183,-0.857,0.879
90.688,-0.097,-0.196,-0.838,0.866
90.699,-0.112,-0.216,-0.809,0.844
90.709,-0.114,-0.229,-0.773,0.815
90.718,-0.117,-0.233,-0.748,0.792
90.729,-0.126,-0.232,-0.743,0.788
90.738,-0.134,-0.231,-0.756,0.802
90.748,-0.137,-0.220,-0.776,0.818
90.759,-0.135,-0.199,-0.796,0.832
90.768,-0.124,-0.176,-0.816,0.844
90.778,-0.111,-0.164,-0.827,0.850
90.788,-0.104,-0.167,-0.845,0.868
90.798,-0.106,-0.173,-0.866,0.890
90.808,-0.117,-0.181,-0.874,0.900
90.818,-0.131,-0.189,-0.876,0.906
90.828,-0.138,-0.203,-0.887,0.921
90.838,-0.122,-0.220,-0.905,0.940
90.848,-0.092,-0.229,-0.923,0.955
90.858,-0.066,-0.229,-0.949,0.978
90.868,-0.053,-0.216,-0.999,1.024
90.878,-0.045,-0.188,-1.043,1.061
90.888,-0.028,-0.159,-1.086,1.098
90.898,-0.016,-0.127,-1.140,1.148
90.908,-0.002,-0.110,-1.200,1.206
90.918,0.001,-0.114,-1.270,1.275
90.928,-0.006,-0.132,-1.319,1.325
90.938,-0.036,-0.160,-1.342,1.352
90.948,-0.153,-0.207,-1.322,1.347
90.958,-0.151,-0.230,-1.234,1.264
90.968,-0.119,-0.204,-1.086,1.112
90.978,-0.149,-0.177,-0.988,1.015
90.988,-0.164,-0.197,-0.957,0.991
90.998,-0.148,-0.229,-0.931,0.970
91.008,-0.050,-0.251,-0.950,0.984
91.017,0.054,-0.235,-0.993,1.022
91.027,0.145,-0.187,-1.063,1.089
91.037,0.189,-0.124,-1.124,1.147
91.047,0.171,-0.066,-1.167,1.182
91.057,0.132,-0.025,-1.191,1.199
91.067,0.113,-0.029,-1.193,1.199
91.077,0.078,-0.067,-1.167,1.171
91.087,0.019,-0.104,-1.097,1.102
91.097,-0.022,-0.118,-1.040,1.047
91.107,-0.049,-0.118,-0.951,0.960
91.117,-0.073,-0.104,-0.847,0.857
91.127,-0.090,-0.112,-0.810,0.823
91.137,-0.114,-0.141,-0.826,0.846
91.147,-0.120,-0.165,-0.897,0.920
91.157,-0.113,-0.172,-1.007,1.028
91.167,-0.114,-0.152,-1.115,1.131
91.177,-0.103,-0.109,-1.190,1.199
91.187,-0.076,-0.080,-1.240,1.245
91.197,-0.023,-0.076,-1.229,1.231
91.207,0.000,-0.068,-1.147,1.149
91.217,0.016,-0.036,-1.034,1.035
91.227,0.036,-0.070,-0.919,0.922
91.237,0.046,-0.153,-0.846,0.861
91.247,0.063,-0.227,-0.824,0.857
91.257,0.060,-0.263,-0.829,0.872
91.267,0.046,-0.266,-0.875,0.916
91.277,0.025,-0.250,-0.943,0.976
91.287,0.015,-0.222,-0.988,1.013
91.297,0.013,-0.191,-0.990,1.009
91.307,0.012,-0.172,-0.974,0.989
91.317,0.023,-0.173,-0.933,0.949
91.327,0.053,-0.201,-0.893,0.917
91.337,0.088,-0.238,-0.880,0.916
91.347,0.098,-0.249,-0.924,0.962
91.356,0.089,-0.222,-0.983,1.012
91.366,0.085,-0.177,-1.029,1.047
91.376,0.107,-0.136,-1.049,1.063
91.386,0.140,-0.110,-1.050,1.065
91.396,0.148,-0.100,-1.052,1.067
91.406,0.136,-0.096,-1.024,1.037
91.416,0.129,-0.115,-0.964,0.980
91.426,0.133,-0.161,-0.902,0.926
91.436,0.152,-0.214,-0.845,0.884
91.446,0.173,-0.254,-0.811,0.868
91.456,0.181,-0.288,-0.820,0.888
91.466,0.188,-0.305,-0.849,0.921
91.476,0.203,-0.293,-0.863,0.934
91.486,0.215,-0.278,-0.845,0.915
91.496,0.214,-0.278,-0.801,0.875
91.506,0.211,-0.289,-0.747,0.828
91.516,0.200,-0.304,-0.696,0.785
91.526,0.199,-0.335,-0.661,0.768
91.536,0.221,-0.369,-0.657,0.785
91.546,0.254,-0.376,-0.668,0.807
91.556,0.267,-0.376,-0.696,0.835
91.566,0.280,-0.349,-0.735,0.861
91.576,0.293,-0.303,-0.771,0.879
91.586,0.273,-0.267,-0.802,0.888
91.596,0.239,-0.256,-0.835,0.906
91.606,0.216,-0.256,-0.883,0.944
91.616,0.195,-0.241,-0.922,0.973
91.626,0.183,-0.211,-0.973,1.012
91.636,0.185,-0.159,-1.036,1.065
91.646,0.200,-0.097,-1.127,1.149
91.656,0.182,-0.065,-1.226,1.241
91.666,0.147,-0.048,-1.324,1.333
91.676,0.091,-0.025,-1.401,1.404
91.686,0.037,-0.014,-1.405,1.406
91.696,0.015,-0.030,-1.333,1.333
91.706,0.010,-0.069,-1.235,1.237
91.715,0.001,-0.123,-1.139,1.145
91.725,-0.025,-0.164,-1.049,1.062
91.735,-0.075,-0.180,-0.967,0.987
91.745,-0.140,-0.181,-0.906,0.934
91.755,-0.186,-0.191,-0.929,0.966
91.765,-0.203,-0.176,-1.033,1.068
91.775,-0.196,-0.121,-1.149,1.172
91.785,-0.193,-0.062,-1.268,1.285
91.795,-0.187,-0.023,-1.377,1.390
91.805,-0.181,-0.013,-1.431,1.443
91.815,-0.206,-0.027,-1.412,1.427
91.825,-0.245,-0.081,-1.339,1.364
91.835,-0.281,-0.160,-1.237,1.279
91.845,-0.300,-0.222,-1.125,1.185
91.855,-0.294,-0.262,-1.041,1.113
91.865,-0.270,-0.285,-1.024,1.097
91.875,-0.245,-0.282,-1.070,1.133
91.885,-0.235,-0.250,-1.142,1.192
91.895,-0.247,-0.216,-1.194,1.238
91.905,-0.247,-0.188,-1.201,1.240
91.915,-0.243,-0.159,-1.159,1.195
91.925,-0.239,-0.147,-1.079,1.115
91.935,-0.235,-0.159,-0.985,1.026
91.945,-0.230,-0.185,-0.907,0.954
91.955,-0.226,-0.206,-0.858,0.910
91.965,-0.219,-0.215,-0.841,0.896
91.975,-0.208,-0.213,-0.839,0.891
91.985,-0.198,-0.202,-0.835,0.882
91.995,-0.185,-0.187,-0.822,0.863
92.005,-0.170,-0.173,-0.800,0.836
92.015,-0.160,-0.163,-0.775,0.808
92.025,-0.150,-0.162,-0.743,0.775
92.034,-0.140,-0.178,-0.727,0.761
92.045,-0.125,-0.203,-0.733,0.771
92.055,-0.114,-0.217,-0.742,0.781
92.064,-0.106,-0.213,-0.749,0.786
92.074,-0.097,-0.195,-0.755,0.786
92.084,-0.092,-0.175,-0.754,0.780
92.094,-0.094,-0.165,-0.761,0.785
92.104,-0.111,-0.168,-0.789,0.815
92.114,-0.123,-0.167,-0.805,0.832
92.124,-0.126,-0.169,-0.798,0.826
92.134,-0.125,-0.183,-0.777,0.808
92.144,-0.122,-0.210,-0.757,0.795
92.154,-0.123,-0.236,-0.743,0.790
92.164,-0.125,-0.245,-0.746,0.795
92.174,-0.124,-0.245,-0.763,0.811
92.184,-0.121,-0.242,-0.790,0.835
92.194,-0.120,-0.246,-0.814,0.859
92.204,-0.123,-0.254,-0.832,0.879
92.214,-0.142,-0.261,-0.840,0.891
92.224,-0.150,-0.273,-0.809,0.867
92.234,-0.134,-0.295,-0.760,0.826
92.244,-0.116,-0.310,-0.712,0.785
92.254,-0.112,-0.315,-0.699,0.775
92.264,-0.105,-0.317,-0.734,0.806
92.274,-0.084,-0.318,-0.821,0.884
92.284,-0.052,-0.308,-0.941,0.992
92.294,-0.035,-0.276,-1.061,1.097
92.304,-0.045,-0.236,-1.139,1.164
92.314,-0.071,-0.218,-1.154,1.176
92.324,-0.084,-0.239,-1.113,1.142
92.334,-0.072,-0.296,-1.062,1.105
92.344,-0.065,-0.354,-1.010,1.072
92.354,-0.067,-0.409,-0.939,1.027
92.364,-0.068,-0.452,-0.790,0.913
92.374,-0.080,-0.449,-0.576,0.734
92.384,-0.105,-0.442,-0.399,0.605
92.393,-0.069,-0.478,-0.443,0.656
92.403,-0.013,-0.564,-0.789,0.970
92.413,0.005,-0.509,-1.320,1.415
92.424,-0.010,-0.325,-1.784,1.813
92.434,-0.004,-0.176,-1.988,1.996
92.443,0.016,-0.107,-1.993,1.996
92.453,0.018,-0.078,-1.822,1.823
92.463,0.046,-0.134,-1.525,1.532
92.473,0.065,-0.259,-1.203,1.233
92.483,0.028,-0.379,-0.944,1.017
92.493,-0.054,-0.454,-0.786,0.909
92.503,-0.138,-0.459,-0.730,0.874
92.513,-0.161,-0.422,-0.781,0.902
92.523,-0.118,-0.366,-0.906,0.984
92.533,-0.044,-0.291,-1.047,1.088
92.543,0.013,-0.217,-1.172,1.192
92.553,0.054,-0.168,-1.245,1.257
92.563,0.077,-0.147,-1.245,1.256
92.573,0.072,-0.148,-1.174,1.185
92.583,0.065,-0.186,-1.056,1.074
92.593,0.068,-0.234,-0.937,0.968
92.603,0.057,-0.251,-0.849,0.887
92.613,0.035,-0.252,-0.809,0.848
92.623,0.017,-0.248,-0.816,0.853
92.633,0.005,-0.228,-0.855,0.885
92.643,0.003,-0.195,-0.908,0.929
92.653,0.018,-0.158,-0.953,0.966
92.663,0.043,-0.131,-0.974,0.984
92.673,0.063,-0.118,-0.971,0.980
92.683,0.079,-0.122,-0.958,0.969
92.693,0.094,-0.130,-0.954,0.968
92.703,0.111,-0.131,-0.954,0.969
92.713,0.118,-0.131,-0.947,0.964
92.723,0.117,-0.140,-0.927,0.945
92.732,0.109,-0.156,-0.894,0.914
92.742,0.098,-0.181,-0.867,0.891
92.753,0.082,-0.208,-0.824,0.854
92.762,0.074,-0.233,-0.753,0.792
92.772,0.076,-0.263,-0.682,0.735
92.782,0.083,-0.296,-0.631,0.702
92.792,0.085,-0.320,-0.607,0.691
92.802,0.081,-0.325,-0.607,0.693
92.812,0.089,-0.316,-0.622,0.703
92.822,0.112,-0.302,-0.652,0.727
92.832,0.129,-0.285,-0.693,0.760
92.842,0.126,-0.269,-0.744,0.801
92.852,0.107,-0.264,-0.797,0.846
92.862,0.089,-0.262,-0.836,0.881
92.872,0.076,-0.252,-0.848,0.888
92.882,0.080,-0.240,-0.833,0.870
92.892,0.091,-0.233,-0.808,0.846
92.902,0.102,-0.227,-0.765,0.804
92.912,0.113,-0.226,-0.714,0.758
92.922,0.115,-0.227,-0.680,0.726
92.932,0.098,-0.232,-0.676,0.721
92.942,0.071,-0.237,-0.687,0.730
92.952,0.048,-0.247,-0.704,0.748
92.962,0.042,-0.257,-0.742,0.786
92.972,0.053,-0.250,-0.789,0.829
92.982,0.075,-0.226,-0.829,0.862
92.992,0.100,-0.202,-0.876,0.905
93.002,0.113,-0.186,-0.938,0.962
93.012,0.107,-0.177,-0.989,1.010
93.022,0.091,-0.184,-1.022,1.043
93.032,0.066,-0.210,-1.048,1.071
93.042,0.047,-0.245,-1.054,1.083
93.052,0.034,-0.264,-1.038,1.071
93.062,0.016,-0.256,-0.991,1.024
93.071,0.006,-0.251,-0.906,0.940
93.082,0.022,-0.275,-0.800,0.846
93.091,0.024,-0.288,-0.685,0.743
93.101,-0.078,-0.267,-0.585,0.648
93.111,-0.217,-0.288,-0.603,0.703
93.121,-0.239,-0.369,-0.864,0.970
93.131,-0.204,-0.372,-1.302,1.369
93.141,-0.194,-0.249,-1.769,1.797
93.151,-0.163,-0.089,-2.071,2.080
93.161,-0.076,0.023,-2.096,2.097
93.171,-0.018,0.105,-1.888,1.891
93.181,0.030,0.133,-1.521,1.527
93.191,0.069,0.043,-1.119,1.122
93.201,0.034,-0.125,-0.816,0.827
93.211,-0.082,-0.272,-0.707,0.762
93.221,-0.202,-0.337,-0.741,0.839
93.231,-0.273,-0.320,-0.858,0.955
93.241,-0.280,-0.251,-0.983,1.053
93.251,-0.250,-0.177,-1.104,1.145
93.261,-0.203,-0.121,-1.202,1.225
93.271,-0.161,-0.075,-1.237,1.249
93.281,-0.146,-0.038,-1.217,1.226
93.291,-0.168,-0.035,-1.152,1.165
93.301,-0.205,-0.067,-1.056,1.078
93.311,-0.231,-0.116,-0.962,0.996
93.321,-0.252,-0.151,-0.878,0.926
93.331,-0.265,-0.159,-0.812,0.869
93.341,-0.249,-0.149,-0.777,0.829
93.351,-0.233,-0.151,-0.786,0.833
93.361,-0.221,-0.136,-0.822,0.862
93.371,-0.204,-0.112,-0.862,0.893
93.380,-0.174,-0.100,-0.908,0.930
93.391,-0.138,-0.091,-0.935,0.949
93.400,-0.101,-0.085,-0.934,0.943
93.410,-0.068,-0.085,-0.920,0.927
93.420,-0.066,-0.077,-0.890,0.895
93.430,-0.079,-0.081,-0.836,0.843
93.441,-0.093,-0.094,-0.768,0.779
93.450,-0.087,-0.105,-0.703,0.716
93.460,-0.058,-0.125,-0.673,0.687
93.470,-0.032,-0.152,-0.690,0.707
93.480,-0.017,-0.181,-0.726,0.749
93.490,-0.035,-0.190,-0.776,0.800
93.500,-0.076,-0.188,-0.833,0.858
93.510,-0.113,-0.170,-0.880,0.903
93.520,-0.125,-0.144,-0.878,0.898
93.530,-0.093,-0.124,-0.829,0.843
93.540,-0.046,-0.118,-0.778,0.789
93.550,-0.008,-0.136,-0.755,0.767
93.560,0.007,-0.172,-0.794,0.813
93.570,0.011,-0.191,-0.898,0.918
93.580,0.013,-0.175,-1.013,1.028
93.590,0.025,-0.140,-1.131,1.140
93.600,0.047,-0.071,-1.245,1.248
93.610,0.090,0.028,-1.342,1.345
93.620,0.134,0.120,-1.450,1.461
93.630,0.159,0.206,-1.525,1.547
93.640,0.162,0.267,-1.552,1.583
93.650,0.147,0.286,-1.554,1.587
93.660,0.116,0.269,-1.559,1.587
93.670,0.071,0.259,-1.554,1.577
93.680,0.029,0.266,-1.533,1.556
93.690,-0.007,0.267,-1.505,1.529
93.700,-0.015,0.268,-1.467,1.491
93.710,0.009,0.262,-1.410,1.434
93.719,0.057,0.236,-1.349,1.370
93.730,0.104,0.218,-1.289,1.312
93.740,0.130,0.210,-1.252,1.276
93.749,0.132,0.187,-1.225,1.246
93.760,0.110,0.145,-1.213,1.227
93.769,0.087,0.096,-1.232,1.239
93.779,0.097,0.055,-1.258,1.263
93.789,0.131,0.024,-1.255,1.262
93.799,0.167,0.016,-1.228,1.240
93.809,0.196,0.024,-1.218,1.234
93.819,0.228,0.055,-1.236,1.258
93.829,0.243,0.088,-1.248,1.275
93.839,0.234,0.094,-1.220,1.246
93.849,0.195,0.063,-1.178,1.195
93.859,0.143,0.017,-1.138,1.147
93.869,0.109,-0.008,-1.091,1.096
93.879,0.083,-0.003,-1.034,1.037
93.889,0.067,0.005,-0.963,0.965
93.899,0.051,0.007,-0.896,0.898
93.909,0.020,0.011,-0.861,0.862
93.919,-0.019,0.019,-0.863,0.864
93.929,-0.054,0.026,-0.912,0.914
93.939,-0.080,0.019,-0.941,0.945
93.949,-0.102,-0.001,-0.938,0.943
93.959,-0.108,-0.022,-0.925,0.931
93.969,-0.088,-0.028,-0.907,0.911
93.979,-0.056,-0.016,-0.877,0.878
93.989,-0.038,-0.005,-0.842,0.843
93.999,-0.028,-0.010,-0.813,0.814
94.009,-0.017,-0.019,-0.787,0.788
94.019,-0.016,-0.025,-0.783,0.783
94.029,-0.007,-0.036,-0.800,0.801
94.039,0.001,-0.038,-0.815,0.816
94.049,0.004,-0.023,-0.811,0.811
94.059,0.006,0.002,-0.792,0.792
94.068,0.024,0.013,-0.779,0.779
94.078,0.056,0.004,-0.783,0.785
94.089,0.093,-0.028,-0.804,0.810
94.098,0.128,-0.075,-0.843,0.856
94.108,0.151,-0.112,-0.878,0.898
94.118,0.140,-0.117,-0.893,0.912
94.128,0.110,-0.102,-0.885,0.898
94.138,0.090,-0.087,-0.842,0.851
94.148,0.086,-0.078,-0.774,0.783
94.158,0.102,-0.078,-0.717,0.728
94.168,0.134,-0.089,-0.706,0.724
94.178,0.177,-0.112,-0.722,0.751
94.188,0.217,-0.128,-0.749,0.790
94.198,0.236,-0.137,-0.792,0.837
94.208,0.235,-0.130,-0.860,0.900
94.218,0.215,-0.093,-0.934,0.963
94.228,0.181,-0.051,-0.961,0.979
94.238,0.145,-0.031,-0.935,0.946
94.248,0.115,-0.042,-0.892,0.900
94.258,0.102,-0.068,-0.858,0.867
94.268,0.106,-0.077,-0.834,0.844
94.278,0.120,-0.061,-0.835,0.846
94.288,0.147,-0.033,-0.850,0.863
94.298,0.183,-0.006,-0.866,0.885
94.308,0.208,0.017,-0.897,0.921
94.318,0.221,0.036,-0.925,0.951
94.328,0.222,0.052,-0.937,0.965
94.338,0.200,0.067,-0.940,0.963
94.348,0.157,0.073,-0.936,0.952
94.358,0.119,0.064,-0.961,0.970
94.368,0.106,0.025,-1.035,1.040
94.378,0.117,-0.018,-1.138,1.144
94.388,0.134,-0.024,-1.266,1.273
94.398,0.148,0.002,-1.426,1.433
94.408,0.153,0.027,-1.562,1.570
94.418,0.150,0.027,-1.635,1.642
94.427,0.141,0.002,-1.628,1.635
94.437,0.116,-0.039,-1.555,1.560
94.447,0.076,-0.106,-1.450,1.456
94.457,0.059,-0.190,-1.341,1.355
94.468,0.068,-0.248,-1.242,1.268
94.477,0.085,-0.264,-1.160,1.193
94.487,0.114,-0.250,-1.099,1.133
94.497,0.155,-0.226,-1.065,1.100
94.507,0.183,-0.197,-1.041,1.075
94.517,0.193,-0.167,-1.001,1.033
94.527,0.206,-0.143,-0.955,0.987
94.537,0.230,-0.133,-0.905,0.944
94.547,0.251,-0.134,-0.860,0.906
94.557,0.257,-0.147,-0.826,0.877
94.567,0.244,-0.158,-0.794,0.846
94.577,0.234,-0.159,-0.759,0.810
94.587,0.221,-0.147,-0.741,0.787
94.597,0.203,-0.129,-0.733,0.771
94.607,0.188,-0.102,-0.711,0.742
94.617,0.164,-0.076,-0.690,0.713
94.627,0.146,-0.068,-0.683,0.701
94.637,0.126,-0.077,-0.704,0.719
94.647,0.096,-0.098,-0.745,0.757
94.657,0.070,-0.124,-0.801,0.813
94.667,0.061,-0.139,-0.869,0.882
94.677,0.067,-0.133,-0.949,0.960
94.687,0.074,-0.097,-1.030,1.037
94.697,0.076,-0.052,-1.109,1.113
94.707,0.074,-0.011,-1.174,1.176
94.717,0.076,0.022,-1.200,1.203
94.727,0.083,0.042,-1.187,1.191
94.737,0.090,0.046,-1.161,1.165
94.747,0.085,0.039,-1.131,1.134
94.757,0.071,0.025,-1.093,1.096
94.766,0.070,-0.005,-1.067,1.069
94.776,0.079,-0.032,-1.078,1.081
94.786,0.088,-0.027,-1.092,1.096
94.796,0.097,-0.005,-1.066,1.071
94.806,0.105,0.003,-1.005,1.010
94.816,0.119,-0.027,-0.925,0.933
94.826,0.089,-0.047,-0.857,0.863
94.836,0.034,-0.041,-0.809,0.811
94.846,0.014,-0.043,-0.779,0.780
94.856,0.022,-0.062,-0.750,0.753
94.866,0.033,-0.096,-0.721,0.728
94.876,0.042,-0.136,-0.712,0.726
94.886,0.035,-0.152,-0.730,0.746
94.896,0.022,-0.147,-0.761,0.775
94.906,0.024,-0.147,-0.799,0.812
94.916,0.028,-0.147,-0.832,0.846
94.926,0.019,-0.136,-0.860,0.871
94.936,0.005,-0.128,-0.881,0.891
94.946,0.018,-0.142,-0.888,0.900
94.956,0.028,-0.154,-0.884,0.898
94.966,0.033,-0.158,-0.890,0.905
94.976,0.052,-0.156,-0.907,0.921
94.986,0.061,-0.135,-0.948,0.960
94.996,0.057,-0.098,-0.986,0.992
95.006,0.053,-0.057,-1.004,1.007
95.016,0.069,-0.018,-1.013,1.016
95.026,0.093,0.018,-1.018,1.023
95.036,0.107,0.055,-1.026,1.033
95.046,0.114,0.094,-1.035,1.046
95.056,0.123,0.130,-1.049,1.064
95.066,0.134,0.167,-1.056,1.078
95.076,0.103,0.226,-1.048,1.077
95.085,0.025,0.308,-1.008,1.054
95.096,-0.052,0.382,-0.943,1.019
95.105,-0.060,0.395,-0.882,0.968
95.115,0.000,0.333,-0.867,0.929
95.125,0.043,0.265,-0.944,0.981
95.135,0.033,0.232,-1.087,1.112
95.145,0.015,0.228,-1.224,1.245
95.155,0.013,0.223,-1.310,1.329
95.165,0.019,0.189,-1.311,1.324
95.175,0.047,0.116,-1.228,1.234
95.185,0.083,0.028,-1.130,1.133
95.195,0.119,-0.061,-1.067,1.075
95.205,0.157,-0.136,-1.029,1.050
95.215,0.199,-0.192,-1.006,1.043
95.225,0.246,-0.233,-0.991,1.048
95.235,0.282,-0.252,-0.995,1.064
95.245,0.308,-0.262,-1.019,1.096
95.255,0.351,-0.274,-1.054,1.144
95.265,0.386,-0.273,-1.108,1.204
95.275,0.397,-0.259,-1.167,1.260
95.285,0.390,-0.247,-1.216,1.300
95.295,0.361,-0.238,-1.235,1.309
95.305,0.323,-0.226,-1.207,1.270
95.315,0.282,-0.214,-1.141,1.195
95.325,0.248,-0.208,-1.064,1.112
95.335,0.233,-0.200,-0.999,1.046
95.345,0.232,-0.179,-0.957,1.001
95.355,0.228,-0.146,-0.938,0.976
95.365,0.229,-0.121,-0.926,0.961
95.375,0.235,-0.115,-0.918,0.954
95.385,0.226,-0.117,-0.938,0.972
95.395,0.173,-0.118,-0.962,0.985
95.405,0.110,-0.129,-0.958,0.973
95.415,0.058,-0.154,-0.928,0.942
95.424,0.004,-0.173,-0.883,0.900
95.435,-0.057,-0.180,-0.822,0.844
95.444,-0.122,-0.188,-0.752,0.785
95.455,-0.163,-0.194,-0.688,0.733
95.464,-0.174,-0.189,-0.645,0.694
95.474,-0.173,-0.164,-0.635,0.678
95.484,-0.176,-0.131,-0.668,0.703
95.494,-0.204,-0.092,-0.732,0.766
95.504,-0.242,-0.057,-0.792,0.830
95.514,-0.260,-0.039,-0.829,0.870
95.524,-0.251,-0.036,-0.852,0.889
95.534,-0.224,-0.042,-0.868,0.897
95.544,-0.200,-0.056,-0.890,0.914
95.554,-0.179,-0.078,-0.921,0.942
95.564,-0.144,-0.102,-0.959,0.975
95.574,-0.092,-0.114,-1.008,1.018
95.584,-0.028,-0.107,-1.060,1.066
95.594,0.045,-0.084,-1.111,1.115
95.604,0.131,-0.058,-1.144,1.153
95.614,0.214,-0.040,-1.171,1.191
95.624,0.279,-0.027,-1.204,1.237
95.634,0.326,-0.017,-1.227,1.270
95.644,0.350,0.002,-1.223,1.272
95.654,0.363,0.027,-1.197,1.251
95.664,0.385,0.031,-1.178,1.240
95.674,0.404,0.030,-1.181,1.248
95.684,0.397,0.048,-1.181,1.247
95.694,0.368,0.074,-1.182,1.240
95.704,0.331,0.096,-1.198,1.247
95.714,0.265,0.115,-1.212,1.246
95.724,0.171,0.133,-1.192,1.212
95.734,0.092,0.150,-1.137,1.151
95.744,0.042,0.138,-1.085,1.094
95.754,-0.009,0.107,-1.083,1.088
95.763,-0.057,0.106,-1.144,1.150
95.774,-0.096,0.164,-1.261,1.275
95.783,-0.105,0.215,-1.441,1.460
95.793,-0.074,0.191,-1.632,1.645
95.804,-0.027,0.129,-1.766,1.771
95.813,0.005,0.085,-1.796,1.799
95.823,0.033,0.067,-1.707,1.709
95.833,0.058,0.040,-1.536,1.538
95.843,0.080,0.002,-1.304,1.306
95.853,0.106,-0.056,-1.045,1.051
95.863,0.168,-0.153,-0.831,0.861
95.873,0.236,-0.275,-0.727,0.813
95.883,0.274,-0.379,-0.718,0.857
95.893,0.296,-0.427,-0.739,0.904
95.903,0.298,-0.439,-0.784,0.947
95.913,0.287,-0.440,-0.855,1.004
95.923,0.291,-0.444,-0.901,1.046
95.933,0.294,-0.466,-0.921,1.074
95.943,0.289,-0.502,-0.919,1.086
95.953,0.282,-0.539,-0.900,1.086
95.963,0.270,-0.557,-0.879,1.075
95.973,0.259,-0.545,-0.854,1.046
95.983,0.251,-0.511,-0.829,1.006
95.993,0.248,-0.475,-0.813,0.974
96.003,0.253,-0.447,-0.824,0.971
96.013,0.250,-0.416,-0.860,0.987
96.023,0.228,-0.387,-0.913,1.018
96.033,0.189,-0.358,-0.955,1.037
96.043,0.146,-0.325,-0.972,1.036
96.053,0.112,-0.287,-0.961,1.009
96.062,0.092,-0.259,-0.950,0.989
96.073,0.088,-0.234,-0.960,0.992
96.083,0.090,-0.191,-0.988,1.010
96.093,0.094,-0.136,-1.025,1.038
96.103,0.098,-0.074,-1.066,1.073
96.112,0.105,-0.007,-1.119,1.124
96.122,0.118,0.049,-1.189,1.196
96.132,0.117,0.091,-1.273,1.282
96.142,0.102,0.118,-1.348,1.357
96.152,0.079,0.136,-1.378,1.387
96.162,0.076,0.154,-1.348,1.359
96.172,0.111,0.145,-1.285,1.297
96.182,0.155,0.120,-1.201,1.217
96.192,0.162,0.101,-1.133,1.149
96.202,0.133,0.079,-1.097,1.107
96.212,0.101,0.036,-1.068,1.074
96.222,0.077,0.012,-1.016,1.019
96.232,0.067,-0.005,-0.945,0.948
96.242,0.075,-0.026,-0.868,0.872
96.252,0.082,-0.029,-0.802,0.807
96.262,0.080,-0.031,-0.788,0.792
96.272,0.084,-0.054,-0.843,0.849
96.282,0.100,-0.068,-0.927,0.935
96.292,0.109,-0.060,-0.985,0.993
96.302,0.118,-0.049,-1.008,1.016
96.312,0.115,-0.043,-1.002,1.009
96.322,0.092,-0.042,-0.981,0.986
96.332,0.067,-0.059,-0.964,0.969
96.342,0.046,-0.099,-0.967,0.973
96.352,0.021,-0.139,-0.982,0.992
96.362,0.002,-0.156,-1.004,1.016
96.372,-0.009,-0.152,-1.017,1.028
96.382,-0.011,-0.143,-1.012,1.022
96.392,-0.009,-0.129,-0.987,0.995
96.402,-0.010,-0.122,-0.953,0.961
96.412,-0.018,-0.140,-0.941,0.952
96.422,-0.041,-0.161,-0.950,0.964
96.432,-0.065,-0.175,-0.970,0.988
96.442,-0.086,-0.179,-0.989,1.008
96.452,-0.098,-0.172,-0.999,1.018
96.461,-0.095,-0.156,-0.995,1.012
96.471,-0.098,-0.133,-0.981,0.994
96.481,-0.094,-0.145,-0.956,0.972
96.491,-0.059,-0.190,-0.913,0.934
96.501,-0.050,-0.223,-0.874,0.903
96.511,-0.088,-0.216,-0.873,0.904
96.521,-0.121,-0.212,-0.885,0.918
96.531,-0.127,-0.215,-0.903,0.937
96.541,-0.118,-0.225,-0.924,0.959
96.551,-0.101,-0.258,-0.937,0.977
96.561,-0.100,-0.279,-0.950,0.995
96.571,-0.113,-0.266,-0.958,1.001
96.581,-0.118,-0.249,-0.969,1.007
96.591,-0.114,-0.263,-1.003,1.044
96.601,-0.121,-0.240,-1.018,1.053
96.611,-0.093,-0.215,-1.002,1.029
96.621,-0.051,-0.233,-0.989,1.017
96.631,-0.030,-0.231,-0.983,1.010
96.641,-0.027,-0.208,-0.979,1.001
96.651,-0.021,-0.193,-0.972,0.991
96.661,-0.004,-0.204,-0.976,0.997
96.671,0.011,-0.213,-0.982,1.005
96.681,0.015,-0.211,-0.985,1.008
96.691,0.016,-0.214,-0.977,1.000
96.701,0.015,-0.211,-0.952,0.976
96.711,0.004,-0.200,-0.920,0.941
96.721,-0.011,-0.188,-0.902,0.922
96.731,-0.023,-0.182,-0.904,0.922
96.741,-0.020,-0.188,-0.923,0.942
96.751,-0.006,-0.189,-0.951,0.970
96.761,0.013,-0.175,-0.982,0.998
96.771,0.051,-0.181,-1.033,1.050
96.780,0.089,-0.193,-1.067,1.088
96.791,0.066,-0.160,-1.073,1.087
96.800,0.016,-0.129,-1.066,1.074
96.811,-0.042,-0.087,-1.042,1.047
96.821,-0.078,-0.067,-1.008,1.014
96.830,-0.080,-0.086,-0.979,0.986
96.840,-0.075,-0.110,-0.964,0.974
96.850,-0.083,-0.127,-0.963,0.975
96.860,-0.091,-0.141,-0.959,0.973
96.870,-0.103,-0.147,-0.948,0.965
96.880,-0.115,-0.154,-0.931,0.951
96.890,-0.126,-0.166,-0.911,0.934
96.900,-0.127,-0.180,-0.881,0.909
96.910,-0.115,-0.193,-0.847,0.876
96.920,-0.095,-0.213,-0.816,0.849
96.930,-0.066,-0.236,-0.790,0.828
96.940,-0.044,-0.253,-0.782,0.823
96.950,-0.030,-0.257,-0.794,0.835
96.960,-0.029,-0.261,-0.817,0.858
96.970,-0.034,-0.264,-0.849,0.890
96.980,-0.044,-0.259,-0.895,0.933
96.990,-0.052,-0.242,-0.936,0.968
97.000,-0.050,-0.218,-0.957,0.983
97.010,-0.034,-0.201,-0.971,0.992
97.020,-0.018,-0.182,-0.992,1.008
97.030,-0.020,-0.153,-1.020,1.031
97.040,-0.036,-0.129,-1.046,1.054
97.050,-0.061,-0.130,-1.064,1.074
97.060,-0.097,-0.157,-1.075,1.091
97.070,-0.134,-0.170,-1.073,1.094
97.080,-0.163,-0.166,-1.065,1.090
97.090,-0.179,-0.170,-1.065,1.093
97.100,-0.195,-0.163,-1.063,1.093
97.110,-0.204,-0.155,-1.046,1.077
97.119,-0.206,-0.171,-1.019,1.054
97.129,-0.220,-0.183,-0.981,1.022
97.139,-0.243,-0.181,-0.944,0.992
97.149,-0.244,-0.180,-0.907,0.956
97.159,-0.245,-0.182,-0.873,0.925
97.169,-0.243,-0.196,-0.847,0.903
97.179,-0.235,-0.211,-0.836,0.894
97.189,-0.227,-0.217,-0.833,0.890
97.199,-0.218,-0.219,-0.826,0.882
97.209,-0.214,-0.217,-0.825,0.880
97.219,-0.215,-0.214,-0.825,0.879
97.229,-0.211,-0.208,-0.827,0.878
97.239,-0.205,-0.212,-0.846,0.896
97.249,-0.201,-0.218,-0.886,0.934
97.259,-0.205,-0.212,-0.935,0.981
97.269,-0.211,-0.202,-0.974,1.017
97.279,-0.203,-0.191,-0.996,1.035
97.289,-0.183,-0.182,-0.985,1.018
97.299,-0.164,-0.178,-0.940,0.971
97.309,-0.169,-0.160,-0.887,0.917
97.319,-0.166,-0.154,-0.855,0.884
97.329,-0.161,-0.174,-0.866,0.898
97.339,-0.183,-0.166,-0.898,0.932
97.349,-0.202,-0.135,-0.944,0.975
97.359,-0.187,-0.110,-0.999,1.022
97.369,-0.158,-0.076,-1.049,1.063
97.379,-0.122,-0.037,-1.096,1.103
97.389,-0.080,-0.005,-1.119,1.122
97.399,-0.035,-0.008,-1.104,1.104
97.409,-0.012,-0.035,-1.062,1.063
97.419,-0.001,-0.059,-0.989,0.991
97.429,0.012,-0.068,-0.912,0.914
97.439,0.010,-0.080,-0.852,0.856
97.449,-0.008,-0.108,-0.816,0.823
97.459,-0.038,-0.131,-0.852,0.863
97.468,-0.106,-0.128,-0.924,0.939
97.478,-0.209,-0.111,-1.014,1.041
97.488,-0.193,-0.068,-1.079,1.098
97.498,-0.209,-0.025,-1.128,1.147
97.508,-0.218,-0.013,-1.193,1.213
97.518,-0.221,-0.007,-1.232,1.251
97.528,-0.209,0.016,-1.259,1.277
97.538,-0.221,0.027,-1.250,1.269
97.548,-0.230,0.024,-1.198,1.220
97.558,-0.219,0.011,-1.150,1.171
97.568,-0.211,-0.006,-1.137,1.156
97.578,-0.205,-0.011,-1.120,1.139
97.588,-0.193,-0.013,-1.095,1.112
97.598,-0.195,-0.006,-1.054,1.072
97.608,-0.210,-0.016,-1.009,1.031
97.618,-0.225,-0.027,-0.983,1.008
97.628,-0.239,-0.029,-0.971,1.001
97.638,-0.226,-0.019,-0.971,0.997
97.648,-0.187,-0.004,-0.964,0.982
97.658,-0.143,0.006,-0.947,0.957
97.668,-0.113,0.014,-0.929,0.936
97.678,-0.095,0.015,-0.914,0.919
97.688,-0.095,0.008,-0.906,0.911
97.698,-0.103,0.001,-0.897,0.903
97.708,-0.104,-0.010,-0.881,0.887
97.718,-0.093,-0.024,-0.863,0.869
97.728,-0.060,-0.038,-0.841,0.844
97.738,0.001,-0.046,-0.821,0.823
97.748,0.052,-0.045,-0.830,0.832
97.758,0.067,-0.030,-0.853,0.856
97.768,0.052,-0.010,-0.881,0.882
97.778,0.021,0.000,-0.917,0.918
97.788,-0.008,-0.004,-0.954,0.954
97.798,-0.035,-0.017,-0.983,0.984
97.807,-0.057,-0.031,-1.007,1.009
97.817,-0.068,-0.040,-1.018,1.021
97.827,-0.067,-0.049,-0.996,0.999
97.837,-0.051,-0.061,-0.953,0.956
97.847,-0.024,-0.069,-0.930,0.933
97.857,0.003,-0.063,-0.930,0.932
97.867,0.015,-0.052,-0.921,0.923
97.877,0.016,-0.049,-0.908,0.909
97.887,0.015,-0.057,-0.899,0.901
97.897,0.012,-0.082,-0.904,0.908
97.907,0.003,-0.102,-0.911,0.916
97.917,-0.021,-0.104,-0.908,0.914
97.927,-0.044,-0.099,-0.895,0.901
97.937,-0.054,-0.104,-0.879,0.887
97.947,-0.059,-0.119,-0.878,0.888
97.957,-0.058,-0.137,-0.902,0.914
97.967,-0.064,-0.143,-0.951,0.964
97.977,-0.067,-0.142,-0.997,1.009
97.987,-0.069,-0.137,-1.009,1.020
97.997,-0.066,-0.134,-0.979,0.990
98.007,-0.056,-0.136,-0.912,0.923
98.017,-0.052,-0.144,-0.839,0.853
98.027,-0.060,-0.160,-0.780,0.798
98.037,-0.072,-0.180,-0.736,0.762
98.047,-0.082,-0.204,-0.715,0.748
98.057,-0.082,-0.225,-0.712,0.751
98.067,-0.079,-0.238,-0.720,0.762
98.077,-0.068,-0.245,-0.730,0.773
98.087,-0.050,-0.243,-0.732,0.773
98.097,-0.026,-0.241,-0.724,0.764
98.107,0.001,-0.249,-0.723,0.764
98.116,0.012,-0.258,-0.754,0.797
98.127,0.001,-0.249,-0.819,0.856
98.137,-0.023,-0.223,-0.893,0.920
98.146,-0.047,-0.192,-0.960,0.980
98.157,-0.054,-0.165,-1.014,1.029
98.166,-0.050,-0.150,-1.039,1.051
98.176,-0.056,-0.143,-1.033,1.044
98.186,-0.081,-0.133,-0.993,1.006
98.196,-0.100,-0.139,-0.969,0.984
98.206,-0.095,-0.166,-0.992,1.011
98.216,-0.091,-0.163,-1.036,1.052
98.226,-0.100,-0.115,-1.081,1.092
98.236,-0.103,-0.066,-1.120,1.127
98.246,-0.121,-0.028,-1.133,1.139
98.256,-0.160,0.003,-1.136,1.148
98.266,-0.202,0.015,-1.140,1.158
98.276,-0.235,0.013,-1.143,1.167
98.286,-0.263,0.007,-1.162,1.191
98.296,-0.281,0.008,-1.200,1.233
98.306,-0.284,0.015,-1.245,1.277
98.316,-0.268,0.022,-1.290,1.317
98.326,-0.229,0.028,-1.318,1.338
98.336,-0.184,0.038,-1.321,1.335
98.346,-0.147,0.047,-1.291,1.300
98.356,-0.121,0.045,-1.227,1.234
98.366,-0.103,0.024,-1.147,1.152
98.376,-0.090,-0.015,-1.069,1.073
98.386,-0.086,-0.049,-0.999,1.004
98.396,-0.081,-0.075,-0.917,0.923
98.406,-0.062,-0.095,-0.829,0.837
98.416,-0.033,-0.108,-0.757,0.765
98.426,-0.010,-0.111,-0.708,0.717
98.436,0.012,-0.107,-0.683,0.692
98.446,0.038,-0.109,-0.672,0.681
98.456,0.073,-0.117,-0.674,0.688
98.466,0.105,-0.120,-0.690,0.709
98.475,0.123,-0.114,-0.710,0.730
98.485,0.134,-0.103,-0.721,0.740
98.496,0.142,-0.095,-0.724,0.744
98.505,0.149,-0.097,-0.722,0.744
98.515,0.148,-0.103,-0.732,0.754
98.525,0.146,-0.102,-0.764,0.784
98.535,0.142,-0.091,-0.785,0.803
98.545,0.144,-0.082,-0.784,0.801
98.555,0.150,-0.082,-0.780,0.799
98.565,0.142,-0.081,-0.799,0.815
98.575,0.096,-0.069,-0.870,0.878
98.585,0.031,-0.057,-0.964,0.966
98.595,-0.025,-0.060,-1.040,1.042
98.605,-0.072,-0.074,-1.097,1.102
98.615,-0.103,-0.083,-1.135,1.143
98.625,-0.125,-0.079,-1.150,1.160
98.635,-0.133,-0.067,-1.134,1.143
98.645,-0.110,-0.059,-1.106,1.113
98.655,-0.066,-0.045,-1.095,1.098
98.665,-0.021,-0.021,-1.104,1.104
98.675,0.004,0.015,-1.124,1.124
98.685,0.009,0.046,-1.136,1.136
98.695,0.003,0.048,-1.123,1.124
98.705,-0.013,0.019,-1.087,1.087
98.715,-0.039,-0.018,-1.036,1.037
98.725,-0.067,-0.052,-1.007,1.010
98.735,-0.089,-0.076,-0.997,1.004
98.745,-0.099,-0.083,-0.986,0.995
98.755,-0.095,-0.080,-0.986,0.993
98.765,-0.095,-0.061,-0.980,0.986
98.774,-0.106,-0.035,-0.958,0.964
98.785,-0.097,-0.032,-0.973,0.978
98.795,-0.066,-0.041,-1.057,1.060
98.805,-0.037,-0.011,-1.178,1.178
98.815,-0.009,0.049,-1.277,1.278
98.824,0.045,0.095,-1.340,1.344
98.834,0.106,0.125,-1.357,1.367
98.844,0.151,0.137,-1.316,1.331
98.854,0.176,0.122,-1.253,1.272
98.864,0.172,0.094,-1.220,1.236
98.874,0.137,0.078,-1.242,1.252
98.884,0.087,0.083,-1.301,1.306
98.894,0.057,0.101,-1.360,1.364
98.904,0.052,0.121,-1.401,1.408
98.914,0.071,0.138,-1.428,1.436
98.924,0.102,0.152,-1.452,1.463
98.934,0.124,0.158,-1.464,1.478
98.944,0.129,0.157,-1.450,1.464
98.954,0.115,0.146,-1.406,1.418
98.964,0.101,0.120,-1.343,1.352
98.974,0.085,0.088,-1.259,1.265
98.984,0.064,0.060,-1.156,1.160
98.994,0.044,0.038,-1.055,1.056
99.004,0.031,0.014,-0.977,0.977
99.014,0.020,-0.007,-0.916,0.916
99.024,0.011,-0.011,-0.861,0.861
99.034,0.005,-0.007,-0.826,0.826
99.044,0.007,-0.004,-0.794,0.794
99.054,0.026,-0.010,-0.757,0.758
99.064,0.049,-0.026,-0.731,0.733
99.074,0.057,-0.042,-0.728,0.732
99.084,0.056,-0.057,-0.743,0.747
99.094,0.048,-0.065,-0.752,0.756
99.104,0.033,-0.066,-0.748,0.751
99.114,0.020,-0.072,-0.727,0.731
99.124,0.007,-0.079,-0.687,0.692
99.134,-0.004,-0.095,-0.637,0.644
99.144,-0.008,-0.123,-0.604,0.617
99.153,-0.011,-0.145,-0.592,0.610
99.163,-0.011,-0.154,-0.594,0.614
99.173,-0.001,-0.158,-0.613,0.633
99.183,0.013,-0.160,-0.645,0.665
99.193,0.030,-0.158,-0.680,0.699
99.203,0.046,-0.160,-0.704,0.723
99.213,0.054,-0.172,-0.711,0.733
99.223,0.056,-0.199,-0.718,0.747
99.233,0.052,-0.231,-0.733,0.770
99.243,0.043,-0.252,-0.749,0.792
99.253,0.039,-0.265,-0.765,0.810
99.263,0.052,-0.272,-0.790,0.837
99.273,0.071,-0.267,-0.829,0.873
99.283,0.083,-0.250,-0.870,0.909
99.293,0.099,-0.231,-0.893,0.927
99.303,0.108,-0.226,-0.915,0.949
99.313,0.094,-0.235,-0.941,0.975
99.323,0.055,-0.245,-0.973,1.005
99.333,0.013,-0.257,-1.028,1.060
99.343,-0.021,-0.267,-1.099,1.131
99.353,-0.049,-0.256,-1.162,1.191
99.363,-0.077,-0.234,-1.214,1.239
99.373,-0.092,-0.218,-1.250,1.272
99.383,-0.102,-0.210,-1.258,1.280
99.393,-0.112,-0.207,-1.234,1.256
99.403,-0.121,-0.213,-1.190,1.215
99.413,-0.136,-0.222,-1.129,1.158
99.423,-0.164,-0.233,-1.054,1.092
99.433,-0.184,-0.250,-1.001,1.048
99.443,-0.190,-0.274,-0.998,1.052
99.452,-0.204,-0.280,-1.032,1.089
99.463,-0.220,-0.258,-1.081,1.133
99.472,-0.225,-0.222,-1.151,1.193
99.483,-0.213,-0.184,-1.225,1.257
99.492,-0.183,-0.142,-1.270,1.291
99.502,-0.153,-0.099,-1.280,1.293
99.512,-0.127,-0.073,-1.273,1.282
99.522,-0.108,-0.072,-1.252,1.259
99.532,-0.097,-0.081,-1.217,1.223
99.542,-0.085,-0.097,-1.172,1.179
99.552,-0.071,-0.124,-1.129,1.138
99.562,-0.068,-0.154,-1.086,1.098
99.572,-0.075,-0.173,-1.035,1.052
99.582,-0.084,-0.184,-0.979,1.000
99.592,-0.089,-0.192,-0.924,0.948
99.602,-0.084,-0.204,-0.893,0.920
99.612,-0.069,-0.217,-0.880,0.909
99.622,-0.054,-0.224,-0.870,0.900
99.632,-0.037,-0.227,-0.862,0.892
99.642,-0.022,-0.231,-0.855,0.886
99.652,-0.008,-0.241,-0.856,0.890
99.662,0.005,-0.244,-0.866,0.899
99.672,0.020,-0.236,-0.888,0.919
99.682,0.032,-0.227,-0.905,0.934
99.692,0.047,-0.230,-0.899,0.929
99.702,0.059,-0.238,-0.876,0.910
99.712,0.060,-0.244,-0.835,0.872
99.722,0.061,-0.240,-0.768,0.807
99.732,0.069,-0.238,-0.678,0.722
99.742,0.083,-0.248,-0.597,0.651
99.752,0.078,-0.254,-0.552,0.613
99.762,0.035,-0.246,-0.565,0.617
99.772,-0.015,-0.241,-0.634,0.678
99.782,-0.042,-0.239,-0.755,0.793
99.792,-0.060,-0.214,-0.916,0.943
99.802,-0.079,-0.176,-1.119,1.136
99.812,-0.094,-0.129,-1.313,1.322
99.821,-0.093,-0.078,-1.409,1.414
99.831,-0.081,-0.037,-1.383,1.386
99.841,-0.078,-0.013,-1.258,1.260
99.851,-0.089,-0.032,-1.092,1.096
99.861,-0.110,-0.096,-0.952,0.963
99.871,-0.151,-0.151,-0.865,0.891
99.881,-0.201,-0.179,-0.835,0.878
99.891,-0.236,-0.189,-0.858,0.910
99.901,-0.256,-0.193,-0.911,0.966
99.911,-0.254,-0.183,-0.942,0.993
99.921,-0.237,-0.176,-0.934,0.979
99.931,-0.210,-0.182,-0.896,0.939
99.941,-0.190,-0.196,-0.852,0.895
99.951,-0.192,-0.216,-0.834,0.883
99.961,-0.208,-0.247,-0.856,0.915
99.971,-0.226,-0.275,-0.898,0.965
99.981,-0.237,-0.295,-0.921,0.996
99.991,-0.241,-0.305,-0.919,0.998
100.001,-0.230,-0.315,-0.896,0.977
100.011,-0.200,-0.332,-0.869,0.951
100.021,-0.182,-0.335,-0.857,0.938
100.031,-0.185,-0.335,-0.862,0.943
100.041,-0.188,-0.346,-0.860,0.946
100.051,-0.195,-0.339,-0.834,0.922
100.061,-0.207,-0.321,-0.782,0.871
100.071,-0.211,-0.331,-0.737,0.835
100.081,-0.213,-0.360,-0.730,0.841
100.091,-0.203,-0.386,-0.768,0.883
100.101,-0.193,-0.377,-0.849,0.949
100.111,-0.185,-0.329,-0.957,1.029
100.121,-0.169,-0.275,-1.079,1.127
100.131,-0.148,-0.240,-1.207,1.240
100.141,-0.135,-0.220,-1.321,1.346
100.151,-0.127,-0.203,-1.348,1.369
100.161,-0.118,-0.201,-1.268,1.289
100.171,-0.113,-0.217,-1.104,1.131
100.181,-0.110,-0.245,-0.926,0.964
100.191,-0.108,-0.279,-0.785,0.841
100.201,-0.091,-0.321,-0.711,0.786
100.210,-0.065,-0.345,-0.717,0.798
100.220,-0.040,-0.329,-0.791,0.857
100.230,-0.004,-0.287,-0.906,0.950
100.240,0.026,-0.240,-1.042,1.069
100.250,0.049,-0.202,-1.142,1.160
100.260,0.076,-0.192,-1.193,1.210
100.270,0.082,-0.207,-1.215,1.235
100.280,0.048,-0.226,-1.205,1.227
100.290,-0.005,-0.241,-1.147,1.172
100.300,-0.053,-0.259,-1.052,1.085
100.310,-0.080,-0.285,-0.959,1.003
100.320,-0.092,-0.312,-0.894,0.952
100.330,-0.094,-0.322,-0.859,0.923
100.340,-0.088,-0.310,-0.836,0.896
100.350,-0.076,-0.286,-0.817,0.869
100.360,-0.068,-0.259,-0.793,0.837
100.370,-0.068,-0.231,-0.768,0.804
100.380,-0.083,-0.197,-0.748,0.778
100.390,-0.088,-0.174,-0.709,0.735
100.400,-0.083,-0.166,-0.657,0.682
100.410,-0.072,-0.160,-0.611,0.636
100.420,-0.062,-0.154,-0.582,0.606
100.430,-0.052,-0.150,-0.589,0.610
100.440,-0.036,-0.148,-0.634,0.652
100.450,-0.023,-0.143,-0.698,0.713
100.460,-0.007,-0.128,-0.762,0.772
100.470,0.012,-0.117,-0.825,0.834
100.480,0.007,-0.110,-0.902,0.909
100.490,-0.004,-0.096,-0.926,0.931
100.499,-0.011,-0.090,-0.878,0.883
100.509,-0.025,-0.108,-0.817,0.824
100.520,-0.042,-0.153,-0.776,0.792
100.529,-0.070,-0.210,-0.760,0.791
100.540,-0.104,-0.277,-0.754,0.810
100.549,-0.120,-0.339,-0.709,0.795
100.559,-0.125,-0.367,-0.615,0.727
100.569,-0.169,-0.383,-0.546,0.688
100.579,-0.245,-0.425,-0.572,0.754
100.589,-0.275,-0.502,-0.717,0.918
100.599,-0.227,-0.544,-0.955,1.122
100.609,-0.184,-0.480,-1.286,1.385
100.619,-0.176,-0.312,-1.653,1.691
100.629,-0.132,-0.138,-1.852,1.862
100.639,-0.098,-0.010,-1.841,1.844
100.649,-0.066,0.039,-1.702,1.704
100.659,-0.044,-0.030,-1.504,1.505
100.669,-0.073,-0.186,-1.312,1.327
100.679,-0.141,-0.305,-1.174,1.221
100.689,-0.206,-0.346,-1.084,1.156
100.699,-0.254,-0.352,-1.033,1.120
100.709,-0.255,-0.334,-1.017,1.100
100.719,-0.222,-0.286,-1.014,1.077
100.729,-0.173,-0.227,-1.010,1.050
100.739,-0.106,-0.182,-1.003,1.025
100.749,-0.030,-0.149,-0.999,1.010
100.759,0.047,-0.122,-1.000,1.008
100.769,0.110,-0.102,-1.006,1.017
100.779,0.149,-0.099,-1.034,1.049
100.789,0.151,-0.107,-1.073,1.089
100.799,0.135,-0.113,-1.088,1.102
100.809,0.128,-0.123,-1.071,1.085
100.819,0.145,-0.139,-1.039,1.058
100.829,0.162,-0.145,-0.992,1.016
100.839,0.192,-0.141,-0.933,0.963
100.848,0.243,-0.144,-0.873,0.918
100.858,0.290,-0.152,-0.825,0.888
100.869,0.310,-0.155,-0.792,0.865
100.878,0.307,-0.139,-0.762,0.833
100.888,0.306,-0.124,-0.732,0.803
100.898,0.298,-0.121,-0.719,0.788
100.908,0.271,-0.115,-0.724,0.782
100.918,0.246,-0.102,-0.747,0.794
100.928,0.219,-0.084,-0.784,0.818
100.938,0.190,-0.071,-0.822,0.846
100.948,0.161,-0.066,-0.868,0.886
100.958,0.133,-0.077,-0.926,0.938
100.968,0.101,-0.092,-1.003,1.013
100.978,0.063,-0.096,-1.091,1.097
100.988,0.024,-0.081,-1.173,1.176
100.998,0.006,-0.065,-1.223,1.225
101.008,0.000,-0.051,-1.230,1.231
101.018,0.004,-0.041,-1.203,1.204
101.028,0.006,-0.042,-1.164,1.164
101.038,0.007,-0.054,-1.135,1.136
101.048,0.014,-0.066,-1.124,1.126
101.058,0.021,-0.071,-1.129,1.132
101.068,0.028,-0.071,-1.126,1.128
101.078,0.025,-0.057,-1.099,1.101
101.088,0.024,-0.037,-1.041,1.042
101.098,-0.001,-0.004,-0.938,0.938
101.108,-0.061,0.070,-0.791,0.796
101.118,-0.096,0.136,-0.632,0.654
101.128,-0.038,0.110,-0.567,0.579
101.138,0.106,-0.011,-0.700,0.708
101.148,0.216,-0.091,-1.009,1.036
101.158,0.201,-0.032,-1.407,1.422
101.167,0.127,0.067,-1.736,1.742
101.177,0.081,0.148,-1.800,1.808
101.188,0.031,0.207,-1.647,1.660
101.198,0.034,0.202,-1.381,1.396
101.208,0.059,0.130,-1.132,1.141
101.218,0.064,0.036,-0.958,0.961
101.227,0.015,-0.037,-0.901,0.902
101.237,-0.039,-0.098,-0.949,0.955
101.247,-0.030,-0.162,-1.051,1.064
101.257,0.039,-0.202,-1.176,1.194
101.267,0.101,-0.179,-1.289,1.306
101.277,0.163,-0.112,-1.346,1.361
101.287,0.229,-0.046,-1.360,1.380
101.297,0.274,-0.001,-1.353,1.380
101.307,0.281,0.022,-1.319,1.349
101.317,0.251,0.006,-1.263,1.288
101.327,0.197,-0.058,-1.195,1.213
101.337,0.138,-0.130,-1.134,1.150
101.347,0.092,-0.176,-1.090,1.108
101.357,0.083,-0.193,-1.052,1.073
101.367,0.109,-0.172,-1.018,1.038
101.377,0.138,-0.116,-1.000,1.016
101.387,0.158,-0.055,-0.998,1.012
101.397,0.174,-0.021,-1.021,1.036
101.407,0.172,-0.001,-1.056,1.070
101.417,0.149,0.018,-1.066,1.076
101.427,0.122,0.024,-1.045,1.052
101.437,0.092,0.012,-1.033,1.037
101.447,0.051,0.008,-1.054,1.055
101.457,0.004,0.016,-1.048,1.048
101.467,-0.026,0.021,-1.004,1.004
101.477,-0.038,0.010,-0.952,0.953
101.487,-0.039,-0.005,-0.899,0.900
101.497,-0.032,-0.016,-0.852,0.853
101.507,-0.011,-0.026,-0.832,0.832
101.516,0.005,-0.037,-0.843,0.844
101.526,0.020,-0.044,-0.845,0.846
101.536,0.036,-0.066,-0.834,0.837
101.546,0.046,-0.096,-0.822,0.829
101.556,0.044,-0.116,-0.814,0.823
101.566,0.035,-0.127,-0.816,0.827
101.576,0.029,-0.151,-0.824,0.838
101.586,0.034,-0.180,-0.828,0.848
101.596,0.045,-0.205,-0.825,0.852
101.606,0.065,-0.228,-0.822,0.855
101.616,0.083,-0.255,-0.825,0.868
101.626,0.087,-0.284,-0.833,0.884
101.636,0.078,-0.309,-0.846,0.905
101.646,0.057,-0.329,-0.857,0.920
101.656,0.037,-0.344,-0.861,0.928
101.666,0.016,-0.356,-0.865,0.936
101.676,-0.002,-0.357,-0.867,0.938
101.686,0.007,-0.358,-0.857,0.929
101.696,0.055,-0.368,-0.832,0.911
101.706,0.097,-0.363,-0.814,0.897
101.716,0.116,-0.345,-0.823,0.900
101.726,0.136,-0.333,-0.847,0.920
101.736,0.178,-0.320,-0.883,0.956
101.746,0.226,-0.300,-0.928,1.001
101.756,0.239,-0.259,-0.976,1.038
101.766,0.210,-0.203,-1.010,1.051
101.776,0.149,-0.138,-1.025,1.045
101.786,0.083,-0.085,-1.011,1.018
101.796,0.031,-0.046,-0.957,0.958
101.806,-0.025,-0.010,-0.865,0.865
101.816,-0.079,0.026,-0.759,0.764
101.826,-0.110,0.057,-0.661,0.673
101.836,-0.120,0.072,-0.593,0.609
101.846,-0.115,0.051,-0.552,0.567
101.856,-0.115,0.001,-0.539,0.551
101.865,-0.117,-0.047,-0.534,0.548
101.876,-0.099,-0.085,-0.548,0.563
101.885,-0.051,-0.112,-0.596,0.608
101.895,0.008,-0.127,-0.690,0.702
101.905,0.055,-0.122,-0.822,0.833
101.915,0.083,-0.121,-0.988,0.999
101.925,0.081,-0.123,-1.159,1.168
101.935,0.058,-0.118,-1.281,1.288
101.945,0.041,-0.115,-1.331,1.337
101.955,0.037,-0.130,-1.310,1.317
101.965,0.029,-0.166,-1.266,1.277
101.975,0.002,-0.217,-1.224,1.243
101.985,-0.044,-0.265,-1.186,1.216
101.995,-0.097,-0.309,-1.157,1.201
102.005,-0.143,-0.337,-1.132,1.189
102.015,-0.165,-0.352,-1.112,1.178
102.025,-0.157,-0.364,-1.084,1.154
102.035,-0.134,-0.382,-1.065,1.139
102.045,-0.112,-0.403,-1.057,1.137
102.055,-0.091,-0.420,-1.034,1.120
102.065,-0.083,-0.425,-1.013,1.101
102.075,-0.075,-0.416,-1.011,1.096
102.085,-0.057,-0.390,-1.016,1.090
102.095,-0.023,-0.350,-1.016,1.075
102.105,0.012,-0.304,-1.009,1.054
102.115,0.053,-0.259,-0.998,1.033
102.125,0.099,-0.216,-0.975,1.004
102.135,0.142,-0.185,-0.939,0.968
102.145,0.170,-0.164,-0.896,0.926
102.155,0.187,-0.155,-0.863,0.896
102.165,0.188,-0.159,-0.861,0.895
102.175,0.185,-0.165,-0.869,0.903
102.185,0.181,-0.162,-0.879,0.912
102.194,0.183,-0.154,-0.902,0.933
102.204,0.187,-0.150,-0.947,0.977
102.215,0.203,-0.155,-0.997,1.029
102.224,0.220,-0.156,-1.038,1.072
102.234,0.251,-0.155,-1.061,1.101
102.244,0.295,-0.157,-1.079,1.129
102.254,0.334,-0.152,-1.092,1.152
102.264,0.361,-0.152,-1.100,1.167
102.274,0.379,-0.168,-1.103,1.179
102.284,0.385,-0.197,-1.104,1.185
102.294,0.384,-0.235,-1.095,1.184
102.304,0.393,-0.297,-1.087,1.193
102.314,0.401,-0.367,-1.068,1.198
102.324,0.418,-0.422,-1.044,1.201
102.334,0.469,-0.482,-1.045,1.243
102.344,0.533,-0.543,-1.107,1.344
102.354,0.596,-0.559,-1.233,1.479
102.364,0.657,-0.509,-1.386,1.616
102.374,0.687,-0.395,-1.546,1.737
102.384,0.702,-0.252,-1.692,1.849
102.394,0.695,-0.114,-1.818,1.949
102.404,0.671,-0.001,-1.898,2.013
102.414,0.616,0.079,-1.921,2.019
102.424,0.537,0.115,-1.879,1.958
102.434,0.434,0.109,-1.758,1.814
102.444,0.316,0.053,-1.581,1.613
102.454,0.200,-0.043,-1.422,1.436
102.464,0.086,-0.142,-1.291,1.302
102.474,-0.021,-0.210,-1.189,1.208
102.484,-0.119,-0.250,-1.118,1.152
102.494,-0.180,-0.259,-1.080,1.125
102.504,-0.191,-0.246,-1.076,1.120
102.514,-0.163,-0.222,-1.089,1.124
102.524,-0.128,-0.176,-1.100,1.121
102.534,-0.103,-0.117,-1.115,1.126
102.543,-0.094,-0.056,-1.120,1.125
102.553,-0.106,-0.007,-1.117,1.122
102.563,-0.122,0.017,-1.111,1.118
102.573,-0.144,0.009,-1.087,1.096
102.583,-0.167,-0.021,-1.040,1.053
102.593,-0.181,-0.058,-0.964,0.983
102.603,-0.189,-0.091,-0.880,0.905
102.613,-0.197,-0.118,-0.804,0.836
102.623,-0.206,-0.139,-0.741,0.782
102.633,-0.211,-0.153,-0.708,0.754
102.643,-0.215,-0.163,-0.702,0.752
102.653,-0.211,-0.169,-0.721,0.770
102.663,-0.210,-0.168,-0.754,0.800
102.673,-0.212,-0.161,-0.786,0.830
102.683,-0.213,-0.157,-0.813,0.855
102.693,-0.210,-0.158,-0.810,0.852
102.703,-0.206,-0.168,-0.775,0.820
102.713,-0.197,-0.197,-0.729,0.780
102.723,-0.190,-0.226,-0.702,0.761
102.733,-0.178,-0.249,-0.708,0.771
102.743,-0.159,-0.264,-0.724,0.787
102.753,-0.138,-0.271,-0.720,0.781
102.763,-0.120,-0.279,-0.687,0.751
102.773,-0.106,-0.294,-0.649,0.720
102.783,-0.112,-0.317,-0.638,0.722
102.793,-0.114,-0.352,-0.650,0.748
102.803,-0.104,-0.382,-0.678,0.786
102.813,-0.087,-0.401,-0.738,0.845
102.823,-0.070,-0.405,-0.832,0.928
102.833,-0.048,-0.399,-0.919,1.003
102.843,-0.035,-0.386,-0.975,1.049
102.852,-0.051,-0.368,-0.986,1.054
102.863,-0.090,-0.362,-0.954,1.025
102.872,-0.128,-0.385,-0.889,0.977
102.882,-0.159,-0.420,-0.809,0.926
102.892,-0.189,-0.453,-0.749,0.895
102.902,-0.212,-0.476,-0.707,0.878
102.912,-0.225,-0.499,-0.682,0.875
102.922,-0.231,-0.516,-0.680,0.885
102.932,-0.235,-0.516,-0.706,0.906
102.942,-0.242,-0.498,-0.768,0.947
102.952,-0.244,-0.475,-0.846,1.000
102.962,-0.233,-0.460,-0.898,1.036
102.972,-0.212,-0.458,-0.907,1.037
102.982,-0.188,-0.474,-0.875,1.013
102.992,-0.172,-0.503,-0.820,0.978
103.002,-0.171,-0.535,-0.765,0.949
103.012,-0.179,-0.555,-0.724,0.930
103.022,-0.181,-0.571,-0.710,0.929
103.032,-0.168,-0.586,-0.707,0.934
103.042,-0.162,-0.586,-0.719,0.942
103.052,-0.164,-0.567,-0.741,0.947
103.062,-0.147,-0.554,-0.764,0.955
103.072,-0.120,-0.553,-0.788,0.970
103.082,-0.100,-0.557,-0.805,0.984
103.092,-0.094,-0.561,-0.802,0.984
103.102,-0.090,-0.583,-0.791,0.986
103.112,-0.085,-0.617,-0.781,0.999
103.122,-0.097,-0.635,-0.778,1.009
103.132,-0.105,-0.637,-0.786,1.017
103.142,-0.099,-0.633,-0.799,1.024
103.152,-0.091,-0.626,-0.822,1.038
103.162,-0.085,-0.626,-0.859,1.066
103.171,-0.092,-0.633,-0.906,1.109
103.182,-0.108,-0.644,-0.952,1.154
103.192,-0.124,-0.655,-0.990,1.193
103.202,-0.140,-0.646,-0.995,1.195
103.212,-0.146,-0.617,-0.971,1.159
103.221,-0.135,-0.601,-0.935,1.120
103.231,-0.122,-0.596,-0.913,1.097
103.241,-0.111,-0.578,-0.911,1.084
103.251,-0.098,-0.554,-0.935,1.091
103.261,-0.081,-0.542,-0.980,1.123
103.271,-0.062,-0.537,-1.014,1.149
103.281,-0.048,-0.531,-1.033,1.162
103.291,-0.031,-0.517,-0.998,1.125
103.301,-0.014,-0.498,-0.913,1.040
103.311,-0.009,-0.471,-0.825,0.951
103.321,-0.009,-0.444,-0.794,0.910
103.331,0.000,-0.424,-0.842,0.943
103.341,0.018,-0.399,-0.951,1.032
103.351,0.034,-0.368,-1.067,1.130
103.361,0.056,-0.336,-1.153,1.203
103.371,0.078,-0.299,-1.182,1.222
103.381,0.093,-0.265,-1.141,1.175
103.391,0.095,-0.246,-1.057,1.090
103.401,0.093,-0.270,-0.956,0.998
103.411,0.087,-0.328,-0.872,0.936
103.421,0.080,-0.386,-0.847,0.934
103.431,0.066,-0.404,-0.877,0.968
103.441,0.056,-0.388,-0.929,1.008
103.451,0.057,-0.351,-0.989,1.051
103.461,0.064,-0.312,-1.041,1.089
103.471,0.073,-0.288,-1.076,1.116
103.481,0.079,-0.276,-1.084,1.121
103.491,0.083,-0.269,-1.068,1.105
103.501,0.082,-0.269,-1.044,1.081
103.510,0.075,-0.286,-1.006,1.048
103.521,0.066,-0.315,-0.966,1.018
103.530,0.059,-0.348,-0.930,0.995
103.541,0.049,-0.371,-0.899,0.974
103.551,0.043,-0.378,-0.875,0.954
103.560,0.045,-0.380,-0.864,0.945
103.570,0.051,-0.391,-0.877,0.961
103.580,0.048,-0.394,-0.898,0.981
103.590,0.041,-0.385,-0.912,0.991
103.600,0.033,-0.376,-0.917,0.991
103.610,0.023,-0.373,-0.925,0.998
103.620,0.009,-0.378,-0.944,1.017
103.630,-0.017,-0.377,-0.961,1.033
103.640,-0.041,-0.376,-0.974,1.045
103.650,-0.058,-0.388,-0.982,1.058
103.660,-0.073,-0.398,-0.982,1.062
103.670,-0.094,-0.393,-0.977,1.057
103.680,-0.111,-0.385,-0.974,1.053
103.690,-0.128,-0.375,-0.970,1.048
103.700,-0.115,-0.391,-0.970,1.052
103.710,-0.108,-0.408,-0.970,1.058
103.720,-0.116,-0.407,-0.948,1.038
103.730,-0.119,-0.407,-0.912,1.006
103.740,-0.121,-0.420,-0.876,0.979
103.750,-0.122,-0.439,-0.851,0.965
103.760,-0.125,-0.453,-0.838,0.961
103.770,-0.133,-0.463,-0.844,0.972
103.780,-0.137,-0.473,-0.847,0.979
103.790,-0.135,-0.475,-0.825,0.962
103.800,-0.128,-0.474,-0.787,0.928
103.810,-0.135,-0.479,-0.741,0.893
103.820,-0.166,-0.492,-0.703,0.874
103.830,-0.203,-0.512,-0.686,0.880
103.840,-0.232,-0.537,-0.702,0.914
103.850,-0.248,-0.550,-0.749,0.962
103.860,-0.250,-0.530,-0.821,1.008
103.869,-0.242,-0.493,-0.903,1.057
103.879,-0.239,-0.464,-0.964,1.096
103.889,-0.242,-0.444,-1.010,1.129
103.899,-0.246,-0.429,-1.019,1.133
103.909,-0.243,-0.424,-0.990,1.104
103.919,-0.233,-0.426,-0.937,1.055
103.929,-0.215,-0.435,-0.865,0.992
103.939,-0.199,-0.442,-0.797,0.933
103.949,-0.195,-0.452,-0.753,0.900
103.959,-0.192,-0.462,-0.732,0.886
103.969,-0.192,-0.463,-0.729,0.884
103.979,-0.205,-0.460,-0.739,0.894
103.989,-0.223,-0.458,-0.753,0.909
103.999,-0.233,-0.461,-0.768,0.926
104.009,-0.238,-0.466,-0.785,0.944
104.019,-0.230,-0.471,-0.810,0.965
104.029,-0.218,-0.461,-0.832,0.976
104.039,-0.205,-0.446,-0.848,0.980
104.049,-0.186,-0.432,-0.857,0.977
104.059,-0.165,-0.419,-0.848,0.960
104.069,-0.153,-0.413,-0.825,0.936
104.079,-0.150,-0.423,-0.810,0.926
104.089,-0.156,-0.442,-0.800,0.927
104.099,-0.161,-0.457,-0.791,0.928
104.109,-0.164,-0.465,-0.780,0.923
104.119,-0.164,-0.468,-0.762,0.909
104.129,-0.169,-0.471,-0.743,0.895
104.139,-0.168,-0.479,-0.730,0.889
104.149,-0.167,-0.483,-0.720,0.883
104.159,-0.171,-0.485,-0.715,0.881
104.169,-0.181,-0.488,-0.722,0.891
104.179,-0.192,-0.487,-0.725,0.894
104.189,-0.202,-0.479,-0.713,0.882
104.199,-0.206,-0.478,-0.694,0.868
104.209,-0.198,-0.490,-0.683,0.864
104.219,-0.193,-0.503,-0.692,0.877
104.228,-0.188,-0.503,-0.715,0.894
104.238,-0.186,-0.494,-0.747,0.915
104.248,-0.186,-0.485,-0.787,0.943
104.258,-0.192,-0.477,-0.827,0.974
104.268,-0.201,-0.471,-0.857,0.999
104.278,-0.199,-0.469,-0.855,0.995
104.288,-0.185,-0.477,-0.824,0.970
104.298,-0.168,-0.499,-0.788,0.948
104.308,-0.159,-0.516,-0.758,0.931
104.318,-0.158,-0.524,-0.741,0.921
104.328,-0.160,-0.524,-0.747,0.926
104.338,-0.160,-0.522,-0.773,0.947
104.348,-0.159,-0.514,-0.816,0.978
104.358,-0.165,-0.505,-0.877,1.026
104.368,-0.174,-0.492,-0.930,1.066
104.378,-0.177,-0.479,-0.963,1.090
104.388,-0.168,-0.470,-0.977,1.097
104.398,-0.159,-0.471,-0.982,1.101
104.408,-0.158,-0.475,-0.975,1.096
104.418,-0.161,-0.480,-0.956,1.081
104.428,-0.165,-0.490,-0.934,1.067
104.438,-0.175,-0.508,-0.916,1.062
104.448,-0.189,-0.527,-0.897,1.058
104.458,-0.196,-0.545,-0.878,1.051
104.468,-0.191,-0.559,-0.856,1.040
104.478,-0.177,-0.565,-0.834,1.023
104.488,-0.152,-0.562,-0.816,1.003
104.498,-0.124,-0.552,-0.814,0.991
104.508,-0.098,-0.536,-0.830,0.993
104.518,-0.089,-0.516,-0.843,0.992
104.528,-0.092,-0.500,-0.847,0.988
104.538,-0.102,-0.490,-0.848,0.985
104.547,-0.117,-0.484,-0.856,0.991
104.557,-0.131,-0.478,-0.879,1.009
104.568,-0.145,-0.464,-0.914,1.036
104.577,-0.149,-0.446,-0.959,1.068
104.587,-0.147,-0.418,-1.000,1.094
104.597,-0.142,-0.383,-1.022,1.101
104.607,-0.124,-0.355,-1.023,1.090
104.617,-0.104,-0.331,-0.999,1.058
104.627,-0.082,-0.322,-0.944,1.001
104.637,-0.064,-0.327,-0.866,0.928
104.647,-0.053,-0.338,-0.783,0.855
104.657,-0.038,-0.355,-0.715,0.799
104.667,-0.028,-0.374,-0.674,0.771
104.677,-0.039,-0.389,-0.658,0.765
104.687,-0.065,-0.392,-0.665,0.775
104.697,-0.099,-0.392,-0.697,0.806
104.707,-0.122,-0.392,-0.748,0.853
104.717,-0.133,-0.382,-0.817,0.911
104.727,-0.141,-0.357,-0.893,0.972
104.737,-0.141,-0.326,-0.966,1.030
104.747,-0.144,-0.289,-1.015,1.066
104.757,-0.142,-0.262,-1.047,1.089
104.767,-0.151,-0.249,-1.065,1.104
104.777,-0.174,-0.249,-1.056,1.099
104.787,-0.193,-0.256,-1.018,1.068
104.797,-0.196,-0.272,-0.982,1.038
104.807,-0.192,-0.278,-0.974,1.031
104.817,-0.182,-0.270,-0.995,1.047
104.827,-0.158,-0.255,-1.025,1.068
104.837,-0.125,-0.234,-1.039,1.073
104.847,-0.092,-0.212,-1.036,1.061
104.857,-0.068,-0.198,-1.018,1.039
104.867,-0.066,-0.198,-0.994,1.015
104.876,-0.072,-0.215,-0.970,0.996
104.887,-0.081,-0.236,-0.954,0.986
104.897,-0.094,-0.253,-0.947,0.985
104.906,-0.106,-0.257,-0.949,0.989
104.916,-0.101,-0.258,-0.955,0.995
104.926,-0.090,-0.255,-0.960,0.997
104.936,-0.083,-0.246,-0.962,0.997
104.946,-0.076,-0.241,-0.953,0.985
104.956,-0.081,-0.239,-0.935,0.969
104.966,-0.089,-0.242,-0.928,0.963
104.976,-0.091,-0.254,-0.935,0.973
104.986,-0.089,-0.261,-0.939,0.978
104.996,-0.083,-0.261,-0.935,0.974
105.006,-0.077,-0.256,-0.922,0.960
105.016,-0.072,-0.259,-0.895,0.934
105.026,-0.063,-0.270,-0.860,0.904
105.036,-0.052,-0.293,-0.832,0.883
105.046,-0.047,-0.319,-0.815,0.876
105.056,-0.046,-0.338,-0.807,0.877
105.066,-0.040,-0.352,-0.800,0.875
105.076,-0.026,-0.366,-0.790,0.871
105.086,-0.016,-0.379,-0.783,0.870
105.096,-0.012,-0.390,-0.779,0.872
105.106,-0.007,-0.396,-0.778,0.873
105.116,-0.005,-0.399,-0.781,0.877
105.126,-0.001,-0.405,-0.789,0.887
105.136,-0.001,-0.411,-0.797,0.897
105.146,-0.000,-0.416,-0.809,0.910
105.156,0.003,-0.422,-0.833,0.933
105.166,0.004,-0.419,-0.864,0.961
105.176,0.002,-0.406,-0.906,0.993
105.186,0.003,-0.393,-0.940,1.018
105.196,0.006,-0.386,-0.956,1.031
105.206,0.001,-0.381,-0.948,1.022
105.216,-0.015,-0.380,-0.913,0.989
105.225,-0.029,-0.391,-0.862,0.947
105.235,-0.034,-0.408,-0.807,0.905
105.246,-0.037,-0.415,-0.762,0.868
105.256,-0.041,-0.408,-0.728,0.835
105.265,-0.031,-0.394,-0.699,0.803
105.275,-0.020,-0.379,-0.689,0.786
105.285,-0.003,-0.371,-0.704,0.796
105.295,0.009,-0.370,-0.754,0.840
105.305,0.012,-0.364,-0.824,0.901
105.315,0.027,-0.360,-0.920,0.988
105.325,0.056,-0.351,-1.052,1.111
105.335,0.085,-0.338,-1.135,1.187
105.345,0.114,-0.347,-1.116,1.175
105.355,0.113,-0.369,-1.014,1.085
105.365,0.057,-0.416,-0.894,0.987
105.375,-0.003,-0.495,-0.809,0.949
105.385,-0.016,-0.613,-0.841,1.041
105.395,-0.010,-0.687,-1.015,1.226
105.405,-0.035,-0.620,-1.258,1.403
105.415,-0.081,-0.466,-1.484,1.557
105.425,-0.093,-0.329,-1.650,1.685
105.435,-0.064,-0.221,-1.685,1.701
105.445,-0.038,-0.166,-1.591,1.600
105.455,0.001,-0.171,-1.397,1.407
105.465,0.030,-0.242,-1.188,1.213
105.475,0.008,-0.296,-1.020,1.062
105.485,-0.063,-0.329,-0.927,0.986
105.495,-0.137,-0.366,-0.919,0.998
105.505,-0.191,-0.392,-0.950,1.045
105.515,-0.240,-0.406,-0.980,1.088
105.525,-0.268,-0.409,-0.997,1.111
105.535,-0.271,-0.405,-0.998,1.110
105.544,-0.255,-0.401,-0.971,1.081
105.554,-0.234,-0.397,-0.921,1.030
105.564,-0.223,-0.399,-0.858,0.972
105.574,-0.213,-0.412,-0.805,0.929
105.585,-0.201,-0.429,-0.769,0.903
105.594,-0.189,-0.444,-0.746,0.888
105.605,-0.171,-0.446,-0.743,0.883
105.614,-0.159,-0.436,-0.758,0.889
105.624,-0.155,-0.420,-0.774,0.894
105.634,-0.147,-0.411,-0.781,0.895
105.644,-0.136,-0.409,-0.795,0.904
105.654,-0.124,-0.399,-0.803,0.905
105.664,-0.110,-0.384,-0.791,0.886
105.674,-0.098,-0.381,-0.777,0.871
105.684,-0.091,-0.396,-0.797,0.895
105.694,-0.106,-0.390,-0.826,0.920
105.704,-0.118,-0.383,-0.833,0.925
105.714,-0.117,-0.396,-0.823,0.920
105.724,-0.121,-0.408,-0.797,0.903
105.734,-0.125,-0.419,-0.780,0.894
105.744,-0.127,-0.425,-0.794,0.909
105.754,-0.135,-0.412,-0.837,0.943
105.764,-0.146,-0.392,-0.869,0.965
105.774,-0.138,-0.384,-0.869,0.960
105.784,-0.124,-0.385,-0.850,0.941
105.794,-0.112,-0.395,-0.824,0.920
105.804,-0.114,-0.406,-0.799,0.904
105.814,-0.131,-0.420,-0.783,0.898
105.824,-0.145,-0.439,-0.775,0.903
105.834,-0.164,-0.461,-0.775,0.917
105.844,-0.187,-0.477,-0.786,0.938
105.854,-0.205,-0.488,-0.817,0.973
105.864,-0.218,-0.495,-0.849,1.007
105.874,-0.221,-0.487,-0.865,1.017
105.884,-0.205,-0.475,-0.870,1.012
105.894,-0.182,-0.462,-0.872,1.004
105.903,-0.159,-0.445,-0.868,0.988
105.913,-0.144,-0.431,-0.850,0.963
105.923,-0.136,-0.433,-0.835,0.950
105.933,-0.125,-0.444,-0.838,0.956
105.943,-0.110,-0.443,-0.851,0.966
105.953,-0.102,-0.430,-0.864,0.971
105.963,-0.097,-0.419,-0.867,0.968
105.973,-0.089,-0.416,-0.871,0.970
105.983,-0.079,-0.415,-0.870,0.967
105.993,-0.073,-0.416,-0.863,0.961
106.003,-0.072,-0.421,-0.845,0.947
106.013,-0.081,-0.428,-0.822,0.930
106.023,-0.093,-0.434,-0.802,0.917
106.033,-0.101,-0.438,-0.791,0.910
106.043,-0.104,-0.438,-0.786,0.906
106.053,-0.106,-0.437,-0.787,0.906
106.063,-0.105,-0.437,-0.802,0.919
106.073,-0.093,-0.433,-0.819,0.931
106.083,-0.078,-0.418,-0.832,0.934
106.093,-0.071,-0.400,-0.846,0.939
106.103,-0.068,-0.394,-0.864,0.952
106.113,-0.063,-0.396,-0.867,0.955
106.123,-0.062,-0.400,-0.844,0.936
106.133,-0.058,-0.403,-0.812,0.908
106.143,-0.059,-0.402,-0.787,0.885
106.153,-0.052,-0.401,-0.778,0.877
106.163,-0.028,-0.393,-0.811,0.902
106.173,-0.012,-0.373,-0.885,0.960
106.183,-0.010,-0.338,-0.953,1.011
106.193,-0.017,-0.292,-0.998,1.040
106.203,-0.010,-0.258,-1.051,1.083
106.213,0.016,-0.251,-1.145,1.172
106.223,0.032,-0.251,-1.288,1.312
106.232,0.040,-0.244,-1.460,1.481
106.242,0.033,-0.227,-1.604,1.620
106.252,0.017,-0.203,-1.648,1.660
106.262,-0.005,-0.189,-1.551,1.562
106.272,-0.017,-0.207,-1.343,1.359
106.282,-0.021,-0.246,-1.116,1.143
106.292,-0.017,-0.288,-0.913,0.957
106.302,-0.014,-0.338,-0.792,0.862
106.312,-0.002,-0.377,-0.779,0.865
106.322,0.009,-0.393,-0.849,0.936
106.332,0.017,-0.382,-0.960,1.034
106.342,0.027,-0.345,-1.053,1.108
106.352,0.038,-0.306,-1.105,1.148
106.362,0.056,-0.279,-1.107,1.143
106.372,0.077,-0.275,-1.056,1.094
106.382,0.080,-0.288,-0.990,1.035
106.392,0.069,-0.308,-0.943,0.994
106.402,0.040,-0.327,-0.921,0.978
106.412,0.000,-0.336,-0.916,0.976
106.422,-0.030,-0.336,-0.921,0.981
106.432,-0.048,-0.331,-0.938,0.996
106.442,-0.052,-0.310,-0.958,1.008
106.452,-0.043,-0.283,-0.975,1.016
106.462,-0.020,-0.262,-0.995,1.029
106.472,0.002,-0.238,-1.014,1.041
106.482,0.012,-0.217,-1.024,1.047
106.492,0.007,-0.211,-1.026,1.048
106.502,-0.005,-0.227,-1.023,1.048
106.512,-0.021,-0.250,-1.019,1.050
106.522,-0.034,-0.266,-1.000,1.035
106.532,-0.045,-0.275,-0.967,1.006
106.542,-0.052,-0.283,-0.937,0.980
106.552,-0.055,-0.289,-0.914,0.960
106.562,-0.063,-0.292,-0.889,0.937
106.572,-0.067,-0.300,-0.868,0.921
106.582,-0.069,-0.312,-0.863,0.921
106.592,-0.070,-0.321,-0.881,0.941
106.601,-0.073,-0.317,-0.912,0.968
106.611,-0.076,-0.299,-0.940,0.989
106.621,-0.075,-0.284,-0.959,1.003
106.632,-0.070,-0.275,-0.973,1.014
106.641,-0.063,-0.271,-0.973,1.012
106.651,-0.061,-0.275,-0.959,1.000
106.661,-0.064,-0.286,-0.944,0.988
106.671,-0.081,-0.294,-0.935,0.984
106.681,-0.093,-0.306,-0.938,0.991
106.691,-0.099,-0.319,-0.949,1.006
106.701,-0.100,-0.321,-0.952,1.009
106.711,-0.092,-0.311,-0.946,1.000
106.721,-0.077,-0.302,-0.935,0.986
106.731,-0.066,-0.294,-0.926,0.973
106.741,-0.063,-0.293,-0.921,0.968
106.751,-0.071,-0.298,-0.918,0.967
106.761,-0.084,-0.305,-0.919,0.971
106.771,-0.098,-0.313,-0.913,0.971
106.781,-0.118,-0.316,-0.903,0.964
106.791,-0.127,-0.318,-0.883,0.947
106.801,-0.124,-0.321,-0.857,0.924
106.811,-0.113,-0.318,-0.831,0.897
106.821,-0.111,-0.315,-0.817,0.882
106.831,-0.108,-0.323,-0.807,0.876
106.841,-0.091,-0.331,-0.799,0.869
106.851,-0.070,-0.332,-0.799,0.868
106.861,-0.046,-0.324,-0.811,0.874
106.871,-0.021,-0.312,-0.826,0.883
106.881,0.001,-0.298,-0.842,0.893
106.890,0.018,-0.285,-0.852,0.899
106.901,0.030,-0.280,-0.857,0.902
106.910,0.035,-0.283,-0.859,0.905
106.921,0.035,-0.289,-0.863,0.911
106.931,0.028,-0.292,-0.870,0.918
106.940,0.022,-0.294,-0.878,0.926
106.951,0.026,-0.298,-0.884,0.934
106.960,0.029,-0.292,-0.891,0.938
106.970,0.031,-0.279,-0.900,0.943
106.980,0.034,-0.267,-0.904,0.943
106.990,0.033,-0.259,-0.898,0.936
107.000,0.032,-0.257,-0.892,0.929
107.010,0.024,-0.264,-0.893,0.931
107.020,0.005,-0.274,-0.891,0.932
107.030,-0.014,-0.286,-0.880,0.926
107.040,-0.019,-0.298,-0.867,0.917
107.050,-0.015,-0.302,-0.853,0.905
107.060,0.000,-0.298,-0.839,0.890
107.070,0.016,-0.290,-0.834,0.884
107.080,0.029,-0.284,-0.845,0.892
107.090,0.032,-0.280,-0.870,0.915
107.100,0.034,-0.279,-0.901,0.943
107.110,0.041,-0.281,-0.929,0.971
107.120,0.036,-0.277,-0.949,0.989
107.130,0.019,-0.275,-0.952,0.991
107.140,0.007,-0.275,-0.948,0.987
107.150,-0.003,-0.274,-0.954,0.992
107.160,-0.015,-0.270,-0.965,1.002
107.170,-0.020,-0.276,-0.982,1.020
107.180,-0.027,-0.288,-0.999,1.040
107.190,-0.045,-0.295,-1.013,1.056
107.200,-0.069,-0.299,-1.024,1.069
107.210,-0.090,-0.304,-1.021,1.069
107.220,-0.107,-0.307,-1.011,1.062
107.230,-0.114,-0.305,-0.985,1.037
107.240,-0.111,-0.302,-0.925,0.980
107.249,-0.110,-0.306,-0.857,0.917
107.259,-0.116,-0.311,-0.798,0.864
107.269,-0.124,-0.321,-0.768,0.842
107.280,-0.118,-0.346,-0.793,0.874
107.289,-0.098,-0.359,-0.874,0.950
107.299,-0.092,-0.327,-0.994,1.051
107.309,-0.107,-0.276,-1.102,1.141
107.319,-0.124,-0.248,-1.166,1.199
107.329,-0.146,-0.239,-1.186,1.218
107.339,-0.168,-0.256,-1.155,1.195
107.349,-0.191,-0.287,-1.096,1.149
107.359,-0.212,-0.326,-1.047,1.117
107.369,-0.230,-0.357,-1.020,1.105
107.379,-0.240,-0.363,-0.997,1.087
107.389,-0.228,-0.357,-0.962,1.051
107.399,-0.200,-0.348,-0.917,1.001
107.409,-0.161,-0.330,-0.870,0.945
107.419,-0.126,-0.313,-0.838,0.903
107.429,-0.097,-0.302,-0.834,0.893
107.439,-0.089,-0.289,-0.861,0.913
107.449,-0.088,-0.283,-0.891,0.938
107.459,-0.076,-0.295,-0.902,0.952
107.469,-0.058,-0.307,-0.906,0.958
107.479,-0.031,-0.309,-0.907,0.959
107.489,-0.002,-0.304,-0.910,0.959
107.499,0.026,-0.305,-0.919,0.969
107.509,0.050,-0.300,-0.928,0.977
107.519,0.055,-0.285,-0.917,0.962
107.529,0.044,-0.277,-0.877,0.921
107.539,0.033,-0.286,-0.826,0.874
107.549,0.028,-0.305,-0.789,0.846
107.559,0.024,-0.323,-0.788,0.852
107.569,0.019,-0.321,-0.817,0.878
107.578,0.018,-0.301,-0.862,0.913
107.589,0.020,-0.272,-0.907,0.947
107.599,0.013,-0.240,-0.936,0.966
107.608,0.009,-0.217,-0.940,0.964
107.619,0.009,-0.210,-0.933,0.957
107.628,0.004,-0.216,-0.931,0.956
107.638,-0.003,-0.232,-0.952,0.980
107.648,-0.010,-0.248,-0.991,1.022
107.658,-0.017,-0.246,-1.031,1.061
107.668,-0.024,-0.231,-1.076,1.101
107.678,-0.018,-0.215,-1.106,1.127
107.688,-0.003,-0.206,-1.113,1.132
107.698,0.014,-0.207,-1.099,1.118
107.708,0.035,-0.220,-1.085,1.107
107.718,0.058,-0.235,-1.094,1.120
107.728,0.090,-0.244,-1.120,1.150
107.738,0.117,-0.241,-1.142,1.173
107.748,0.123,-0.237,-1.140,1.171
107.758,0.113,-0.249,-1.116,1.150
107.768,0.109,-0.284,-1.073,1.116
107.778,0.109,-0.325,-1.029,1.084
107.788,0.115,-0.356,-1.004,1.072
107.798,0.131,-0.371,-0.997,1.072
107.808,0.147,-0.364,-0.985,1.060
107.818,0.136,-0.340,-0.964,1.031
107.828,0.094,-0.321,-0.923,0.982
107.838,0.036,-0.311,-0.838,0.894
107.848,-0.027,-0.301,-0.731,0.791
107.858,-0.077,-0.315,-0.666,0.740
107.868,-0.116,-0.358,-0.701,0.795
107.878,-0.101,-0.401,-0.853,0.948
107.888,-0.040,-0.391,-1.083,1.152
107.898,-0.005,-0.318,-1.360,1.396
107.908,0.037,-0.232,-1.577,1.595
107.918,0.088,-0.170,-1.624,1.635
107.928,0.119,-0.144,-1.522,1.534
107.938,0.136,-0.165,-1.328,1.346
107.947,0.110,-0.243,-1.118,1.150
107.957,0.066,-0.344,-0.959,1.022
107.967,0.024,-0.415,-0.857,0.953
107.977,-0.011,-0.452,-0.794,0.914
107.987,-0.019,-0.471,-0.769,0.901
107.997,-0.000,-0.472,-0.774,0.906
108.007,0.040,-0.453,-0.806,0.926
108.017,0.073,-0.417,-0.874,0.971
108.027,0.076,-0.374,-0.955,1.029
108.037,0.048,-0.341,-1.025,1.081
108.047,0.019,-0.330,-1.058,1.108
108.057,-0.001,-0.337,-1.048,1.100
108.067,-0.010,-0.351,-1.007,1.066
108.077,-0.014,-0.367,-0.960,1.028
108.087,-0.018,-0.375,-0.925,0.999
108.097,-0.008,-0.364,-0.905,0.976
108.107,0.008,-0.335,-0.893,0.954
108.117,0.032,-0.307,-0.883,0.936
108.127,0.056,-0.288,-0.869,0.917
108.137,0.057,-0.280,-0.850,0.897
108.147,0.033,-0.285,-0.826,0.875
108.157,-0.005,-0.303,-0.786,0.843
108.167,-0.048,-0.323,-0.729,0.798
108.177,-0.087,-0.341,-0.662,0.750
108.187,-0.119,-0.353,-0.601,0.707
108.197,-0.136,-0.354,-0.546,0.665
108.207,-0.132,-0.346,-0.506,0.627
108.217,-0.104,-0.338,-0.488,0.603
108.227,-0.057,-0.333,-0.495,0.599
108.237,-0.016,-0.325,-0.527,0.620
108.247,0.014,-0.315,-0.580,0.660
108.257,0.024,-0.313,-0.638,0.712
108.267,0.024,-0.324,-0.691,0.764
108.276,0.022,-0.338,-0.738,0.811
108.287,0.026,-0.345,-0.770,0.844
108.296,0.044,-0.356,-0.789,0.867
108.306,0.066,-0.368,-0.804,0.887
108.316,0.094,-0.378,-0.818,0.906
108.326,0.120,-0.373,-0.827,0.915
108.336,0.130,-0.362,-0.831,0.916
108.346,0.136,-0.371,-0.841,0.929
108.356,0.125,-0.393,-0.861,0.955
108.366,0.091,-0.416,-0.892,0.989
108.376,0.056,-0.443,-0.935,1.036
108.386,0.019,-0.460,-0.977,1.080
108.396,-0.023,-0.447,-0.981,1.078
108.406,-0.050,-0.442,-0.940,1.040
108.416,-0.060,-0.464,-0.894,1.009
108.426,-0.068,-0.499,-0.871,1.006
108.436,-0.094,-0.520,-0.872,1.019
108.446,-0.118,-0.531,-0.897,1.049
108.456,-0.137,-0.524,-0.932,1.078
108.466,-0.145,-0.505,-0.966,1.100
108.476,-0.134,-0.495,-0.991,1.116
108.486,-0.123,-0.490,-1.001,1.121
108.496,-0.118,-0.481,-1.021,1.135
108.506,-0.111,-0.464,-1.070,1.171
108.516,-0.097,-0.428,-1.130,1.212
108.526,-0.081,-0.382,-1.174,1.237
108.536,-0.067,-0.352,-1.194,1.246
108.546,-0.045,-0.348,-1.181,1.232
108.556,-0.032,-0.350,-1.133,1.186
108.566,-0.037,-0.350,-1.065,1.122
108.576,-0.053,-0.358,-0.984,1.048
108.586,-0.078,-0.377,-0.899,0.978
108.595,-0.095,-0.405,-0.834,0.932
108.606,-0.099,-0.438,-0.806,0.923
108.615,-0.091,-0.450,-0.811,0.932
108.625,-0.079,-0.432,-0.848,0.954
108.635,-0.073,-0.402,-0.917,1.004
108.645,-0.082,-0.365,-0.993,1.061
108.655,-0.092,-0.332,-1.041,1.096
108.665,-0.088,-0.315,-1.048,1.097
108.675,-0.093,-0.318,-1.025,1.078
108.685,-0.114,-0.332,-1.004,1.064
108.695,-0.120,-0.361,-1.002,1.072
108.705,-0.099,-0.366,-1.009,1.078
108.715,-0.067,-0.345,-1.007,1.066
108.725,-0.022,-0.335,-0.983,1.039
108.735,0.002,-0.328,-0.940,0.996
108.745,-0.016,-0.306,-0.886,0.937
108.755,-0.024,-0.311,-0.830,0.887
108.765,-0.024,-0.334,-0.783,0.852
108.775,-0.046,-0.351,-0.761,0.839
108.785,-0.070,-0.378,-0.774,0.865
108.795,-0.088,-0.397,-0.826,0.921
108.805,-0.100,-0.380,-0.888,0.971
108.815,-0.107,-0.346,-0.946,1.012
108.825,-0.103,-0.319,-0.982,1.038
108.835,-0.093,-0.300,-0.992,1.041
108.845,-0.089,-0.287,-0.986,1.031
108.855,-0.098,-0.287,-0.962,1.009
108.865,-0.109,-0.306,-0.922,0.977
108.875,-0.112,-0.345,-0.882,0.954
108.885,-0.107,-0.383,-0.866,0.953
108.895,-0.091,-0.405,-0.868,0.962
108.905,-0.064,-0.410,-0.875,0.969
108.915,-0.027,-0.404,-0.880,0.969
108.925,0.022,-0.393,-0.890,0.973
108.935,0.062,-0.379,-0.908,0.986
108.945,0.078,-0.371,-0.938,1.012
108.954,0.079,-0.372,-0.979,1.050
108.964,0.068,-0.372,-1.027,1.095
108.974,0.047,-0.360,-1.083,1.143
108.984,0.026,-0.326,-1.133,1.179
108.994,0.031,-0.312,-1.174,1.215
109.004,0.041,-0.317,-1.206,1.247
109.014,0.029,-0.332,-1.217,1.262
109.024,-0.000,-0.352,-1.181,1.232
109.034,-0.036,-0.370,-1.096,1.158
109.044,-0.070,-0.376,-1.013,1.083
109.054,-0.085,-0.391,-0.972,1.051
109.064,-0.071,-0.420,-0.990,1.078
109.074,-0.056,-0.429,-1.052,1.137
109.084,-0.047,-0.408,-1.123,1.195
109.094,-0.037,-0.386,-1.159,1.222
109.104,-0.020,-0.371,-1.143,1.202
109.114,-0.004,-0.368,-1.086,1.147
109.124,0.005,-0.375,-1.016,1.083
109.134,0.010,-0.381,-0.957,1.030
109.144,0.009,-0.383,-0.920,0.996
109.154,0.008,-0.382,-0.902,0.980
109.164,0.018,-0.378,-0.907,0.983
109.174,0.041,-0.365,-0.935,1.004
109.184,0.068,-0.343,-0.969,1.030
109.194,0.082,-0.319,-0.987,1.041
109.204,0.077,-0.304,-0.994,1.042
109.214,0.044,-0.303,-0.993,1.039
109.224,0.005,-0.310,-0.962,1.011
109.234,-0.041,-0.321,-0.899,0.956
109.244,-0.090,-0.328,-0.823,0.890
109.254,-0.129,-0.331,-0.748,0.828
109.263,-0.133,-0.350,-0.676,0.773
109.274,-0.113,-0.379,-0.616,0.732
109.283,-0.115,-0.363,-0.592,0.704
109.294,-0.101,-0.334,-0.620,0.712
109.304,-0.057,-0.302,-0.680,0.746
109.313,-0.029,-0.249,-0.735,0.777
109.323,-0.003,-0.239,-0.777,0.812
109.333,-0.017,-0.267,-0.810,0.853
109.343,-0.117,-0.265,-0.845,0.893
109.353,-0.193,-0.280,-0.866,0.930
109.363,-0.197,-0.313,-0.872,0.947
109.373,-0.169,-0.323,-0.876,0.949
109.383,-0.131,-0.316,-0.886,0.950
109.393,-0.108,-0.296,-0.902,0.955
109.403,-0.089,-0.267,-0.915,0.957
109.413,-0.067,-0.244,-0.921,0.955
109.423,-0.053,-0.233,-0.921,0.952
109.433,-0.052,-0.246,-0.898,0.933
109.443,-0.064,-0.276,-0.847,0.894
109.453,-0.078,-0.302,-0.790,0.850
109.463,-0.068,-0.327,-0.756,0.826
109.473,-0.029,-0.361,-0.776,0.857
109.483,0.011,-0.387,-0.850,0.935
109.493,0.026,-0.396,-0.935,1.015
109.503,0.017,-0.386,-1.005,1.077
109.513,0.024,-0.384,-1.060,1.127
109.523,0.025,-0.377,-1.087,1.151
109.533,0.004,-0.353,-1.081,1.137
109.543,-0.020,-0.343,-1.062,1.116
109.553,-0.022,-0.349,-1.034,1.092
109.563,-0.010,-0.361,-1.003,1.066
109.573,-0.023,-0.366,-0.956,1.024
109.583,-0.063,-0.378,-0.884,0.964
109.593,-0.071,-0.448,-0.800,0.920
109.603,-0.122,-0.492,-0.742,0.898
109.613,-0.197,-0.519,-0.734,0.921
109.623,-0.194,-0.571,-0.748,0.960
109.633,-0.112,-0.602,-0.737,0.958
109.642,-0.001,-0.616,-0.702,0.934
109.652,0.035,-0.579,-0.682,0.895
109.662,-0.001,-0.536,-0.717,0.896
109.672,-0.064,-0.519,-0.813,0.967
109.682,-0.089,-0.532,-0.937,1.081
109.692,-0.044,-0.548,-1.060,1.194
109.702,0.006,-0.523,-1.185,1.295
109.712,0.036,-0.459,-1.270,1.351
109.722,0.043,-0.392,-1.291,1.350
109.732,0.017,-0.337,-1.239,1.284
109.742,-0.033,-0.305,-1.142,1.183
109.752,-0.076,-0.331,-1.033,1.087
109.762,-0.113,-0.404,-0.926,1.016
109.772,-0.137,-0.471,-0.830,0.964
109.782,-0.154,-0.505,-0.748,0.916
109.792,-0.162,-0.516,-0.681,0.870
109.802,-0.152,-0.513,-0.629,0.825
109.812,-0.128,-0.503,-0.600,0.794
109.822,-0.102,-0.489,-0.609,0.788
109.832,-0.075,-0.453,-0.648,0.795
109.842,-0.045,-0.402,-0.706,0.814
109.852,-0.013,-0.356,-0.766,0.845
109.862,0.018,-0.330,-0.822,0.885
109.872,0.039,-0.307,-0.855,0.909
109.882,0.057,-0.291,-0.863,0.913
109.892,0.053,-0.262,-0.858,0.899
109.902,0.052,-0.230,-0.828,0.861
109.912,0.099,-0.285,-0.767,0.824
109.922,0.030,-0.314,-0.708,0.775
109.932,-0.079,-0.334,-0.684,0.765
109.942,-0.104,-0.387,-0.697,0.804
109.951,-0.081,-0.407,-0.722,0.833
109.962,-0.055,-0.384,-0.743,0.838
109.972,-0.033,-0.353,-0.755,0.834
109.981,-0.019,-0.324,-0.764,0.830
109.991,0.013,-0.330,-0.765,0.833
110.001,0.040,-0.371,-0.770,0.856
110.011,-0.016,-0.346,-0.804,0.876
110.021,-0.035,-0.354,-0.863,0.933
110.031,0.010,-0.374,-0.917,0.990
110.041,0.047,-0.347,-0.964,1.026
110.051,0.072,-0.323,-1.015,1.067
110.061,0.120,-0.322,-1.045,1.100
110.071,0.164,-0.339,-1.034,1.100
110.081,0.179,-0.375,-1.016,1.098
110.091,0.183,-0.450,-1.008,1.119
110.101,0.150,-0.506,-1.009,1.139
110.111,0.032,-0.483,-1.083,1.186
110.121,-0.049,-0.451,-1.219,1.300
110.131,-0.049,-0.443,-1.340,1.412
110.141,-0.021,-0.437,-1.434,1.499
110.151,-0.023,-0.396,-1.493,1.545
110.161,-0.027,-0.369,-1.484,1.529
110.171,-0.020,-0.370,-1.379,1.428
110.181,-0.062,-0.368,-1.231,1.287
110.191,-0.138,-0.383,-1.094,1.167
110.201,-0.189,-0.440,-1.027,1.133
110.211,-0.159,-0.481,-1.037,1.154
110.221,-0.063,-0.460,-1.085,1.180
110.231,0.037,-0.386,-1.140,1.204
110.241,0.118,-0.314,-1.187,1.233
110.251,0.174,-0.260,-1.210,1.250
110.261,0.207,-0.225,-1.192,1.231
110.271,0.198,-0.201,-1.140,1.174
110.281,0.155,-0.214,-1.075,1.107
110.291,0.114,-0.271,-1.033,1.075
110.300,0.093,-0.331,-1.039,1.094
110.310,0.089,-0.324,-1.081,1.132
110.320,0.094,-0.259,-1.102,1.136
110.330,0.105,-0.214,-1.089,1.115
110.340,0.121,-0.180,-1.056,1.078
110.350,0.145,-0.176,-1.016,1.041
110.360,0.127,-0.189,-0.984,1.010
110.370,0.084,-0.198,-0.986,1.009
110.380,0.049,-0.225,-1.018,1.044
110.390,0.017,-0.256,-1.062,1.093
110.400,-0.023,-0.276,-1.095,1.129
110.410,-0.064,-0.289,-1.096,1.136
110.420,-0.099,-0.310,-1.081,1.129
110.430,-0.118,-0.343,-1.061,1.122
110.440,-0.140,-0.366,-1.037,1.108
110.450,-0.159,-0.374,-1.008,1.087
110.460,-0.163,-0.377,-0.983,1.066
110.470,-0.147,-0.372,-0.968,1.047
110.480,-0.110,-0.358,-0.985,1.054
110.490,-0.069,-0.338,-1.040,1.096
110.500,-0.044,-0.308,-1.074,1.118
110.510,-0.024,-0.283,-1.062,1.099
110.520,0.001,-0.294,-1.027,1.068
110.530,0.010,-0.319,-0.992,1.042
110.540,-0.004,-0.344,-0.954,1.015
110.550,-0.028,-0.373,-0.896,0.971
110.560,-0.060,-0.397,-0.828,0.921
110.570,-0.077,-0.425,-0.783,0.894
110.580,-0.079,-0.459,-0.802,0.928
110.590,-0.084,-0.474,-0.886,1.008
110.600,-0.069,-0.463,-0.984,1.090
110.610,-0.051,-0.429,-1.059,1.144
110.619,-0.036,-0.391,-1.106,1.173
110.630,-0.019,-0.368,-1.117,1.176
110.639,-0.006,-0.354,-1.100,1.156
110.649,-0.004,-0.345,-1.056,1.111
110.659,-0.009,-0.347,-0.996,1.055
110.669,-0.013,-0.353,-0.940,1.004
110.679,-0.020,-0.355,-0.899,0.967
110.689,-0.022,-0.344,-0.878,0.943
110.699,-0.018,-0.339,-0.871,0.935
110.709,-0.008,-0.335,-0.870,0.933
110.719,0.006,-0.328,-0.866,0.926
110.729,0.020,-0.322,-0.864,0.922
110.739,0.019,-0.306,-0.872,0.924
110.749,0.018,-0.304,-0.881,0.932
110.759,0.018,-0.314,-0.888,0.942
110.769,0.021,-0.323,-0.897,0.954
110.779,0.023,-0.320,-0.902,0.957
110.789,0.023,-0.323,-0.900,0.957
110.799,0.018,-0.330,-0.887,0.946
110.809,0.021,-0.327,-0.862,0.922
110.819,0.033,-0.329,-0.845,0.908
110.829,0.056,-0.341,-0.860,0.927
110.839,0.079,-0.338,-0.910,0.974
110.849,0.100,-0.313,-0.961,1.015
110.859,0.121,-0.297,-0.995,1.045
110.869,0.138,-0.290,-1.000,1.051
110.879,0.139,-0.279,-0.983,1.031
110.889,0.130,-0.280,-0.956,1.004
110.899,0.118,-0.302,-0.923,0.979
110.909,0.096,-0.322,-0.892,0.953
110.919,0.075,-0.339,-0.882,0.948
110.929,0.067,-0.355,-0.898,0.968
110.939,0.059,-0.359,-0.929,0.998
110.949,0.045,-0.351,-0.961,1.024
110.958,0.039,-0.345,-0.983,1.042
110.968,0.040,-0.338,-0.989,1.046
110.978,0.039,-0.329,-0.984,1.039
110.988,0.040,-0.324,-0.983,1.036
110.998,0.045,-0.327,-0.999,1.052
111.008,0.050,-0.322,-1.021,1.071
111.018,0.061,-0.306,-1.041,1.087
111.028,0.069,-0.280,-1.046,1.085
111.038,0.078,-0.252,-1.037,1.070
111.048,0.076,-0.229,-1.010,1.039
111.058,0.069,-0.221,-0.964,0.991
111.068,0.052,-0.232,-0.896,0.926
111.078,0.021,-0.261,-0.820,0.861
111.088,-0.025,-0.292,-0.764,0.819
111.098,-0.067,-0.308,-0.751,0.815
111.108,-0.071,-0.310,-0.771,0.834
111.118,-0.032,-0.309,-0.824,0.881
111.128,0.009,-0.295,-0.903,0.950
111.138,0.031,-0.274,-0.971,1.009
111.148,0.039,-0.235,-1.011,1.039
111.158,0.046,-0.216,-1.032,1.055
111.168,0.038,-0.224,-1.034,1.059
111.178,-0.007,-0.249,-0.996,1.027
111.188,-0.030,-0.289,-0.934,0.979
111.198,-0.038,-0.315,-0.866,0.922
111.208,-0.037,-0.325,-0.841,0.903
111.218,-0.057,-0.310,-0.861,0.916
111.228,-0.048,-0.251,-0.878,0.914
111.238,-0.002,-0.231,-0.905,0.934
111.248,0.015,-0.219,-0.921,0.947
111.258,-0.015,-0.143,-0.920,0.931
111.268,-0.036,-0.099,-0.931,0.937
111.278,-0.014,-0.103,-0.968,0.973
111.288,-0.025,-0.107,-0.995,1.001
111.298,-0.027,-0.131,-0.998,1.006
111.308,-0.054,-0.133,-1.012,1.022
111.318,-0.070,-0.113,-0.986,0.995
111.327,-0.041,-0.096,-0.911,0.917
111.337,0.007,-0.103,-0.832,0.838
111.348,0.040,-0.117,-0.774,0.783
111.357,0.046,-0.142,-0.772,0.787
111.368,0.028,-0.148,-0.805,0.819
111.377,0.025,-0.144,-0.836,0.849
111.387,0.045,-0.123,-0.861,0.870
111.397,0.058,-0.072,-0.875,0.880
111.407,0.053,-0.033,-0.910,0.912
111.417,0.038,-0.050,-0.973,0.975
111.427,-0.023,-0.021,-1.007,1.007
111.437,-0.080,0.010,-1.018,1.021
111.447,-0.109,-0.008,-1.055,1.061
111.457,-0.112,-0.029,-1.103,1.109
111.467,-0.077,-0.019,-1.132,1.135
111.477,-0.056,0.029,-1.150,1.152
111.487,-0.083,0.049,-1.155,1.159
111.497,-0.155,0.005,-1.106,1.117
111.507,-0.107,0.014,-1.110,1.115
111.517,-0.127,0.042,-1.088,1.096
111.527,-0.189,0.028,-1.021,1.038
111.537,-0.202,0.009,-0.969,0.989
111.547,-0.192,-0.021,-0.953,0.972
111.557,-0.168,-0.041,-0.963,0.978
111.567,-0.143,-0.035,-1.000,1.011
111.577,-0.126,-0.019,-1.070,1.078
111.587,-0.120,0.006,-1.160,1.166
111.597,-0.113,0.017,-1.206,1.212
111.607,-0.096,0.014,-1.190,1.194
111.617,-0.084,-0.005,-1.142,1.145
111.627,-0.099,-0.025,-1.086,1.090
111.637,-0.115,-0.034,-1.020,1.027
111.647,-0.104,-0.058,-0.957,0.964
111.657,-0.089,-0.072,-0.912,0.919
111.667,-0.077,-0.067,-0.898,0.904
111.676,-0.084,-0.051,-0.921,0.926
111.687,-0.106,-0.041,-0.944,0.951
111.696,-0.134,-0.044,-0.953,0.963
111.706,-0.161,-0.048,-0.955,0.970
111.716,-0.177,-0.054,-0.951,0.969
111.726,-0.182,-0.071,-0.963,0.983
111.736,-0.172,-0.081,-0.961,0.980
111.746,-0.151,-0.089,-0.949,0.965
111.756,-0.133,-0.101,-0.944,0.959
111.766,-0.123,-0.107,-0.963,0.977
111.776,-0.116,-0.104,-1.000,1.012
111.786,-0.112,-0.096,-1.038,1.048
111.796,-0.115,-0.081,-1.066,1.076
111.806,-0.107,-0.070,-1.084,1.092
111.816,-0.087,-0.065,-1.078,1.083
111.826,-0.077,-0.059,-1.047,1.052
111.836,-0.087,-0.063,-1.018,1.023
111.846,-0.101,-0.088,-1.002,1.011
111.856,-0.132,-0.128,-0.981,0.998
111.866,-0.147,-0.151,-0.959,0.982
111.876,-0.144,-0.155,-0.944,0.968
111.886,-0.132,-0.157,-0.932,0.954
111.896,-0.103,-0.143,-0.908,0.925
111.906,-0.078,-0.128,-0.884,0.897
111.916,-0.070,-0.138,-0.882,0.895
111.926,-0.073,-0.162,-0.883,0.901
111.936,-0.072,-0.177,-0.891,0.911
111.946,-0.092,-0.181,-0.919,0.941
111.956,-0.113,-0.168,-0.953,0.974
111.966,-0.113,-0.152,-0.988,1.006
111.975,-0.099,-0.135,-1.013,1.027
111.986,-0.082,-0.122,-1.031,1.041
111.996,-0.074,-0.121,-1.042,1.052
112.005,-0.075,-0.119,-1.042,1.051
112.016,-0.077,-0.124,-1.034,1.044
112.025,-0.063,-0.127,-1.006,1.016
112.036,-0.044,-0.124,-0.972,0.981
112.045,-0.031,-0.125,-0.950,0.959
112.055,-0.016,-0.121,-0.949,0.957
112.065,-0.013,-0.119,-0.965,0.973
112.075,-0.025,-0.111,-1.005,1.011
112.085,-0.036,-0.093,-1.065,1.070
112.095,-0.051,-0.082,-1.125,1.129
112.105,-0.073,-0.074,-1.145,1.150
112.115,-0.089,-0.068,-1.129,1.134
112.125,-0.086,-0.066,-1.101,1.106
112.135,-0.080,-0.061,-1.074,1.079
112.145,-0.092,-0.059,-1.051,1.056
112.155,-0.087,-0.062,-1.039,1.045
112.165,-0.085,-0.065,-1.039,1.044
112.175,-0.080,-0.058,-1.034,1.039
112.185,-0.076,-0.044,-1.029,1.033
112.195,-0.071,-0.027,-1.031,1.034
112.205,-0.063,-0.012,-1.033,1.035
112.215,-0.063,-0.006,-1.027,1.029
112.225,-0.070,0.000,-1.024,1.026
112.235,-0.076,0.007,-1.014,1.017
112.245,-0.077,0.014,-0.985,0.988
112.255,-0.074,0.017,-0.944,0.947
112.265,-0.079,0.013,-0.911,0.915
112.275,-0.102,0.008,-0.901,0.907
112.285,-0.130,0.011,-0.923,0.932
112.295,-0.151,0.012,-0.967,0.979
112.305,-0.163,0.010,-1.011,1.024
112.315,-0.171,0.004,-1.053,1.067
112.324,-0.158,0.015,-1.093,1.104
112.335,-0.133,0.044,-1.128,1.137
112.344,-0.114,0.062,-1.146,1.153
112.355,-0.100,0.070,-1.147,1.153
112.364,-0.097,0.062,-1.121,1.127
112.374,-0.098,0.048,-1.072,1.078
112.385,-0.115,0.028,-1.013,1.019
112.394,-0.131,-0.003,-0.978,0.987
112.404,-0.126,-0.015,-0.962,0.970
112.414,-0.116,-0.018,-0.948,0.955
112.424,-0.131,-0.041,-0.954,0.964
112.434,-0.133,-0.031,-0.961,0.971
112.444,-0.123,-0.020,-0.949,0.958
112.454,-0.120,-0.025,-0.928,0.936
112.464,-0.121,-0.042,-0.911,0.920
112.474,-0.128,-0.059,-0.894,0.905
112.484,-0.139,-0.068,-0.889,0.902
112.494,-0.155,-0.076,-0.918,0.934
112.504,-0.169,-0.078,-0.967,0.985
112.514,-0.161,-0.075,-1.008,1.024
112.524,-0.169,-0.070,-1.032,1.048
112.534,-0.173,-0.068,-1.029,1.046
112.544,-0.175,-0.064,-1.001,1.018
112.554,-0.172,-0.049,-0.953,0.970
112.564,-0.160,-0.041,-0.903,0.918
112.574,-0.144,-0.041,-0.871,0.884
112.584,-0.129,-0.048,-0.842,0.854
112.594,-0.115,-0.043,-0.833,0.842
112.604,-0.093,-0.034,-0.833,0.839
112.614,-0.068,-0.042,-0.838,0.842
112.624,-0.061,-0.060,-0.851,0.856
112.634,-0.039,-0.070,-0.872,0.876
112.644,-0.023,-0.068,-0.894,0.897
112.654,-0.012,-0.065,-0.915,0.917
112.664,-0.008,-0.064,-0.934,0.937
112.674,-0.012,-0.069,-0.947,0.949
112.684,-0.022,-0.079,-0.954,0.958
112.693,-0.021,-0.084,-0.961,0.965
112.703,-0.007,-0.074,-0.982,0.985
112.713,0.005,-0.055,-1.015,1.016
112.724,0.009,-0.040,-1.050,1.051
112.733,0.003,-0.031,-1.072,1.073
112.743,-0.010,-0.032,-1.073,1.074
112.753,-0.034,-0.046,-1.044,1.046
112.763,-0.059,-0.072,-0.978,0.983
112.773,-0.087,-0.106,-0.901,0.911
112.783,-0.113,-0.143,-0.833,0.852
112.793,-0.141,-0.174,-0.784,0.815
112.803,-0.155,-0.194,-0.748,0.788
112.813,-0.147,-0.202,-0.726,0.768
112.823,-0.128,-0.201,-0.724,0.762
112.833,-0.109,-0.195,-0.732,0.765
112.843,-0.088,-0.182,-0.746,0.773
112.853,-0.074,-0.169,-0.765,0.787
112.863,-0.065,-0.164,-0.785,0.805
112.873,-0.056,-0.157,-0.797,0.814
112.883,-0.053,-0.150,-0.787,0.803
112.893,-0.049,-0.150,-0.761,0.777
112.903,-0.054,-0.156,-0.733,0.751
112.913,-0.064,-0.165,-0.711,0.733
112.923,-0.060,-0.168,-0.697,0.720
112.933,-0.047,-0.169,-0.686,0.708
112.943,-0.057,-0.173,-0.674,0.698
112.953,-0.037,-0.197,-0.692,0.720
112.963,-0.011,-0.182,-0.764,0.786
112.973,-0.054,-0.151,-0.800,0.816
112.983,-0.055,-0.152,-0.818,0.834
112.992,-0.057,-0.153,-0.840,0.856
113.003,-0.070,-0.152,-0.894,0.909
113.012,-0.083,-0.150,-0.981,0.996
113.023,-0.109,-0.132,-1.071,1.084
113.033,-0.152,-0.108,-1.139,1.154
113.042,-0.186,-0.096,-1.152,1.170
113.053,-0.196,-0.094,-1.099,1.120
113.062,-0.214,-0.087,-1.006,1.032
113.072,-0.275,-0.087,-0.932,0.976
113.082,-0.326,-0.116,-1.010,1.068
113.092,-0.337,-0.119,-1.259,1.309
113.102,-0.352,-0.036,-1.558,1.598
113.112,-0.386,0.091,-1.782,1.825
113.122,-0.393,0.189,-1.883,1.933
113.132,-0.353,0.209,-1.809,1.855
113.142,-0.309,0.138,-1.591,1.627
113.152,-0.332,0.043,-1.346,1.387
113.162,-0.415,-0.051,-1.181,1.253
113.172,-0.486,-0.134,-1.113,1.222
113.182,-0.522,-0.177,-1.121,1.250
113.192,-0.523,-0.180,-1.153,1.279
113.202,-0.491,-0.164,-1.159,1.269
113.212,-0.436,-0.143,-1.135,1.225
113.222,-0.375,-0.126,-1.078,1.148
113.232,-0.329,-0.133,-0.994,1.056
113.242,-0.306,-0.164,-0.898,0.963
113.252,-0.293,-0.199,-0.817,0.891
113.262,-0.273,-0.223,-0.776,0.853
113.272,-0.248,-0.231,-0.762,0.834
113.282,-0.220,-0.225,-0.769,0.831
113.292,-0.178,-0.209,-0.796,0.842
113.302,-0.127,-0.178,-0.842,0.870
113.312,-0.075,-0.134,-0.887,0.900
113.322,-0.029,-0.096,-0.902,0.907
113.332,0.004,-0.076,-0.886,0.890
113.341,0.014,-0.077,-0.853,0.856
113.352,0.020,-0.093,-0.826,0.832
113.361,0.014,-0.109,-0.829,0.836
113.371,0.010,-0.123,-0.863,0.872
113.381,0.008,-0.133,-0.908,0.918
113.391,0.010,-0.119,-0.935,0.942
113.401,0.021,-0.095,-0.927,0.932
113.411,0.032,-0.080,-0.897,0.901
113.421,0.023,-0.077,-0.866,0.869
113.431,-0.019,-0.094,-0.869,0.875
113.441,-0.077,-0.117,-0.906,0.916
113.451,-0.128,-0.133,-0.926,0.944
113.461,-0.153,-0.141,-0.939,0.962
113.471,-0.175,-0.125,-0.966,0.989
113.481,-0.199,-0.092,-1.018,1.042
113.491,-0.212,-0.067,-1.074,1.097
113.501,-0.221,-0.062,-1.098,1.122
113.511,-0.231,-0.071,-1.088,1.115
113.521,-0.244,-0.084,-1.068,1.099
113.531,-0.277,-0.097,-1.069,1.109
113.541,-0.318,-0.110,-1.084,1.135
113.551,-0.338,-0.118,-1.084,1.142
113.561,-0.327,-0.125,-1.060,1.116
113.571,-0.302,-0.131,-1.021,1.073
113.581,-0.271,-0.136,-0.967,1.014
113.591,-0.228,-0.147,-0.913,0.953
113.601,-0.184,-0.159,-0.875,0.908
113.611,-0.149,-0.175,-0.860,0.890
113.621,-0.119,-0.189,-0.869,0.897
113.631,-0.088,-0.186,-0.897,0.920
113.641,-0.055,-0.167,-0.933,0.950
113.651,-0.031,-0.149,-0.957,0.969
113.661,-0.014,-0.143,-0.956,0.967
113.670,-0.006,-0.139,-0.952,0.962
113.681,-0.019,-0.132,-0.966,0.975
113.691,-0.039,-0.127,-1.003,1.012
113.700,-0.046,-0.121,-1.034,1.042
113.710,-0.048,-0.113,-1.036,1.044
113.720,-0.042,-0.108,-1.021,1.027
113.730,-0.032,-0.100,-1.017,1.023
113.740,-0.047,-0.096,-1.032,1.038
113.750,-0.073,-0.102,-1.074,1.081
113.760,-0.110,-0.107,-1.128,1.139
113.770,-0.154,-0.104,-1.173,1.187
113.780,-0.189,-0.102,-1.188,1.207
113.790,-0.206,-0.095,-1.178,1.200
113.800,-0.204,-0.089,-1.138,1.159
113.810,-0.187,-0.093,-1.077,1.097
113.820,-0.163,-0.102,-1.031,1.049
113.830,-0.148,-0.102,-1.027,1.043
113.840,-0.144,-0.097,-1.064,1.078
113.850,-0.143,-0.082,-1.106,1.119
113.860,-0.138,-0.066,-1.125,1.136
113.870,-0.129,-0.061,-1.108,1.117
113.880,-0.127,-0.061,-1.049,1.059
113.890,-0.142,-0.076,-0.962,0.975
113.900,-0.163,-0.101,-0.869,0.890
113.910,-0.173,-0.120,-0.797,0.824
113.920,-0.179,-0.137,-0.764,0.797
113.930,-0.181,-0.153,-0.801,0.836
113.940,-0.171,-0.143,-0.911,0.938
113.950,-0.149,-0.105,-1.041,1.056
113.960,-0.117,-0.068,-1.144,1.152
113.970,-0.080,-0.049,-1.190,1.194
113.980,-0.047,-0.052,-1.185,1.187
113.990,-0.027,-0.075,-1.146,1.148
114.000,-0.024,-0.113,-1.090,1.096
114.010,-0.033,-0.153,-1.036,1.048
114.020,-0.036,-0.187,-0.996,1.014
114.029,-0.030,-0.203,-0.958,0.980
114.039,-0.005,-0.209,-0.931,0.954
114.049,0.022,-0.211,-0.919,0.944
114.060,0.047,-0.209,-0.922,0.946
114.069,0.064,-0.206,-0.925,0.950
114.079,0.067,-0.209,-0.925,0.950
114.089,0.048,-0.223,-0.919,0.947
114.099,0.012,-0.244,-0.900,0.932
114.109,-0.020,-0.266,-0.877,0.916
114.119,-0.050,-0.287,-0.865,0.913
114.129,-0.075,-0.298,-0.868,0.920
114.139,-0.084,-0.300,-0.880,0.933
114.149,-0.080,-0.289,-0.901,0.949
114.159,-0.075,-0.270,-0.926,0.968
114.169,-0.072,-0.258,-0.961,0.998
114.179,-0.069,-0.253,-0.989,1.023
114.189,-0.070,-0.250,-1.010,1.043
114.199,-0.080,-0.253,-1.038,1.072
114.209,-0.097,-0.252,-1.076,1.109
114.219,-0.102,-0.245,-1.109,1.140
114.229,-0.097,-0.238,-1.109,1.139
114.239,-0.084,-0.235,-1.074,1.102
114.249,-0.062,-0.226,-1.026,1.053
114.259,-0.045,-0.212,-0.988,1.012
114.269,-0.039,-0.205,-0.964,0.986
114.279,-0.038,-0.205,-0.951,0.973
114.289,-0.044,-0.205,-0.940,0.963
114.299,-0.071,-0.204,-0.933,0.958
114.309,-0.090,-0.205,-0.938,0.965
114.319,-0.091,-0.205,-0.956,0.982
114.329,-0.091,-0.200,-0.982,1.006
114.339,-0.101,-0.193,-1.015,1.038
114.349,-0.112,-0.181,-1.047,1.068
114.359,-0.111,-0.167,-1.080,1.098
114.368,-0.104,-0.155,-1.108,1.124
114.378,-0.103,-0.152,-1.120,1.135
114.389,-0.101,-0.156,-1.116,1.131
114.398,-0.091,-0.158,-1.086,1.101
114.408,-0.073,-0.155,-1.033,1.047
114.418,-0.046,-0.156,-0.968,0.982
114.428,-0.014,-0.160,-0.908,0.922
114.438,0.010,-0.165,-0.863,0.879
114.448,0.023,-0.173,-0.845,0.862
114.458,0.031,-0.185,-0.851,0.871
114.468,0.035,-0.193,-0.864,0.885
114.478,0.037,-0.193,-0.881,0.903
114.488,0.044,-0.184,-0.896,0.915
114.498,0.042,-0.177,-0.902,0.920
114.508,0.022,-0.184,-0.891,0.910
114.518,-0.023,-0.205,-0.875,0.899
114.528,-0.073,-0.233,-0.864,0.897
114.538,-0.109,-0.250,-0.864,0.906
114.548,-0.122,-0.253,-0.876,0.920
114.558,-0.117,-0.242,-0.895,0.934
114.568,-0.103,-0.224,-0.928,0.960
114.578,-0.084,-0.202,-0.962,0.987
114.588,-0.059,-0.183,-0.991,1.010
114.598,-0.030,-0.173,-1.007,1.022
114.608,-0.016,-0.167,-1.017,1.031
114.618,-0.016,-0.162,-1.024,1.036
114.628,-0.003,-0.162,-1.009,1.022
114.638,0.014,-0.163,-0.972,0.986
114.648,0.027,-0.165,-0.931,0.946
114.658,0.040,-0.165,-0.900,0.916
114.668,0.048,-0.166,-0.880,0.897
114.678,0.055,-0.175,-0.858,0.878
114.688,0.058,-0.184,-0.844,0.865
114.698,0.059,-0.190,-0.849,0.872
114.708,0.055,-0.188,-0.878,0.899
114.717,0.056,-0.180,-0.910,0.930
114.728,0.061,-0.171,-0.938,0.955
114.737,0.065,-0.161,-0.948,0.964
114.747,0.069,-0.150,-0.941,0.956
114.757,0.071,-0.147,-0.929,0.943
114.767,0.066,-0.156,-0.919,0.934
114.777,0.055,-0.171,-0.911,0.929
114.787,0.046,-0.181,-0.912,0.931
114.797,0.036,-0.181,-0.930,0.949
114.807,0.026,-0.176,-0.970,0.986
114.817,0.013,-0.164,-1.012,1.025
114.827,0.008,-0.158,-1.030,1.042
114.837,0.014,-0.160,-1.027,1.039
114.847,0.025,-0.164,-1.012,1.026
114.857,0.023,-0.169,-0.998,1.012
114.867,0.007,-0.176,-0.991,1.007
114.877,-0.015,-0.185,-0.981,0.998
114.887,-0.030,-0.194,-0.959,0.979
114.897,-0.038,-0.195,-0.930,0.951
114.907,-0.043,-0.189,-0.897,0.917
114.917,-0.040,-0.183,-0.869,0.889
114.927,-0.037,-0.179,-0.856,0.876
114.937,-0.034,-0.177,-0.845,0.864
114.947,-0.032,-0.184,-0.819,0.840
114.957,-0.026,-0.195,-0.773,0.798
114.967,-0.024,-0.204,-0.722,0.751
114.977,-0.024,-0.219,-0.690,0.725
114.987,-0.019,-0.235,-0.688,0.727
114.997,-0.023,-0.244,-0.702,0.744
115.007,-0.022,-0.253,-0.725,0.769
115.017,-0.005,-0.260,-0.754,0.798
115.027,0.017,-0.253,-0.783,0.823
115.036,0.048,-0.238,-0.804,0.840
115.046,0.076,-0.223,-0.840,0.872
115.056,0.090,-0.198,-0.889,0.916
115.066,0.093,-0.174,-0.942,0.962
115.076,0.104,-0.171,-0.987,1.007
115.086,0.114,-0.173,-1.006,1.027
115.096,0.114,-0.179,-0.984,1.007
115.106,0.119,-0.193,-0.960,0.986
115.116,0.125,-0.203,-0.965,0.994
115.126,0.125,-0.209,-0.969,0.999
115.136,0.119,-0.221,-0.950,0.982
115.146,0.116,-0.236,-0.903,0.941
115.156,0.122,-0.256,-0.849,0.895
115.166,0.145,-0.303,-0.803,0.870
115.176,0.182,-0.368,-0.755,0.860
115.186,0.163,-0.402,-0.675,0.802
115.196,0.044,-0.423,-0.569,0.710
115.206,-0.088,-0.502,-0.570,0.765
115.216,-0.143,-0.596,-0.832,1.033
115.226,-0.205,-0.490,-1.291,1.396
115.236,-0.265,-0.246,-1.770,1.806
115.246,-0.218,-0.004,-2.101,2.112
115.256,-0.083,0.171,-2.157,2.165
115.266,0.051,0.213,-1.984,1.996
115.276,0.106,0.165,-1.697,1.708
115.286,0.062,0.074,-1.409,1.413
115.296,-0.025,-0.036,-1.231,1.232
115.306,-0.061,-0.113,-1.167,1.174
115.316,-0.021,-0.110,-1.195,1.201
115.326,0.071,-0.046,-1.261,1.264
115.336,0.164,0.040,-1.298,1.309
115.346,0.236,0.106,-1.264,1.290
115.356,0.281,0.123,-1.179,1.218
115.365,0.276,0.094,-1.065,1.104
115.375,0.210,0.045,-0.955,0.979
115.385,0.127,-0.019,-0.899,0.908
115.395,0.063,-0.073,-0.879,0.884
115.405,0.028,-0.096,-0.854,0.860
115.415,0.037,-0.106,-0.828,0.835
115.425,0.066,-0.098,-0.815,0.824
115.435,0.082,-0.072,-0.818,0.825
115.445,0.098,-0.063,-0.824,0.832
115.455,0.107,-0.062,-0.844,0.853
115.465,0.116,-0.059,-0.879,0.888
115.475,0.121,-0.044,-0.900,0.909
115.485,0.129,-0.024,-0.918,0.927
115.495,0.130,-0.010,-0.924,0.934
115.505,0.115,0.005,-0.919,0.926
115.515,0.087,0.016,-0.900,0.905
115.525,0.053,0.018,-0.871,0.873
115.535,0.014,0.010,-0.831,0.831
115.545,-0.015,-0.009,-0.772,0.772
115.555,-0.029,-0.028,-0.739,0.740
115.565,-0.038,-0.056,-0.748,0.751
115.575,-0.037,-0.080,-0.777,0.782
115.585,-0.025,-0.084,-0.818,0.823
115.595,-0.007,-0.075,-0.856,0.860
115.605,0.013,-0.069,-0.866,0.869
115.615,0.026,-0.076,-0.853,0.857
115.625,0.015,-0.088,-0.838,0.843
115.635,-0.014,-0.095,-0.813,0.818
115.645,-0.036,-0.105,-0.794,0.802
115.655,-0.048,-0.124,-0.797,0.808
115.665,-0.050,-0.133,-0.822,0.835
115.675,-0.046,-0.125,-0.859,0.870
115.685,-0.038,-0.109,-0.901,0.909
115.695,-0.033,-0.089,-0.932,0.937
115.705,-0.045,-0.089,-0.943,0.948
115.714,-0.069,-0.112,-0.940,0.949
115.724,-0.092,-0.142,-0.941,0.956
115.735,-0.108,-0.158,-0.958,0.977
115.744,-0.111,-0.167,-0.992,1.012
115.754,-0.098,-0.162,-1.026,1.044
115.764,-0.071,-0.140,-1.049,1.060
115.774,-0.043,-0.115,-1.068,1.075
115.784,-0.040,-0.096,-1.080,1.085
115.794,-0.051,-0.092,-1.071,1.076
115.804,-0.059,-0.086,-1.058,1.063
115.814,-0.072,-0.065,-1.042,1.046
115.824,-0.083,-0.048,-1.040,1.044
115.834,-0.080,-0.030,-1.069,1.073
115.844,-0.077,0.009,-1.119,1.122
115.854,-0.074,0.058,-1.158,1.162
115.864,-0.067,0.074,-1.139,1.143
115.874,-0.058,0.051,-1.100,1.103
115.884,-0.044,0.012,-1.148,1.149
115.894,-0.020,0.002,-1.298,1.298
115.904,-0.013,0.042,-1.474,1.475
115.914,-0.024,0.093,-1.604,1.607
115.924,-0.022,0.114,-1.631,1.635
115.934,-0.019,0.103,-1.539,1.543
115.944,-0.036,0.059,-1.361,1.363
115.954,-0.073,-0.003,-1.161,1.164
115.964,-0.099,-0.063,-0.997,1.004
115.974,-0.101,-0.111,-0.888,0.901
115.984,-0.060,-0.152,-0.861,0.877
115.994,0.007,-0.155,-0.898,0.912
116.004,0.071,-0.122,-0.939,0.950
116.014,0.133,-0.103,-0.943,0.958
116.024,0.180,-0.105,-0.918,0.941
116.034,0.197,-0.119,-0.884,0.914
116.044,0.198,-0.139,-0.863,0.896
116.053,0.196,-0.154,-0.857,0.892
116.063,0.183,-0.152,-0.860,0.893
116.073,0.158,-0.138,-0.863,0.888
116.084,0.138,-0.131,-0.853,0.874
116.093,0.126,-0.134,-0.836,0.856
116.103,0.124,-0.142,-0.839,0.860
116.113,0.126,-0.137,-0.883,0.902
116.123,0.119,-0.114,-0.953,0.967
116.133,0.110,-0.091,-1.014,1.024
116.143,0.114,-0.066,-1.063,1.071
116.153,0.116,-0.030,-1.114,1.120
116.163,0.111,-0.007,-1.160,1.166
116.173,0.095,-0.011,-1.191,1.195
116.183,0.074,-0.026,-1.188,1.191
116.193,0.063,-0.044,-1.146,1.148
116.203,0.071,-0.064,-1.080,1.084
116.213,0.080,-0.078,-1.018,1.024
116.223,0.082,-0.087,-0.989,0.996
116.233,0.089,-0.096,-0.981,0.989
116.243,0.085,-0.107,-0.977,0.987
116.253,0.074,-0.123,-0.961,0.972
116.263,0.066,-0.134,-0.953,0.964
116.273,0.066,-0.136,-0.965,0.977
116.283,0.068,-0.127,-0.989,0.999
116.293,0.076,-0.102,-1.032,1.040
116.303,0.076,-0.071,-1.077,1.082
116.313,0.070,-0.055,-1.090,1.093
116.323,0.051,-0.071,-1.064,1.068
116.333,0.025,-0.095,-1.020,1.025
116.343,-0.000,-0.114,-0.987,0.993
116.353,-0.019,-0.117,-0.961,0.968
116.363,-0.023,-0.108,-0.960,0.967
116.373,-0.023,-0.084,-0.995,0.999
116.383,-0.028,-0.055,-1.061,1.063
116.392,-0.037,-0.031,-1.122,1.123
116.402,-0.048,-0.028,-1.163,1.164
116.412,-0.056,-0.038,-1.169,1.171
116.422,-0.055,-0.047,-1.124,1.126
116.432,-0.041,-0.061,-1.040,1.043
116.442,-0.022,-0.083,-0.948,0.952
116.452,-0.007,-0.105,-0.883,0.889
116.462,0.008,-0.116,-0.860,0.868
116.472,0.032,-0.118,-0.861,0.870
116.482,0.058,-0.118,-0.876,0.886
116.492,0.079,-0.110,-0.907,0.917
116.502,0.099,-0.097,-0.930,0.940
116.512,0.117,-0.093,-0.928,0.940
116.522,0.128,-0.099,-0.898,0.912
116.532,0.142,-0.113,-0.840,0.859
116.542,0.157,-0.132,-0.784,0.810
116.552,0.170,-0.150,-0.760,0.793
116.562,0.186,-0.161,-0.782,0.820
116.572,0.197,-0.164,-0.819,0.858
116.582,0.209,-0.163,-0.858,0.898
116.592,0.218,-0.161,-0.880,0.920
116.602,0.231,-0.153,-0.879,0.922
116.612,0.248,-0.149,-0.862,0.909
116.622,0.256,-0.152,-0.836,0.888
116.632,0.255,-0.163,-0.817,0.871
116.642,0.243,-0.175,-0.805,0.859
116.652,0.232,-0.184,-0.800,0.853
116.662,0.230,-0.187,-0.805,0.857
116.672,0.228,-0.182,-0.803,0.854
116.682,0.235,-0.182,-0.805,0.858
116.692,0.248,-0.181,-0.811,0.867
116.702,0.258,-0.171,-0.824,0.880
116.712,0.268,-0.161,-0.860,0.915
116.722,0.270,-0.152,-0.902,0.953
116.732,0.272,-0.149,-0.946,0.995
116.741,0.253,-0.149,-0.985,1.028
116.751,0.220,-0.142,-1.007,1.040
116.762,0.179,-0.133,-1.027,1.051
116.772,0.156,-0.114,-1.045,1.063
116.781,0.152,-0.089,-1.051,1.065
116.791,0.132,-0.067,-1.035,1.045
116.801,0.105,-0.054,-1.002,1.009
116.811,0.089,-0.055,-0.963,0.969
116.821,0.074,-0.059,-0.918,0.922
116.831,0.062,-0.069,-0.875,0.880
116.841,0.060,-0.083,-0.835,0.841
116.851,0.044,-0.107,-0.786,0.794
116.861,0.012,-0.141,-0.734,0.747
116.871,-0.051,-0.178,-0.688,0.712
116.881,-0.112,-0.235,-0.700,0.747
116.891,-0.113,-0.269,-0.825,0.875
116.901,-0.097,-0.188,-1.019,1.041
116.911,-0.068,-0.076,-1.236,1.240
116.921,-0.023,0.001,-1.437,1.437
116.931,0.018,0.050,-1.543,1.544
116.941,0.029,0.050,-1.512,1.513
116.951,-0.003,-0.012,-1.362,1.362
116.961,-0.065,-0.094,-1.178,1.184
116.971,-0.100,-0.155,-1.054,1.070
116.981,-0.104,-0.177,-1.011,1.031
116.991,-0.104,-0.163,-1.038,1.056
117.001,-0.082,-0.127,-1.102,1.112
117.011,-0.041,-0.088,-1.171,1.175
117.021,0.011,-0.066,-1.217,1.219
117.031,0.051,-0.067,-1.202,1.204
117.041,0.078,-0.095,-1.131,1.137
117.050,0.086,-0.137,-1.037,1.050
117.061,0.071,-0.186,-0.946,0.967
117.071,0.074,-0.240,-0.876,0.911
117.080,0.112,-0.280,-0.837,0.890
117.091,0.149,-0.301,-0.815,0.882
117.100,0.180,-0.310,-0.804,0.880
117.110,0.196,-0.319,-0.802,0.885
117.120,0.199,-0.328,-0.791,0.879
117.130,0.188,-0.344,-0.766,0.860
117.140,0.169,-0.365,-0.741,0.843
117.150,0.135,-0.383,-0.727,0.833
117.160,0.095,-0.398,-0.718,0.826
117.170,0.070,-0.412,-0.726,0.837
117.180,0.060,-0.413,-0.753,0.861
117.190,0.043,-0.402,-0.784,0.882
117.200,0.032,-0.396,-0.794,0.888
117.210,0.030,-0.393,-0.787,0.880
117.220,0.033,-0.392,-0.786,0.879
117.230,0.047,-0.388,-0.821,0.909
117.240,0.068,-0.380,-0.906,0.985
117.250,0.077,-0.362,-1.005,1.071
117.260,0.088,-0.325,-1.078,1.130
117.270,0.130,-0.283,-1.113,1.156
117.280,0.179,-0.241,-1.099,1.139
117.290,0.223,-0.208,-1.057,1.100
117.300,0.241,-0.194,-0.995,1.042
117.310,0.239,-0.199,-0.911,0.962
117.320,0.237,-0.205,-0.820,0.878
117.330,0.234,-0.208,-0.765,0.826
117.340,0.221,-0.223,-0.793,0.853
117.350,0.239,-0.230,-0.901,0.960
117.360,0.271,-0.211,-1.073,1.127
117.370,0.281,-0.165,-1.258,1.300
117.380,0.255,-0.109,-1.376,1.404
117.390,0.212,-0.076,-1.429,1.446
117.400,0.189,-0.080,-1.410,1.425
117.409,0.185,-0.095,-1.346,1.362
117.420,0.193,-0.121,-1.292,1.312
117.429,0.198,-0.143,-1.272,1.295
117.439,0.206,-0.153,-1.281,1.307
117.449,0.225,-0.162,-1.290,1.320
117.460,0.254,-0.166,-1.279,1.315
117.469,0.292,-0.157,-1.228,1.272
117.479,0.340,-0.141,-1.142,1.200
117.489,0.397,-0.114,-1.078,1.154
117.499,0.453,-0.084,-1.038,1.136
117.509,0.464,-0.056,-0.994,1.099
117.519,0.434,-0.058,-0.946,1.043
117.529,0.382,-0.087,-0.915,0.996
117.539,0.314,-0.113,-0.900,0.959
117.549,0.248,-0.136,-0.890,0.933
117.559,0.192,-0.147,-0.889,0.921
117.569,0.146,-0.144,-0.879,0.902
117.579,0.111,-0.143,-0.858,0.877
117.589,0.085,-0.151,-0.840,0.858
117.599,0.064,-0.160,-0.821,0.839
117.609,0.053,-0.169,-0.802,0.821
117.619,0.063,-0.172,-0.795,0.816
117.629,0.080,-0.172,-0.796,0.819
117.639,0.086,-0.175,-0.810,0.834
117.649,0.069,-0.182,-0.834,0.856
117.659,0.053,-0.194,-0.858,0.881
117.669,0.044,-0.214,-0.865,0.892
117.679,0.046,-0.236,-0.855,0.888
117.689,0.058,-0.256,-0.833,0.873
117.699,0.087,-0.273,-0.802,0.852
117.709,0.126,-0.292,-0.765,0.828
117.719,0.174,-0.313,-0.736,0.818
117.729,0.229,-0.326,-0.716,0.819
117.738,0.301,-0.336,-0.703,0.835
117.749,0.367,-0.341,-0.713,0.872
117.758,0.401,-0.348,-0.770,0.935
117.769,0.407,-0.342,-0.872,1.021
117.778,0.375,-0.322,-0.957,1.077
117.789,0.317,-0.281,-0.990,1.077
117.798,0.253,-0.225,-0.982,1.038
117.808,0.186,-0.159,-0.936,0.968
117.818,0.127,-0.086,-0.851,0.865
117.828,0.085,-0.017,-0.731,0.736
117.838,0.059,0.033,-0.641,0.644
117.848,0.042,0.057,-0.585,0.590
117.858,0.039,0.040,-0.541,0.544
117.868,0.043,-0.024,-0.519,0.521
117.878,0.013,-0.104,-0.513,0.524
117.888,-0.056,-0.172,-0.538,0.567
117.898,-0.087,-0.237,-0.581,0.633
117.908,-0.051,-0.308,-0.664,0.734
117.918,-0.003,-0.358,-0.798,0.874
117.928,-0.005,-0.352,-0.961,1.024
117.938,-0.065,-0.317,-1.130,1.176
117.948,-0.149,-0.274,-1.302,1.338
117.958,-0.214,-0.221,-1.451,1.483
117.968,-0.260,-0.172,-1.489,1.522
117.978,-0.287,-0.183,-1.417,1.457
117.988,-0.309,-0.264,-1.335,1.395
117.998,-0.343,-0.355,-1.291,1.382
118.008,-0.363,-0.411,-1.261,1.375
118.018,-0.351,-0.431,-1.197,1.319
118.028,-0.307,-0.430,-1.120,1.239
118.038,-0.245,-0.428,-1.056,1.166
118.048,-0.189,-0.434,-1.001,1.107
118.058,-0.152,-0.446,-0.935,1.047
118.067,-0.105,-0.468,-0.853,0.978
118.078,-0.055,-0.484,-0.780,0.920
118.087,-0.010,-0.499,-0.726,0.881
118.098,0.011,-0.505,-0.698,0.862
118.107,0.024,-0.490,-0.735,0.883
118.117,0.045,-0.463,-0.839,0.960
118.128,0.067,-0.395,-0.964,1.044
118.137,0.104,-0.322,-1.080,1.132
118.147,0.154,-0.282,-1.187,1.230
118.158,0.168,-0.252,-1.258,1.294
118.167,0.126,-0.235,-1.234,1.262
118.177,0.062,-0.250,-1.137,1.166
118.187,-0.004,-0.291,-1.063,1.102
118.197,-0.057,-0.324,-1.073,1.123
118.207,-0.078,-0.316,-1.158,1.203
118.217,-0.084,-0.270,-1.267,1.298
118.227,-0.096,-0.226,-1.374,1.395
118.237,-0.122,-0.207,-1.442,1.462
118.247,-0.160,-0.218,-1.438,1.463
118.257,-0.195,-0.247,-1.379,1.414
118.267,-0.205,-0.285,-1.308,1.355
118.277,-0.195,-0.313,-1.259,1.312
118.287,-0.188,-0.327,-1.234,1.290
118.297,-0.183,-0.344,-1.232,1.292
118.307,-0.154,-0.377,-1.241,1.306
118.317,-0.120,-0.387,-1.233,1.298
118.327,-0.060,-0.380,-1.239,1.298
118.337,-0.015,-0.362,-1.212,1.265
118.347,0.029,-0.348,-1.145,1.197
118.357,0.069,-0.362,-1.073,1.134
118.367,0.075,-0.385,-1.002,1.076
118.377,0.053,-0.406,-0.927,1.013
118.387,0.018,-0.435,-0.856,0.961
118.397,-0.009,-0.464,-0.808,0.932
118.407,-0.029,-0.473,-0.793,0.924
118.416,-0.047,-0.458,-0.806,0.928
118.427,-0.054,-0.425,-0.816,0.922
118.437,-0.051,-0.392,-0.813,0.904
118.447,-0.049,-0.362,-0.806,0.885
118.457,-0.063,-0.331,-0.815,0.882
118.466,-0.092,-0.313,-0.851,0.912
118.477,-0.126,-0.295,-0.901,0.957
118.486,-0.159,-0.259,-0.956,1.003
118.496,-0.154,-0.201,-0.994,1.026
118.506,-0.095,-0.268,-0.957,0.999
118.516,-0.145,-0.274,-0.898,0.950
118.526,-0.143,-0.212,-0.906,0.941
118.536,-0.132,-0.210,-0.921,0.954
118.546,-0.131,-0.280,-0.958,1.007
118.556,-0.144,-0.294,-0.984,1.037
118.566,-0.165,-0.283,-1.010,1.062
118.576,-0.145,-0.304,-1.028,1.082
118.586,-0.115,-0.324,-0.980,1.039
118.596,-0.148,-0.308,-0.894,0.957
118.606,-0.167,-0.281,-0.835,0.896
118.616,-0.123,-0.304,-0.812,0.876
118.626,-0.103,-0.303,-0.832,0.892
118.636,-0.073,-0.274,-0.875,0.920
118.646,-0.022,-0.261,-0.918,0.955
118.656,-0.013,-0.227,-0.948,0.974
118.666,-0.023,-0.209,-0.953,0.975
118.676,-0.029,-0.234,-0.931,0.960
118.686,-0.055,-0.244,-0.887,0.922
118.696,-0.073,-0.268,-0.812,0.858
118.706,-0.093,-0.291,-0.750,0.810
118.716,-0.102,-0.310,-0.737,0.805
118.726,-0.102,-0.305,-0.770,0.834
118.736,-0.098,-0.287,-0.829,0.883
118.746,-0.097,-0.255,-0.874,0.916
118.756,-0.083,-0.234,-0.892,0.926
118.766,-0.075,-0.227,-0.896,0.927
118.775,-0.085,-0.228,-0.896,0.928
118.785,-0.088,-0.245,-0.891,0.928
118.796,-0.080,-0.261,-0.876,0.918
118.805,-0.061,-0.267,-0.849,0.893
118.815,-0.024,-0.273,-0.820,0.865
118.825,0.010,-0.286,-0.790,0.841
118.835,0.027,-0.297,-0.774,0.829
118.845,0.043,-0.299,-0.782,0.839
118.855,0.074,-0.313,-0.811,0.872
118.865,0.120,-0.329,-0.852,0.921
118.875,0.174,-0.334,-0.900,0.975
118.885,0.220,-0.314,-0.941,1.016
118.895,0.260,-0.290,-0.977,1.052
118.905,0.297,-0.300,-1.007,1.092
118.915,0.307,-0.308,-1.013,1.102
118.925,0.302,-0.321,-1.015,1.106
118.935,0.305,-0.335,-1.024,1.120
118.945,0.300,-0.341,-1.040,1.135
118.955,0.292,-0.344,-1.055,1.147
118.965,0.281,-0.349,-1.077,1.167
118.975,0.271,-0.347,-1.102,1.187
118.985,0.264,-0.335,-1.115,1.194
118.995,0.260,-0.321,-1.124,1.197
119.005,0.258,-0.310,-1.139,1.208
119.015,0.247,-0.301,-1.146,1.210
119.025,0.231,-0.312,-1.144,1.208
119.035,0.216,-0.324,-1.128,1.193
119.045,0.211,-0.328,-1.119,1.185
119.055,0.207,-0.327,-1.136,1.200
119.065,0.190,-0.319,-1.165,1.223
119.075,0.185,-0.305,-1.180,1.233
119.085,0.186,-0.286,-1.186,1.234
119.095,0.190,-0.257,-1.202,1.244
119.104,0.193,-0.225,-1.225,1.260
119.115,0.186,-0.204,-1.245,1.276
119.124,0.170,-0.191,-1.245,1.271
119.134,0.155,-0.180,-1.205,1.228
119.144,0.159,-0.175,-1.140,1.164
119.154,0.175,-0.175,-1.072,1.100
119.164,0.196,-0.180,-1.033,1.066
119.174,0.218,-0.183,-1.021,1.060
119.184,0.247,-0.172,-1.029,1.072
119.194,0.277,-0.148,-1.040,1.086
119.204,0.305,-0.125,-1.044,1.094
119.214,0.323,-0.113,-1.036,1.091
119.224,0.315,-0.109,-1.025,1.078
119.234,0.295,-0.112,-1.020,1.067
119.244,0.263,-0.122,-1.013,1.053
119.254,0.229,-0.143,-1.002,1.037
119.264,0.201,-0.166,-1.006,1.040
119.274,0.183,-0.175,-1.038,1.068
119.284,0.177,-0.164,-1.087,1.113
119.294,0.174,-0.135,-1.143,1.164
119.304,0.168,-0.093,-1.195,1.210
119.314,0.163,-0.048,-1.234,1.245
119.324,0.158,-0.010,-1.248,1.258
119.334,0.144,0.021,-1.249,1.257
119.344,0.123,0.040,-1.235,1.242
119.354,0.093,0.044,-1.196,1.201
119.364,0.058,0.031,-1.141,1.143
119.374,0.030,0.016,-1.059,1.060
119.384,0.018,-0.000,-0.971,0.971
119.394,0.015,-0.015,-0.904,0.904
119.404,0.019,-0.021,-0.873,0.874
119.414,0.022,-0.010,-0.879,0.879
119.424,0.025,0.007,-0.911,0.911
119.434,0.030,0.022,-0.946,0.947
119.444,0.018,0.036,-0.970,0.971
119.453,-0.002,0.041,-0.975,0.975
119.464,-0.022,0.026,-0.956,0.957
119.473,-0.041,0.002,-0.928,0.928
119.483,-0.050,-0.017,-0.899,0.901
119.493,-0.047,-0.037,-0.883,0.885
119.503,-0.038,-0.063,-0.883,0.886
119.513,-0.031,-0.084,-0.899,0.903
119.523,-0.021,-0.096,-0.915,0.920
119.533,-0.016,-0.109,-0.921,0.928
119.543,-0.029,-0.118,-0.892,0.900
119.553,-0.050,-0.119,-0.838,0.848
119.563,-0.067,-0.127,-0.798,0.811
119.573,-0.065,-0.151,-0.817,0.833
119.583,-0.057,-0.170,-0.895,0.913
119.593,-0.048,-0.182,-0.966,0.984
119.603,-0.021,-0.198,-0.987,1.007
119.613,0.000,-0.220,-0.951,0.976
119.623,0.024,-0.235,-0.881,0.912
119.633,0.025,-0.253,-0.822,0.860
119.643,0.003,-0.286,-0.821,0.870
119.653,-0.020,-0.308,-0.895,0.946
119.663,-0.024,-0.280,-0.992,1.031
119.673,-0.000,-0.218,-1.069,1.091
119.683,0.040,-0.154,-1.129,1.140
119.693,0.077,-0.099,-1.153,1.160
119.703,0.109,-0.062,-1.134,1.141
119.713,0.123,-0.050,-1.091,1.099
119.723,0.110,-0.064,-1.038,1.046
119.733,0.082,-0.093,-0.994,1.002
119.743,0.068,-0.124,-0.962,0.972
119.753,0.073,-0.135,-0.942,0.954
119.763,0.094,-0.129,-0.929,0.943
119.772,0.116,-0.117,-0.915,0.930
119.782,0.133,-0.107,-0.905,0.921
119.792,0.148,-0.104,-0.906,0.924
119.802,0.158,-0.101,-0.902,0.921
119.812,0.164,-0.103,-0.883,0.904
119.822,0.162,-0.116,-0.850,0.873
119.832,0.154,-0.131,-0.810,0.835
119.842,0.149,-0.150,-0.781,0.809
119.852,0.146,-0.167,-0.786,0.816
119.862,0.145,-0.173,-0.817,0.848
119.872,0.145,-0.172,-0.854,0.883
119.882,0.145,-0.171,-0.880,0.908
119.892,0.151,-0.171,-0.896,0.925
119.902,0.162,-0.164,-0.907,0.936
119.912,0.178,-0.152,-0.911,0.940
119.922,0.191,-0.147,-0.905,0.937
119.932,0.194,-0.146,-0.889,0.921
119.942,0.189,-0.152,-0.876,0.909
119.952,0.179,-0.166,-0.865,0.899
119.962,0.169,-0.181,-0.860,0.895
119.972,0.162,-0.192,-0.864,0.900
119.982,0.165,-0.192,-0.889,0.925
119.992,0.174,-0.179,-0.933,0.966
120.002,0.173,-0.159,-0.970,0.998
120.012,0.164,-0.153,-0.995,1.020
120.022,0.145,-0.159,-1.016,1.038
120.032,0.118,-0.173,-1.030,1.051
120.042,0.086,-0.190,-1.024,1.045
120.052,0.064,-0.196,-0.997,1.019
120.062,0.052,-0.191,-0.990,1.010
120.072,0.063,-0.156,-1.048,1.062
120.082,0.094,-0.087,-1.161,1.168
120.092,0.138,-0.014,-1.279,1.287
120.101,0.182,0.048,-1.369,1.382
120.111,0.204,0.107,-1.408,1.426
120.121,0.197,0.149,-1.399,1.421
120.132,0.193,0.140,-1.376,1.397
120.141,0.154,0.119,-1.356,1.370
120.151,0.087,0.097,-1.320,1.326
120.161,0.033,0.061,-1.236,1.238
120.171,0.001,0.019,-1.097,1.097
120.181,-0.008,-0.028,-0.961,0.961
120.191,-0.008,-0.068,-0.876,0.879
120.201,0.001,-0.092,-0.844,0.849
120.211,0.014,-0.103,-0.852,0.858
120.221,0.032,-0.105,-0.876,0.883
120.231,0.055,-0.098,-0.903,0.910
120.241,0.074,-0.086,-0.928,0.935
120.251,0.086,-0.082,-0.962,0.969
120.261,0.087,-0.083,-1.006,1.014
120.271,0.080,-0.088,-1.054,1.060
120.281,0.074,-0.091,-1.091,1.097
120.291,0.075,-0.092,-1.102,1.109
120.301,0.078,-0.096,-1.103,1.109
120.311,0.074,-0.098,-1.097,1.104
120.321,0.059,-0.098,-1.085,1.091
120.331,0.034,-0.108,-1.065,1.071
120.341,0.006,-0.125,-1.049,1.056
120.351,-0.018,-0.134,-1.044,1.052
120.361,-0.034,-0.134,-1.038,1.047
120.371,-0.043,-0.140,-1.027,1.038
120.381,-0.056,-0.147,-1.016,1.028
120.391,-0.073,-0.152,-1.004,1.018
120.401,-0.088,-0.162,-0.989,1.007
120.411,-0.114,-0.181,-0.980,1.003
120.421,-0.136,-0.199,-0.977,1.006
120.431,-0.149,-0.208,-0.980,1.013
120.441,-0.157,-0.206,-0.980,1.013
120.451,-0.154,-0.205,-0.965,0.998
120.461,-0.149,-0.207,-0.934,0.969
120.470,-0.139,-0.214,-0.906,0.942
120.480,-0.134,-0.219,-0.890,0.926
120.490,-0.132,-0.226,-0.879,0.917
120.500,-0.130,-0.233,-0.859,0.899
120.510,-0.126,-0.238,-0.839,0.881
120.520,-0.118,-0.235,-0.836,0.877
120.530,-0.114,-0.218,-0.846,0.881
120.540,-0.114,-0.206,-0.853,0.885
120.550,-0.114,-0.206,-0.861,0.893
120.560,-0.117,-0.204,-0.863,0.895
120.570,-0.111,-0.197,-0.861,0.890
120.580,-0.096,-0.191,-0.852,0.878
120.590,-0.079,-0.196,-0.837,0.864
120.600,-0.068,-0.213,-0.810,0.840
120.610,-0.062,-0.231,-0.773,0.809
120.620,-0.058,-0.243,-0.733,0.774
120.630,-0.053,-0.256,-0.703,0.750
120.640,-0.051,-0.266,-0.694,0.745
120.650,-0.052,-0.276,-0.700,0.754
120.660,-0.050,-0.281,-0.718,0.772
120.670,-0.045,-0.281,-0.749,0.801
120.680,-0.033,-0.270,-0.794,0.839
120.690,-0.024,-0.254,-0.841,0.879
120.700,-0.024,-0.244,-0.854,0.888
120.710,-0.029,-0.248,-0.837,0.873
120.720,-0.036,-0.258,-0.811,0.852
120.730,-0.056,-0.272,-0.789,0.837
120.740,-0.073,-0.291,-0.774,0.830
120.750,-0.080,-0.303,-0.758,0.820
120.760,-0.079,-0.304,-0.738,0.802
120.770,-0.074,-0.306,-0.709,0.776
120.780,-0.072,-0.314,-0.680,0.752
120.789,-0.086,-0.329,-0.672,0.754
120.800,-0.100,-0.341,-0.696,0.782
120.809,-0.098,-0.342,-0.765,0.844
120.819,-0.090,-0.332,-0.870,0.936
120.829,-0.095,-0.326,-0.946,1.005
120.839,-0.111,-0.344,-0.971,1.037
120.850,-0.131,-0.383,-0.966,1.048
120.859,-0.149,-0.438,-0.940,1.047
120.869,-0.146,-0.464,-0.909,1.031
120.879,-0.128,-0.476,-0.914,1.038
120.889,-0.100,-0.481,-0.969,1.087
120.899,-0.068,-0.453,-1.045,1.141
120.909,-0.021,-0.432,-1.097,1.179
120.919,0.018,-0.443,-1.127,1.210
120.929,0.031,-0.451,-1.121,1.209
120.939,0.008,-0.443,-1.109,1.194
120.949,-0.032,-0.428,-1.177,1.253
120.959,-0.081,-0.374,-1.279,1.335
120.969,-0.113,-0.298,-1.335,1.373
120.979,-0.094,-0.251,-1.344,1.370
120.989,-0.048,-0.226,-1.310,1.330
120.999,-0.004,-0.213,-1.247,1.265
121.009,0.015,-0.221,-1.162,1.183
121.019,-0.014,-0.238,-1.062,1.089
121.029,-0.062,-0.264,-0.965,1.003
121.039,-0.090,-0.288,-0.910,0.958
121.049,-0.108,-0.294,-0.884,0.938
121.059,-0.082,-0.280,-0.888,0.935
121.069,-0.030,-0.243,-0.915,0.948
121.079,0.016,-0.197,-0.954,0.974
121.089,0.049,-0.171,-0.988,1.003
121.099,0.036,-0.176,-0.991,1.007
121.109,-0.032,-0.213,-0.952,0.976
121.119,-0.108,-0.259,-0.894,0.937
121.129,-0.154,-0.295,-0.855,0.917
121.139,-0.189,-0.307,-0.838,0.912
121.149,-0.201,-0.298,-0.850,0.923
121.159,-0.189,-0.302,-0.887,0.955
121.169,-0.155,-0.302,-0.923,0.984
121.178,-0.120,-0.279,-0.956,1.003
121.188,-0.116,-0.240,-0.971,1.007
121.198,-0.127,-0.221,-0.955,0.989
121.208,-0.131,-0.231,-0.913,0.951
121.218,-0.141,-0.248,-0.864,0.910
121.228,-0.150,-0.256,-0.823,0.875
121.238,-0.147,-0.260,-0.785,0.840
121.248,-0.131,-0.254,-0.750,0.803
121.258,-0.104,-0.244,-0.726,0.773
121.268,-0.071,-0.240,-0.716,0.759
121.278,-0.050,-0.239,-0.730,0.770
121.288,-0.042,-0.241,-0.769,0.807
121.298,-0.037,-0.245,-0.829,0.865
121.308,-0.031,-0.234,-0.892,0.923
121.318,-0.025,-0.222,-0.941,0.967
121.328,-0.024,-0.218,-0.957,0.982
121.338,-0.026,-0.227,-0.945,0.972
121.348,-0.028,-0.236,-0.910,0.941
121.358,-0.024,-0.249,-0.862,0.898
121.368,-0.025,-0.269,-0.810,0.854
121.378,-0.023,-0.292,-0.780,0.833
121.388,-0.023,-0.304,-0.777,0.835
121.398,-0.036,-0.307,-0.814,0.870
121.408,-0.049,-0.313,-0.884,0.939
121.418,-0.052,-0.310,-0.937,0.988
121.428,-0.051,-0.292,-0.942,0.988
121.438,-0.047,-0.272,-0.906,0.947
121.448,-0.041,-0.261,-0.851,0.891
121.458,-0.052,-0.254,-0.799,0.841
121.468,-0.088,-0.270,-0.790,0.840
121.477,-0.124,-0.301,-0.865,0.924
121.488,-0.148,-0.303,-1.006,1.061
121.497,-0.158,-0.254,-1.154,1.193
121.508,-0.152,-0.211,-1.298,1.323
121.517,-0.141,-0.182,-1.416,1.435
121.527,-0.128,-0.159,-1.447,1.461
121.537,-0.109,-0.166,-1.365,1.379
121.547,-0.116,-0.212,-1.233,1.256
121.557,-0.211,-0.313,-1.145,1.206
121.567,-0.066,-0.292,-0.975,1.020
121.577,-0.064,-0.320,-0.951,1.006
121.587,-0.061,-0.319,-1.021,1.072
121.597,-0.028,-0.296,-1.139,1.177
121.607,-0.002,-0.276,-1.270,1.299
121.617,0.029,-0.248,-1.357,1.380
121.627,0.054,-0.231,-1.391,1.411
121.637,0.074,-0.221,-1.363,1.383
121.647,0.090,-0.242,-1.265,1.291
121.657,0.085,-0.266,-1.144,1.178
121.667,0.068,-0.294,-1.040,1.083
121.677,0.064,-0.315,-0.968,1.020
121.687,0.072,-0.323,-0.929,0.986
121.697,0.081,-0.313,-0.922,0.977
121.707,0.096,-0.293,-0.946,0.995
121.717,0.113,-0.266,-0.977,1.019
121.727,0.130,-0.235,-0.989,1.025
121.737,0.149,-0.210,-0.977,1.010
121.747,0.155,-0.188,-0.956,0.987
121.757,0.151,-0.177,-0.942,0.971
121.767,0.137,-0.174,-0.937,0.962
121.777,0.119,-0.172,-0.937,0.961
121.787,0.096,-0.179,-0.938,0.959
121.797,0.073,-0.186,-0.930,0.952
121.807,0.066,-0.190,-0.924,0.946
121.817,0.065,-0.193,-0.920,0.942
121.826,0.062,-0.191,-0.919,0.941
121.837,0.065,-0.192,-0.920,0.942
121.846,0.080,-0.190,-0.907,0.930
121.857,0.093,-0.181,-0.878,0.901
121.866,0.099,-0.181,-0.848,0.873
121.876,0.115,-0.189,-0.844,0.873
121.886,0.123,-0.183,-0.864,0.892
121.896,0.126,-0.172,-0.886,0.911
121.906,0.133,-0.168,-0.909,0.934
121.916,0.140,-0.172,-0.928,0.954
121.926,0.132,-0.176,-0.944,0.969
121.936,0.124,-0.172,-0.939,0.963
121.946,0.116,-0.168,-0.903,0.926
121.956,0.105,-0.165,-0.854,0.876
121.966,0.091,-0.161,-0.825,0.846
121.976,0.087,-0.159,-0.838,0.857
121.986,0.077,-0.165,-0.869,0.888
121.996,0.069,-0.151,-0.883,0.899
122.006,0.059,-0.128,-0.874,0.885
122.016,0.059,-0.129,-0.833,0.845
122.026,0.070,-0.147,-0.796,0.813
122.036,0.077,-0.180,-0.790,0.814
122.046,0.073,-0.186,-0.795,0.819
122.056,0.065,-0.184,-0.809,0.832
122.066,0.060,-0.185,-0.832,0.855
122.076,0.058,-0.187,-0.847,0.869
122.086,0.063,-0.193,-0.840,0.864
122.096,0.067,-0.203,-0.816,0.843
122.106,0.082,-0.207,-0.792,0.823
122.116,0.100,-0.200,-0.788,0.819
122.125,0.118,-0.182,-0.813,0.841
122.136,0.134,-0.156,-0.851,0.875
122.146,0.148,-0.132,-0.884,0.906
122.155,0.155,-0.121,-0.900,0.921
122.165,0.158,-0.123,-0.899,0.921
122.175,0.153,-0.122,-0.898,0.919
122.185,0.137,-0.124,-0.893,0.912
122.195,0.096,-0.130,-0.874,0.889
122.205,0.067,-0.146,-0.827,0.842
122.215,0.053,-0.164,-0.767,0.786
122.225,0.046,-0.174,-0.722,0.744
122.235,0.036,-0.178,-0.709,0.732
122.245,0.028,-0.181,-0.728,0.751
122.255,0.025,-0.186,-0.771,0.793
122.265,0.032,-0.182,-0.817,0.838
122.275,0.045,-0.163,-0.858,0.875
122.285,0.056,-0.142,-0.887,0.900
122.295,0.061,-0.137,-0.915,0.928
122.305,0.046,-0.164,-0.945,0.961
122.315,0.015,-0.215,-0.966,0.989
122.325,-0.026,-0.240,-0.938,0.968
122.335,-0.079,-0.262,-0.843,0.887
122.345,-0.174,-0.271,-0.732,0.799
122.355,-0.281,-0.308,-0.699,0.814
122.365,-0.282,-0.369,-0.859,0.977
122.375,-0.240,-0.324,-1.234,1.299
122.385,-0.222,-0.127,-1.709,1.728
122.395,-0.198,0.091,-2.089,2.100
122.405,-0.133,0.268,-2.222,2.242
122.415,-0.105,0.333,-2.092,2.121
122.425,-0.155,0.244,-1.829,1.852
122.435,-0.260,0.117,-1.656,1.680
122.445,-0.362,0.051,-1.658,1.698
122.455,-0.425,0.039,-1.747,1.799
122.465,-0.404,0.065,-1.813,1.859
122.475,-0.325,0.111,-1.787,1.819
122.485,-0.221,0.136,-1.672,1.692
122.494,-0.122,0.134,-1.510,1.521
122.504,-0.068,0.116,-1.329,1.336
122.514,-0.058,0.080,-1.151,1.155
122.524,-0.072,0.015,-1.008,1.010
122.534,-0.085,-0.036,-0.907,0.911
122.544,-0.097,-0.071,-0.837,0.846
122.554,-0.104,-0.106,-0.780,0.794
122.564,-0.089,-0.126,-0.718,0.735
122.574,-0.059,-0.118,-0.649,0.663
122.584,-0.024,-0.113,-0.580,0.591
122.594,0.015,-0.109,-0.518,0.530
122.604,0.039,-0.118,-0.464,0.480
122.614,0.050,-0.132,-0.413,0.437
122.624,0.042,-0.150,-0.381,0.412
122.634,0.027,-0.168,-0.369,0.407
122.644,0.034,-0.186,-0.376,0.421
122.654,0.043,-0.188,-0.388,0.433
122.664,0.048,-0.174,-0.399,0.438
122.674,0.086,-0.157,-0.411,0.448
122.684,0.120,-0.147,-0.423,0.463
122.694,0.134,-0.143,-0.430,0.473
122.704,0.150,-0.139,-0.439,0.484
122.714,0.164,-0.132,-0.445,0.492
122.724,0.148,-0.136,-0.452,0.494
122.734,0.088,-0.157,-0.469,0.502
122.744,0.021,-0.188,-0.492,0.527
122.754,-0.040,-0.220,-0.534,0.579
122.764,-0.065,-0.241,-0.623,0.671
122.774,-0.067,-0.219,-0.764,0.798
122.784,-0.067,-0.161,-0.911,0.928
122.794,-0.074,-0.117,-1.039,1.048
122.804,-0.082,-0.096,-1.127,1.134
122.814,-0.073,-0.073,-1.140,1.145
122.823,-0.055,-0.060,-1.072,1.075
122.833,-0.064,-0.079,-0.975,0.981
122.844,-0.093,-0.116,-0.923,0.934
122.853,-0.101,-0.131,-0.982,0.996
122.863,-0.103,-0.098,-1.157,1.166
122.873,-0.108,-0.040,-1.359,1.364
122.883,-0.111,-0.004,-1.518,1.522
122.893,-0.111,0.033,-1.613,1.617
122.903,-0.142,0.088,-1.607,1.616
122.913,-0.167,0.111,-1.555,1.568
122.923,-0.169,0.058,-1.606,1.616
122.933,-0.186,0.044,-1.827,1.837
122.943,-0.183,0.108,-2.152,2.163
122.953,-0.160,0.183,-2.414,2.426
122.963,-0.104,0.249,-2.458,2.473
122.973,-0.046,0.283,-2.277,2.295
122.983,-0.012,0.249,-2.003,2.019
122.993,-0.023,0.137,-1.775,1.781
123.003,-0.056,0.043,-1.652,1.654
123.013,-0.086,0.028,-1.605,1.607
123.023,-0.058,0.001,-1.593,1.595
123.033,-0.002,-0.021,-1.549,1.549
123.043,0.047,-0.031,-1.447,1.448
123.053,0.086,-0.051,-1.314,1.318
123.063,0.095,-0.067,-1.174,1.180
123.073,0.078,-0.106,-1.055,1.063
123.083,0.074,-0.175,-0.984,1.002
123.093,0.069,-0.203,-0.985,1.008
123.103,0.072,-0.194,-1.024,1.044
123.113,0.104,-0.184,-1.028,1.049
123.123,0.120,-0.171,-0.980,1.002
123.133,0.132,-0.165,-0.891,0.915
123.143,0.142,-0.172,-0.781,0.812
123.153,0.145,-0.186,-0.686,0.725
123.163,0.137,-0.204,-0.612,0.660
123.172,0.115,-0.214,-0.555,0.606
123.182,0.087,-0.224,-0.516,0.569
123.192,0.067,-0.232,-0.496,0.551
123.202,0.050,-0.228,-0.494,0.546
123.213,0.039,-0.210,-0.486,0.531
123.222,0.051,-0.186,-0.453,0.492
123.232,0.069,-0.162,-0.395,0.433
123.242,0.075,-0.141,-0.328,0.365
123.252,0.073,-0.135,-0.255,0.297
123.262,0.071,-0.132,-0.188,0.241
123.272,0.063,-0.129,-0.125,0.190
123.282,0.047,-0.133,-0.084,0.164
123.292,0.033,-0.128,-0.056,0.143
123.302,0.024,-0.116,-0.045,0.127
123.312,0.018,-0.114,-0.053,0.127
123.322,0.012,-0.122,-0.061,0.137
123.332,0.012,-0.134,-0.092,0.164
123.342,-0.048,-0.136,-0.163,0.218
123.352,-0.056,-0.123,-0.159,0.209
123.362,-0.048,-0.129,-0.150,0.203
123.372,-0.064,-0.123,-0.168,0.218
123.382,-0.096,-0.120,-0.193,0.247
123.392,-0.129,-0.119,-0.227,0.287
123.402,-0.150,-0.113,-0.294,0.349
123.412,-0.134,-0.111,-0.381,0.419
123.422,-0.118,-0.104,-0.446,0.473
123.432,-0.111,-0.102,-0.451,0.475
123.442,-0.081,-0.120,-0.432,0.455
123.451,-0.057,-0.145,-0.431,0.458
123.462,-0.036,-0.166,-0.453,0.484
123.472,0.003,-0.250,-0.511,0.569
123.481,-0.064,-0.351,-0.560,0.664
123.491,-0.160,-0.443,-0.611,0.772
123.502,-0.190,-0.553,-0.775,0.971
123.512,-0.257,-0.533,-1.036,1.193
123.522,-0.308,-0.360,-1.309,1.392
123.531,-0.233,-0.183,-1.508,1.537
123.541,-0.129,-0.036,-1.573,1.579
123.551,-0.106,0.039,-1.516,1.521
123.561,-0.150,-0.034,-1.374,1.383
123.571,-0.177,-0.168,-1.222,1.246
123.581,-0.207,-0.242,-1.148,1.192
123.591,-0.181,-0.265,-1.237,1.278
123.601,-0.032,-0.205,-1.475,1.489
123.611,0.150,-0.041,-1.734,1.741
123.621,0.281,0.104,-1.834,1.858
123.631,0.349,0.158,-1.766,1.807
123.641,0.361,0.110,-1.612,1.656
123.651,0.314,-0.016,-1.515,1.547
123.661,0.188,-0.105,-1.563,1.578
123.671,0.059,-0.128,-1.641,1.647
123.681,0.019,-0.122,-1.687,1.691
123.691,0.088,-0.109,-1.743,1.749
123.701,0.185,-0.067,-1.811,1.821
123.711,0.244,-0.001,-1.898,1.914
123.721,0.264,0.047,-1.981,1.999
123.731,0.243,0.048,-2.034,2.049
123.741,0.179,0.033,-2.020,2.028
123.751,0.081,0.034,-1.945,1.947
123.761,0.035,-0.021,-1.887,1.887
123.771,0.030,-0.070,-1.803,1.804
123.781,-0.029,-0.038,-1.750,1.750
123.791,-0.019,-0.026,-1.776,1.776
123.801,-0.023,-0.005,-1.833,1.833
123.811,-0.046,0.056,-1.869,1.871
123.821,-0.035,0.081,-1.802,1.804
123.831,-0.036,0.089,-1.648,1.651
123.841,-0.024,0.072,-1.458,1.460
123.850,0.010,0.042,-1.264,1.264
123.860,0.041,0.012,-1.125,1.126
123.870,0.083,-0.001,-1.060,1.063
123.880,0.132,-0.000,-1.047,1.055
123.890,0.168,0.001,-1.035,1.048
123.901,0.180,-0.006,-0.999,1.015
123.910,0.178,-0.022,-0.946,0.962
123.920,0.171,-0.047,-0.864,0.882
123.930,0.158,-0.088,-0.781,0.802
123.940,0.160,-0.125,-0.729,0.756
123.950,0.157,-0.146,-0.717,0.748
123.960,0.142,-0.154,-0.740,0.769
123.970,0.139,-0.152,-0.769,0.796
123.980,0.154,-0.161,-0.763,0.795
123.990,0.165,-0.170,-0.714,0.752
124.000,0.172,-0.162,-0.642,0.684
124.010,0.169,-0.166,-0.576,0.623
124.020,0.132,-0.177,-0.519,0.564
124.030,0.072,-0.183,-0.449,0.491
124.040,0.025,-0.205,-0.363,0.418
124.050,0.010,-0.219,-0.271,0.348
124.060,0.016,-0.190,-0.198,0.275
124.070,0.043,-0.151,-0.164,0.227
124.080,0.066,-0.124,-0.173,0.222
124.090,0.067,-0.095,-0.183,0.217
124.100,0.056,-0.069,-0.180,0.200
124.110,0.039,-0.068,-0.148,0.168
124.120,0.011,-0.080,-0.102,0.129
124.130,-0.011,-0.086,-0.047,0.099
124.140,-0.031,-0.091,0.014,0.097
124.150,-0.046,-0.078,0.068,0.113
124.159,-0.057,-0.068,0.095,0.130
124.170,-0.081,-0.063,0.085,0.133
124.179,-0.096,-0.054,0.038,0.117
124.190,-0.114,-0.045,-0.046,0.131
124.200,-0.095,-0.052,-0.147,0.182
124.209,-0.047,-0.063,-0.261,0.272
124.220,0.005,-0.056,-0.312,0.317
124.229,0.055,-0.085,-0.262,0.281
124.239,0.101,-0.167,-0.184,0.268
124.249,0.072,-0.270,-0.171,0.327
124.259,0.019,-0.403,-0.254,0.477
124.269,0.023,-0.535,-0.405,0.671
124.279,-0.006,-0.621,-0.524,0.812
124.289,-0.077,-0.673,-0.593,0.901
124.299,-0.130,-0.671,-0.679,0.964
124.309,-0.163,-0.583,-0.758,0.970
124.319,-0.119,-0.484,-0.821,0.960
124.329,-0.012,-0.375,-0.925,0.999
124.339,0.093,-0.270,-1.064,1.101
124.349,0.138,-0.185,-1.193,1.216
124.359,0.162,-0.136,-1.321,1.338
124.369,0.111,-0.122,-1.432,1.442
124.379,0.114,-0.175,-1.606,1.620
124.389,0.164,-0.120,-1.925,1.936
124.399,0.228,0.066,-2.229,2.242
124.409,0.383,0.044,-2.392,2.423
124.419,0.346,0.072,-2.485,2.510
124.429,0.271,0.140,-2.489,2.508
124.439,0.238,0.018,-2.296,2.308
124.449,0.100,-0.182,-1.942,1.953
124.459,-0.078,-0.185,-1.652,1.664
124.469,-0.108,-0.260,-1.602,1.626
124.479,-0.106,-0.255,-1.669,1.692
124.489,-0.094,-0.136,-1.736,1.744
124.498,-0.016,-0.057,-1.774,1.775
124.509,0.054,-0.005,-1.787,1.788
124.518,0.087,0.036,-1.816,1.818
124.528,0.094,0.063,-1.861,1.864
124.539,0.099,0.085,-1.890,1.895
124.549,0.111,0.101,-1.903,1.909
124.558,0.145,0.115,-1.882,1.891
124.568,0.169,0.126,-1.796,1.809
124.578,0.163,0.160,-1.685,1.700
124.588,0.187,0.059,-1.553,1.565
124.598,0.155,-0.071,-1.365,1.375
124.608,0.062,0.078,-1.211,1.215
124.618,0.083,-0.020,-1.183,1.186
124.628,0.133,-0.046,-1.141,1.149
124.638,0.140,-0.011,-1.052,1.062
124.648,0.153,-0.010,-1.001,1.013
124.658,0.168,0.011,-0.978,0.993
124.668,0.161,0.008,-0.949,0.963
124.678,0.128,-0.003,-0.896,0.905
124.688,0.111,-0.022,-0.822,0.830
124.698,0.080,-0.051,-0.745,0.751
124.708,0.047,-0.076,-0.686,0.692
124.718,0.035,-0.098,-0.674,0.682
124.728,0.019,-0.103,-0.687,0.695
124.738,0.025,-0.095,-0.708,0.715
124.748,0.028,-0.090,-0.727,0.733
124.758,0.029,-0.085,-0.753,0.758
124.768,0.035,-0.075,-0.758,0.762
124.778,0.042,-0.069,-0.718,0.722
124.788,0.048,-0.069,-0.684,0.690
124.798,0.059,-0.076,-0.712,0.719
124.808,0.085,-0.069,-0.777,0.784
124.818,0.124,-0.043,-0.860,0.870
124.828,0.151,0.007,-0.942,0.954
124.838,0.165,0.055,-1.021,1.035
124.848,0.169,0.084,-1.060,1.077
124.857,0.153,0.094,-1.020,1.036
124.868,0.132,0.044,-0.909,0.919
124.878,0.106,-0.030,-0.776,0.784
124.887,0.025,-0.093,-0.662,0.669
124.897,-0.083,-0.192,-0.617,0.651
124.907,-0.187,-0.297,-0.692,0.776
124.917,-0.247,-0.319,-0.894,0.981
124.927,-0.199,-0.243,-1.112,1.156
124.937,-0.094,-0.168,-1.254,1.268
124.947,-0.029,-0.102,-1.318,1.322
124.957,0.019,-0.049,-1.364,1.365
124.967,0.033,-0.027,-1.388,1.389
124.977,0.007,-0.030,-1.378,1.379
124.987,-0.024,-0.043,-1.355,1.356
124.997,-0.077,-0.057,-1.327,1.330
125.007,-0.151,-0.065,-1.250,1.261
125.017,-0.181,-0.070,-1.109,1.125
125.027,-0.177,-0.078,-0.970,0.989
125.037,-0.165,-0.079,-0.913,0.931
125.047,-0.161,-0.060,-0.934,0.949
125.057,-0.163,-0.035,-0.983,0.997
125.067,-0.142,-0.015,-1.003,1.013
125.077,-0.099,0.004,-0.985,0.990
125.087,-0.069,0.006,-0.952,0.955
125.097,-0.046,-0.002,-0.900,0.902
125.107,-0.030,-0.018,-0.843,0.844
125.117,-0.039,-0.058,-0.798,0.801
125.127,-0.059,-0.094,-0.774,0.782
125.137,-0.065,-0.112,-0.759,0.770
125.147,-0.052,-0.118,-0.759,0.769
125.157,-0.027,-0.106,-0.781,0.789
125.167,0.004,-0.088,-0.809,0.814
125.177,0.041,-0.083,-0.831,0.836
125.187,0.042,-0.087,-0.855,0.860
125.196,0.028,-0.104,-0.876,0.883
125.207,0.021,-0.124,-0.880,0.888
125.217,0.002,-0.151,-0.858,0.872
125.227,-0.014,-0.188,-0.850,0.871
125.236,-0.022,-0.225,-0.843,0.872
125.246,-0.044,-0.268,-0.776,0.822
125.256,-0.042,-0.332,-0.649,0.730
125.266,-0.035,-0.410,-0.513,0.657
125.276,-0.071,-0.483,-0.437,0.655
125.286,-0.148,-0.535,-0.473,0.730
125.296,-0.189,-0.521,-0.709,0.900
125.306,-0.175,-0.401,-1.148,1.228
125.316,-0.173,-0.193,-1.704,1.724
125.326,-0.132,0.006,-2.101,2.105
125.336,-0.041,0.124,-2.145,2.149
125.346,0.050,0.105,-1.930,1.933
125.356,0.054,0.007,-1.606,1.607
125.366,-0.025,-0.104,-1.286,1.291
125.376,-0.101,-0.195,-1.046,1.069
125.386,-0.145,-0.254,-0.853,0.901
125.396,-0.139,-0.294,-0.702,0.773
125.406,-0.078,-0.307,-0.603,0.681
125.416,0.014,-0.292,-0.548,0.621
125.426,0.089,-0.273,-0.540,0.612
125.436,0.133,-0.270,-0.581,0.655
125.446,0.149,-0.281,-0.661,0.734
125.456,0.139,-0.294,-0.757,0.824
125.466,0.103,-0.305,-0.861,0.919
125.476,0.057,-0.308,-0.933,0.984
125.486,0.014,-0.312,-0.958,1.008
125.496,-0.022,-0.312,-0.971,1.020
125.506,-0.056,-0.294,-1.001,1.045
125.516,-0.069,-0.263,-1.061,1.096
125.525,-0.063,-0.244,-1.155,1.182
125.536,-0.049,-0.229,-1.236,1.258
125.546,-0.026,-0.206,-1.262,1.279
125.555,-0.004,-0.196,-1.228,1.244
125.565,0.029,-0.211,-1.133,1.153
125.575,0.075,-0.233,-0.988,1.018
125.585,0.113,-0.261,-0.851,0.897
125.595,0.146,-0.291,-0.764,0.831
125.606,0.161,-0.308,-0.723,0.802
125.615,0.169,-0.309,-0.713,0.795
125.625,0.182,-0.303,-0.725,0.806
125.635,0.191,-0.295,-0.753,0.831
125.645,0.191,-0.286,-0.785,0.857
125.655,0.177,-0.275,-0.811,0.874
125.665,0.155,-0.267,-0.811,0.868
125.675,0.136,-0.267,-0.779,0.835
125.685,0.111,-0.271,-0.730,0.787
125.695,0.087,-0.270,-0.699,0.755
125.705,0.070,-0.257,-0.704,0.753
125.715,0.061,-0.243,-0.752,0.793
125.725,0.057,-0.236,-0.822,0.857
125.735,0.075,-0.228,-0.892,0.924
125.745,0.109,-0.209,-0.950,0.979
125.755,0.153,-0.180,-0.970,0.998
125.765,0.185,-0.172,-0.938,0.972
125.775,0.196,-0.197,-0.874,0.917
125.785,0.177,-0.229,-0.815,0.865
125.795,0.149,-0.260,-0.795,0.850
125.805,0.130,-0.280,-0.832,0.887
125.815,0.128,-0.284,-0.909,0.961
125.825,0.140,-0.268,-0.991,1.036
125.835,0.164,-0.239,-1.053,1.092
125.845,0.190,-0.206,-1.080,1.116
125.855,0.202,-0.185,-1.088,1.122
125.864,0.207,-0.181,-1.095,1.129
125.874,0.214,-0.181,-1.101,1.136
125.884,0.221,-0.174,-1.110,1.145
125.894,0.226,-0.173,-1.140,1.175
125.905,0.210,-0.172,-1.178,1.209
125.914,0.192,-0.173,-1.181,1.209
125.924,0.188,-0.180,-1.140,1.170
125.934,0.186,-0.189,-1.079,1.111
125.944,0.176,-0.201,-1.017,1.052
125.954,0.178,-0.211,-0.970,1.009
125.964,0.189,-0.210,-0.950,0.991
125.974,0.194,-0.200,-0.946,0.986
125.984,0.207,-0.194,-0.950,0.992
125.994,0.214,-0.200,-0.952,0.996
126.004,0.210,-0.207,-0.936,0.981
126.014,0.204,-0.216,-0.917,0.964
126.024,0.192,-0.230,-0.909,0.957
126.034,0.179,-0.233,-0.889,0.936
126.044,0.164,-0.237,-0.871,0.917
126.054,0.152,-0.256,-0.870,0.920
126.064,0.136,-0.274,-0.866,0.918
126.074,0.134,-0.283,-0.861,0.916
126.084,0.156,-0.282,-0.874,0.931
126.094,0.176,-0.270,-0.910,0.965
126.104,0.187,-0.260,-0.949,1.002
126.114,0.198,-0.261,-0.975,1.029
126.124,0.208,-0.265,-0.979,1.035
126.134,0.211,-0.268,-0.972,1.030
126.144,0.212,-0.281,-0.952,1.015
126.154,0.203,-0.302,-0.919,0.988
126.164,0.202,-0.318,-0.894,0.970
126.174,0.206,-0.319,-0.888,0.965
126.184,0.212,-0.305,-0.890,0.965
126.194,0.223,-0.292,-0.901,0.973
126.204,0.242,-0.275,-0.930,1.000
126.214,0.257,-0.251,-0.983,1.046
126.224,0.270,-0.221,-1.040,1.097
126.233,0.289,-0.195,-1.076,1.131
126.243,0.305,-0.177,-1.075,1.131
126.253,0.317,-0.173,-1.040,1.101
126.263,0.328,-0.176,-0.984,1.052
126.273,0.332,-0.185,-0.919,0.995
126.283,0.328,-0.199,-0.860,0.942
126.293,0.330,-0.212,-0.820,0.909
126.303,0.330,-0.212,-0.808,0.898
126.313,0.328,-0.205,-0.837,0.921
126.323,0.327,-0.190,-0.874,0.953
126.333,0.324,-0.163,-0.902,0.972
126.343,0.318,-0.137,-0.937,0.999
126.353,0.304,-0.116,-0.997,1.048
126.363,0.267,-0.102,-1.070,1.107
126.373,0.215,-0.110,-1.131,1.157
126.383,0.165,-0.128,-1.182,1.200
126.393,0.121,-0.133,-1.234,1.247
126.403,0.078,-0.118,-1.257,1.265
126.413,0.042,-0.109,-1.233,1.239
126.423,0.018,-0.118,-1.188,1.194
126.433,-0.014,-0.132,-1.139,1.147
126.443,-0.050,-0.143,-1.102,1.113
126.453,-0.069,-0.146,-1.096,1.108
126.463,-0.082,-0.132,-1.117,1.127
126.473,-0.091,-0.115,-1.171,1.180
126.483,-0.096,-0.100,-1.225,1.233
126.493,-0.087,-0.075,-1.244,1.249
126.503,-0.063,-0.052,-1.227,1.230
126.513,-0.046,-0.039,-1.182,1.184
126.523,-0.048,-0.041,-1.115,1.117
126.533,-0.062,-0.053,-1.044,1.047
126.542,-0.075,-0.076,-0.966,0.972
126.552,-0.088,-0.099,-0.899,0.909
126.562,-0.086,-0.115,-0.846,0.859
126.572,-0.079,-0.114,-0.808,0.820
126.582,-0.070,-0.107,-0.772,0.782
126.592,-0.063,-0.112,-0.737,0.748
126.602,-0.066,-0.122,-0.707,0.720
126.612,-0.077,-0.132,-0.680,0.697
126.622,-0.090,-0.150,-0.666,0.689
126.632,-0.103,-0.166,-0.663,0.691
126.642,-0.093,-0.176,-0.667,0.697
126.652,-0.078,-0.170,-0.673,0.699
126.662,-0.059,-0.160,-0.674,0.695
126.672,-0.045,-0.156,-0.685,0.704
126.682,-0.032,-0.152,-0.717,0.734
126.692,-0.021,-0.141,-0.773,0.787
126.702,-0.015,-0.132,-0.839,0.849
126.712,-0.009,-0.125,-0.891,0.900
126.722,0.002,-0.120,-0.944,0.952
126.732,0.016,-0.116,-1.002,1.009
126.742,0.024,-0.107,-1.054,1.060
126.752,0.026,-0.099,-1.086,1.091
126.762,0.038,-0.102,-1.095,1.100
126.772,0.057,-0.114,-1.089,1.097
126.782,0.073,-0.127,-1.087,1.097
126.792,0.079,-0.140,-1.108,1.119
126.802,0.085,-0.141,-1.129,1.141
126.812,0.096,-0.139,-1.139,1.151
126.822,0.110,-0.142,-1.144,1.158
126.832,0.116,-0.142,-1.142,1.157
126.842,0.118,-0.147,-1.146,1.161
126.852,0.120,-0.154,-1.149,1.166
126.862,0.122,-0.159,-1.143,1.161
126.872,0.112,-0.166,-1.130,1.147
126.882,0.098,-0.176,-1.117,1.135
126.892,0.085,-0.183,-1.108,1.126
126.902,0.072,-0.183,-1.106,1.123
126.911,0.063,-0.181,-1.108,1.124
126.921,0.065,-0.166,-1.106,1.120
126.931,0.082,-0.143,-1.097,1.110
126.941,0.102,-0.125,-1.089,1.100
126.951,0.113,-0.111,-1.084,1.095
126.961,0.121,-0.100,-1.078,1.089
126.971,0.133,-0.091,-1.069,1.082
126.981,0.141,-0.076,-1.067,1.079
126.991,0.144,-0.064,-1.073,1.085
127.001,0.140,-0.055,-1.082,1.092
127.011,0.132,-0.047,-1.083,1.092
127.021,0.118,-0.040,-1.068,1.075
127.031,0.101,-0.037,-1.040,1.045
127.041,0.099,-0.036,-1.013,1.019
127.051,0.109,-0.031,-0.998,1.004
127.061,0.122,-0.024,-0.996,1.004
127.071,0.140,-0.013,-1.005,1.015
127.081,0.157,0.003,-1.017,1.029
127.091,0.168,0.018,-1.026,1.040
127.101,0.173,0.024,-1.026,1.041
127.111,0.170,0.020,-1.008,1.022
127.121,0.159,0.018,-0.984,0.997
127.131,0.143,0.005,-0.963,0.974
127.141,0.113,-0.015,-0.951,0.958
127.151,0.063,-0.027,-0.935,0.937
127.161,0.007,-0.039,-0.921,0.922
127.171,-0.066,-0.014,-0.923,0.926
127.181,-0.084,-0.029,-0.943,0.947
127.191,-0.072,-0.059,-0.955,0.959
127.201,-0.126,-0.015,-0.957,0.966
127.211,-0.187,0.043,-0.977,0.996
127.220,-0.201,0.058,-1.003,1.025
127.230,-0.202,0.050,-1.046,1.066
127.240,-0.219,0.053,-1.067,1.090
127.250,-0.246,0.051,-1.046,1.076
127.261,-0.250,0.053,-1.049,1.080
127.270,-0.152,0.104,-1.102,1.118
127.280,-0.141,0.175,-1.106,1.128
127.290,-0.176,0.111,-1.066,1.087
127.300,-0.145,0.035,-1.023,1.033
127.310,-0.196,-0.006,-0.980,1.000
127.320,-0.239,-0.044,-0.957,0.988
127.330,-0.219,-0.081,-0.943,0.972
127.340,-0.197,-0.093,-0.939,0.964
127.350,-0.146,-0.100,-0.937,0.954
127.360,-0.078,-0.090,-0.916,0.924
127.370,-0.019,-0.035,-0.938,0.939
127.380,0.053,-0.011,-0.905,0.906
127.390,0.060,0.008,-0.895,0.897
127.400,0.003,0.005,-0.888,0.888
127.410,-0.038,-0.009,-0.879,0.880
127.420,-0.053,-0.043,-0.859,0.862
127.430,-0.033,-0.100,-0.847,0.854
127.440,-0.021,-0.132,-0.819,0.830
127.450,-0.025,-0.117,-0.827,0.835
127.460,-0.040,-0.086,-0.827,0.832
127.470,-0.058,-0.051,-0.821,0.825
127.480,-0.065,-0.019,-0.849,0.851
127.490,-0.063,-0.011,-0.886,0.888
127.500,-0.088,-0.031,-0.893,0.897
127.510,-0.123,-0.034,-0.886,0.895
127.520,-0.095,-0.055,-0.899,0.905
127.530,-0.105,-0.080,-0.908,0.917
127.540,-0.078,-0.083,-0.931,0.938
127.550,0.020,-0.059,-0.934,0.936
127.560,0.063,-0.021,-0.849,0.851
127.569,0.029,0.044,-0.884,0.886
127.579,-0.137,0.094,-1.155,1.167
127.590,-0.607,-0.177,-1.474,1.604
127.600,-1.017,-0.625,-1.205,1.696
127.610,-0.489,-0.237,-0.948,1.093
127.619,-0.001,0.024,-0.863,0.863
127.629,0.210,-0.017,-0.695,0.726
127.639,0.203,-0.036,-0.655,0.686
127.649,0.139,0.142,-0.877,0.899
127.659,0.048,0.327,-0.906,0.965
127.669,-0.041,0.586,-1.195,1.331
127.679,-0.087,0.797,-1.471,1.675
127.689,0.023,0.904,-1.600,1.838
127.699,0.117,0.734,-1.721,1.874
127.709,0.006,0.459,-1.788,1.846
127.719,-0.118,0.281,-1.690,1.717
127.729,-0.250,0.248,-1.547,1.587
127.739,-0.264,0.278,-1.308,1.363
127.749,-0.266,0.279,-1.022,1.092
127.759,-0.316,0.229,-0.826,0.913
127.769,-0.321,0.186,-0.727,0.816
127.779,-0.324,0.148,-0.663,0.753
127.789,-0.344,0.106,-0.633,0.728
127.799,-0.319,0.121,-0.613,0.702
127.809,-0.288,0.141,-0.618,0.696
127.819,-0.278,0.123,-0.656,0.723
127.829,-0.259,0.109,-0.688,0.743
127.839,-0.228,0.103,-0.746,0.787
127.849,-0.163,0.086,-0.823,0.843
127.859,-0.104,0.070,-0.854,0.863
127.869,-0.028,-0.001,-0.721,0.722
127.879,-0.006,-0.029,-0.824,0.825
127.889,0.060,0.092,-1.076,1.082
127.898,0.024,0.249,-1.207,1.233
127.908,-0.015,0.200,-0.947,0.968
127.918,0.045,0.062,-0.958,0.961
127.928,-0.011,0.022,-1.059,1.059
127.938,0.052,0.071,-0.952,0.956
127.948,0.064,0.058,-0.925,0.929
127.958,0.043,0.011,-0.965,0.966
127.968,0.075,-0.004,-0.903,0.906
127.978,0.076,-0.036,-0.842,0.847
127.988,0.057,-0.061,-0.801,0.805
127.998,0.046,-0.075,-0.765,0.770
128.008,0.035,-0.089,-0.747,0.753
128.018,0.027,-0.102,-0.743,0.750
128.028,0.021,-0.112,-0.752,0.761
128.038,0.023,-0.117,-0.767,0.776
128.048,0.039,-0.113,-0.781,0.790
128.058,0.062,-0.111,-0.797,0.807
128.068,0.075,-0.115,-0.825,0.837
128.078,0.068,-0.123,-0.849,0.860
128.088,0.059,-0.121,-0.862,0.872
128.098,0.058,-0.118,-0.873,0.883
128.108,0.051,-0.107,-0.866,0.874
128.118,0.037,-0.092,-0.852,0.858
128.128,0.030,-0.082,-0.846,0.851
128.138,0.025,-0.064,-0.845,0.848
128.148,0.018,-0.038,-0.855,0.856
128.158,0.012,-0.021,-0.869,0.870
128.168,0.008,-0.002,-0.890,0.890
128.178,0.019,0.019,-0.932,0.932
128.188,0.045,0.025,-0.980,0.981
128.198,0.067,0.020,-1.008,1.011
128.208,0.092,0.014,-1.023,1.027
128.218,0.114,0.002,-1.039,1.045
128.228,0.136,-0.000,-1.054,1.063
128.237,0.180,0.001,-1.074,1.089
128.247,0.228,-0.011,-1.102,1.126
128.257,0.266,-0.028,-1.134,1.165
128.267,0.289,-0.056,-1.150,1.187
128.277,0.302,-0.078,-1.144,1.186
128.287,0.308,-0.075,-1.126,1.170
128.297,0.311,-0.055,-1.091,1.136
128.307,0.308,-0.043,-1.044,1.090
128.317,0.313,-0.053,-0.995,1.044
128.327,0.330,-0.071,-0.963,1.021
128.337,0.366,-0.096,-0.965,1.036
128.347,0.394,-0.121,-0.982,1.065
128.357,0.405,-0.136,-1.005,1.092
128.367,0.445,-0.185,-1.019,1.128
128.377,0.531,-0.177,-1.046,1.186
128.387,0.588,-0.135,-1.086,1.242
128.397,0.587,-0.123,-1.095,1.249
128.407,0.593,-0.110,-1.097,1.251
128.417,0.615,-0.093,-1.098,1.262
128.427,0.619,-0.085,-1.088,1.255
128.437,0.608,-0.071,-1.062,1.225
128.447,0.585,-0.053,-1.029,1.185
128.457,0.553,-0.041,-1.002,1.145
128.467,0.501,-0.030,-0.964,1.087
128.477,0.426,-0.012,-0.910,1.005
128.487,0.345,0.007,-0.855,0.922
128.497,0.278,0.025,-0.817,0.863
128.507,0.240,0.036,-0.810,0.845
128.517,0.220,0.037,-0.819,0.849
128.527,0.203,0.035,-0.839,0.864
128.537,0.199,0.040,-0.867,0.890
128.547,0.203,0.053,-0.897,0.921
128.556,0.209,0.065,-0.911,0.937
128.566,0.212,0.069,-0.916,0.943
128.576,0.216,0.069,-0.922,0.950
128.586,0.213,0.073,-0.924,0.951
128.596,0.216,0.078,-0.929,0.957
128.606,0.228,0.087,-0.929,0.961
128.616,0.242,0.096,-0.925,0.961
128.626,0.259,0.105,-0.924,0.966
128.636,0.290,0.109,-0.946,0.996
128.646,0.327,0.102,-0.965,1.024
128.656,0.352,0.090,-0.958,1.025
128.666,0.369,0.072,-0.941,1.013
128.676,0.385,0.055,-0.943,1.020
128.686,0.407,0.044,-0.965,1.049
128.696,0.411,0.039,-0.978,1.061
128.706,0.393,0.037,-0.974,1.051
128.716,0.375,0.027,-0.963,1.033
128.726,0.373,0.022,-0.957,1.027
128.736,0.370,0.033,-0.977,1.046
128.746,0.371,0.028,-1.012,1.078
128.756,0.372,0.023,-1.026,1.092
128.766,0.359,0.022,-1.018,1.080
128.776,0.337,0.018,-0.985,1.041
128.786,0.307,0.019,-0.954,1.002
128.796,0.280,0.026,-0.950,0.991
128.806,0.266,0.029,-0.954,0.991
128.816,0.266,0.027,-0.949,0.986
128.826,0.266,0.025,-0.939,0.976
128.836,0.270,0.022,-0.923,0.962
128.846,0.279,0.025,-0.908,0.951
128.856,0.281,0.023,-0.898,0.941
128.866,0.293,0.019,-0.905,0.951
128.876,0.301,0.020,-0.911,0.960
128.886,0.302,0.026,-0.917,0.966
128.896,0.306,0.030,-0.923,0.973
128.906,0.296,0.026,-0.920,0.967
128.915,0.273,0.032,-0.915,0.955
128.925,0.260,0.037,-0.916,0.953
128.935,0.254,0.045,-0.933,0.968
128.945,0.245,0.053,-0.953,0.986
128.955,0.232,0.055,-0.964,0.993
128.965,0.231,0.050,-0.969,0.998
128.975,0.235,0.045,-0.968,0.997
128.985,0.218,0.035,-0.974,0.998
128.995,0.205,0.031,-0.984,1.006
129.005,0.201,0.030,-0.999,1.019
129.015,0.198,0.031,-1.014,1.034
129.025,0.207,0.036,-1.025,1.047
129.035,0.216,0.039,-1.021,1.044
129.045,0.219,0.036,-1.009,1.033
129.055,0.234,0.030,-1.000,1.027
129.065,0.250,0.021,-0.993,1.024
129.075,0.263,0.020,-0.986,1.021
129.085,0.270,0.021,-0.975,1.011
129.095,0.272,0.017,-0.973,1.010
129.105,0.277,0.019,-0.982,1.021
129.115,0.295,0.020,-1.008,1.050
129.125,0.324,0.012,-1.049,1.098
129.135,0.344,0.007,-1.088,1.141
129.145,0.346,0.005,-1.118,1.170
129.155,0.355,0.001,-1.136,1.190
129.165,0.369,-0.003,-1.138,1.196
129.175,0.375,-0.006,-1.118,1.179
129.185,0.364,-0.010,-1.082,1.142
129.195,0.343,-0.017,-1.044,1.099
129.205,0.323,-0.028,-1.011,1.062
129.215,0.307,-0.033,-0.991,1.038
129.225,0.291,-0.038,-0.987,1.030
129.235,0.297,-0.049,-1.005,1.049
129.244,0.313,-0.063,-1.016,1.065
129.255,0.316,-0.065,-1.004,1.054
129.265,0.308,-0.064,-0.987,1.035
129.274,0.302,-0.068,-0.970,1.018
129.284,0.297,-0.075,-0.956,1.004
129.294,0.294,-0.081,-0.938,0.987
129.304,0.290,-0.086,-0.905,0.955
129.314,0.284,-0.098,-0.867,0.918
129.324,0.272,-0.112,-0.836,0.887
129.334,0.257,-0.126,-0.830,0.878
129.344,0.251,-0.136,-0.850,0.897
129.354,0.250,-0.138,-0.885,0.930
129.364,0.256,-0.129,-0.926,0.969
129.374,0.251,-0.131,-0.968,1.009
129.384,0.249,-0.135,-0.991,1.031
129.394,0.242,-0.134,-1.000,1.037
129.404,0.227,-0.144,-0.996,1.032
129.414,0.211,-0.163,-0.995,1.030
129.424,0.203,-0.173,-0.999,1.034
129.434,0.208,-0.178,-0.997,1.034
129.444,0.230,-0.183,-0.992,1.035
129.454,0.263,-0.176,-0.974,1.024
129.464,0.315,-0.150,-0.938,1.001
129.474,0.383,-0.123,-0.895,0.981
129.484,0.442,-0.106,-0.844,0.958
129.494,0.476,-0.095,-0.809,0.943
129.504,0.490,-0.087,-0.811,0.952
129.514,0.489,-0.072,-0.853,0.986
129.524,0.494,-0.053,-0.935,1.059
129.534,0.510,-0.020,-1.042,1.160
129.544,0.538,0.016,-1.144,1.264
129.554,0.568,0.043,-1.214,1.341
129.564,0.586,0.049,-1.237,1.370
129.574,0.573,0.047,-1.204,1.334
129.584,0.531,0.041,-1.138,1.256
129.594,0.474,0.044,-1.064,1.166
129.603,0.409,0.057,-0.989,1.072
129.613,0.344,0.067,-0.929,0.993
129.623,0.285,0.079,-0.877,0.926
129.633,0.235,0.096,-0.837,0.875
129.643,0.201,0.107,-0.825,0.856
129.653,0.189,0.121,-0.818,0.848
129.663,0.172,0.121,-0.817,0.844
129.673,0.148,0.100,-0.822,0.842
129.683,0.121,0.073,-0.838,0.850
129.693,0.100,0.048,-0.865,0.872
129.703,0.093,0.025,-0.897,0.902
129.713,0.098,0.012,-0.912,0.917
129.723,0.094,-0.010,-0.918,0.922
129.733,0.100,-0.031,-0.904,0.910
129.743,0.111,-0.049,-0.884,0.893
129.753,0.137,-0.071,-0.867,0.880
129.763,0.160,-0.093,-0.856,0.876
129.773,0.172,-0.105,-0.849,0.873
129.783,0.179,-0.117,-0.849,0.875
129.793,0.184,-0.131,-0.867,0.896
129.803,0.205,-0.139,-0.888,0.922
129.813,0.228,-0.152,-0.907,0.947
129.823,0.248,-0.162,-0.917,0.964
129.833,0.255,-0.169,-0.909,0.959
129.843,0.249,-0.179,-0.891,0.942
129.853,0.242,-0.191,-0.877,0.930
129.863,0.234,-0.200,-0.870,0.923
129.873,0.229,-0.209,-0.873,0.926
129.883,0.229,-0.218,-0.887,0.941
129.893,0.236,-0.223,-0.898,0.954
129.903,0.246,-0.224,-0.898,0.958
129.913,0.257,-0.226,-0.897,0.960
129.923,0.264,-0.228,-0.895,0.960
129.933,0.265,-0.227,-0.905,0.970
129.943,0.266,-0.229,-0.939,1.002
129.953,0.274,-0.222,-0.974,1.036
129.962,0.286,-0.206,-0.995,1.056
129.972,0.303,-0.186,-1.007,1.068
129.982,0.328,-0.168,-1.018,1.082
129.992,0.359,-0.160,-1.021,1.094
130.002,0.401,-0.158,-1.016,1.104
130.012,0.448,-0.150,-1.021,1.125
130.022,0.489,-0.129,-1.041,1.158
130.032,0.518,-0.110,-1.072,1.195
130.042,0.541,-0.094,-1.101,1.231
130.052,0.560,-0.077,-1.123,1.257
130.062,0.549,-0.064,-1.138,1.265
130.072,0.519,-0.057,-1.146,1.260
130.082,0.489,-0.056,-1.132,1.235
130.092,0.460,-0.050,-1.120,1.212
130.102,0.448,-0.032,-1.120,1.207
130.112,0.461,-0.044,-1.122,1.214
130.122,0.466,-0.085,-1.118,1.215
130.132,0.480,-0.121,-1.125,1.229
130.142,0.496,-0.128,-1.145,1.254
130.152,0.500,-0.088,-1.181,1.286
130.162,0.490,-0.044,-1.189,1.287
130.172,0.456,-0.031,-1.181,1.267
130.182,0.423,-0.032,-1.181,1.255
130.192,0.417,-0.033,-1.167,1.240
130.202,0.389,-0.039,-1.143,1.208
130.212,0.401,-0.022,-1.109,1.179
130.222,0.442,0.023,-1.043,1.133
130.232,0.448,0.050,-0.958,1.059
130.242,0.450,0.043,-0.880,0.990
130.252,0.470,0.014,-0.830,0.954
130.262,0.480,-0.023,-0.803,0.936
130.272,0.475,-0.059,-0.785,0.920
130.282,0.468,-0.075,-0.770,0.904
130.292,0.492,-0.074,-0.742,0.894
130.301,0.497,-0.093,-0.722,0.881
130.311,0.472,-0.126,-0.716,0.867
130.321,0.423,-0.161,-0.705,0.838
130.331,0.382,-0.184,-0.687,0.808
130.341,0.360,-0.189,-0.655,0.771
130.351,0.395,-0.160,-0.633,0.763
130.361,0.371,-0.151,-0.632,0.748
130.371,0.323,-0.162,-0.641,0.736
130.381,0.309,-0.180,-0.643,0.735
130.391,0.231,-0.221,-0.673,0.745
130.401,0.073,-0.300,-0.751,0.811
130.411,0.018,-0.360,-0.785,0.864
130.421,0.099,-0.294,-0.763,0.823
130.431,0.206,-0.201,-0.787,0.838
130.441,0.202,-0.233,-0.847,0.901
130.451,0.203,-0.264,-0.886,0.946
130.461,0.211,-0.264,-0.916,0.977
130.471,0.212,-0.271,-0.931,0.992
130.481,0.203,-0.294,-0.911,0.978
130.491,0.211,-0.328,-0.874,0.957
130.501,0.278,-0.359,-0.825,0.942
130.511,0.316,-0.410,-0.830,0.978
130.521,0.225,-0.441,-0.890,1.018
130.531,0.096,-0.317,-0.955,1.011
130.541,0.132,-0.328,-0.982,1.043
130.551,0.231,-0.369,-0.948,1.043
130.561,0.195,-0.426,-0.986,1.092
130.571,0.160,-0.480,-1.004,1.124
130.581,0.190,-0.467,-0.985,1.106
130.591,0.182,-0.439,-1.003,1.109
130.600,0.143,-0.420,-1.021,1.113
130.611,0.114,-0.401,-1.040,1.120
130.621,0.143,-0.383,-1.027,1.106
130.630,0.139,-0.382,-1.045,1.121
130.640,0.095,-0.344,-1.096,1.153
130.650,0.089,-0.310,-1.126,1.172
130.660,0.170,-0.240,-1.121,1.159
130.670,0.232,-0.254,-1.124,1.175
130.680,0.277,-0.284,-1.115,1.183
130.690,0.282,-0.344,-1.074,1.162
130.700,0.276,-0.381,-1.033,1.135
130.710,0.270,-0.373,-1.012,1.112
130.720,0.264,-0.357,-1.015,1.108
130.730,0.292,-0.312,-1.011,1.098
130.740,0.310,-0.292,-0.986,1.074
130.750,0.303,-0.304,-0.967,1.058
130.760,0.302,-0.320,-0.945,1.042
130.770,0.303,-0.328,-0.915,1.018
130.780,0.305,-0.329,-0.885,0.992
130.790,0.287,-0.350,-0.850,0.963
130.800,0.256,-0.376,-0.801,0.921
130.810,0.209,-0.399,-0.750,0.875
130.820,0.163,-0.408,-0.719,0.843
130.830,0.126,-0.412,-0.710,0.830
130.840,0.105,-0.407,-0.717,0.831
130.850,0.114,-0.384,-0.729,0.832
130.860,0.139,-0.342,-0.742,0.829
130.870,0.191,-0.323,-0.770,0.856
130.880,0.351,-0.220,-0.767,0.872
130.890,0.371,-0.203,-0.817,0.920
130.900,0.310,-0.243,-0.859,0.946
130.910,0.260,-0.278,-0.869,0.949
130.920,0.242,-0.307,-0.845,0.931
130.930,0.225,-0.334,-0.817,0.911
130.940,0.215,-0.343,-0.789,0.887
130.950,0.184,-0.353,-0.770,0.867
130.960,0.150,-0.356,-0.762,0.854
130.969,0.135,-0.367,-0.756,0.851
130.979,0.159,-0.373,-0.754,0.856
130.990,0.243,-0.291,-0.778,0.865
130.999,0.303,-0.217,-0.803,0.885
131.009,0.314,-0.232,-0.833,0.920
131.019,0.319,-0.277,-0.877,0.974
131.029,0.347,-0.281,-0.901,1.006
131.039,0.368,-0.270,-0.910,1.019
131.049,0.366,-0.263,-0.920,1.024
131.059,0.351,-0.261,-0.914,1.013
131.069,0.354,-0.260,-0.910,1.010
131.079,0.378,-0.261,-0.931,1.038
131.090,0.405,-0.269,-0.964,1.079
131.099,0.427,-0.277,-0.985,1.108
131.109,0.444,-0.280,-0.992,1.122
131.119,0.448,-0.293,-0.982,1.119
131.129,0.440,-0.310,-0.951,1.093
131.139,0.438,-0.321,-0.897,1.049
131.149,0.442,-0.327,-0.816,0.984
131.159,0.436,-0.335,-0.736,0.919
131.169,0.405,-0.369,-0.699,0.888
131.179,0.357,-0.396,-0.748,0.919
131.189,0.352,-0.364,-0.891,1.025
131.199,0.400,-0.279,-1.089,1.193
131.209,0.469,-0.196,-1.271,1.369
131.219,0.523,-0.122,-1.388,1.488
131.229,0.538,-0.076,-1.408,1.509
131.239,0.519,-0.069,-1.318,1.419
131.249,0.472,-0.079,-1.170,1.264
131.259,0.415,-0.094,-1.023,1.108
131.269,0.372,-0.102,-0.903,0.982
131.279,0.340,-0.115,-0.812,0.888
131.289,0.313,-0.125,-0.744,0.817
131.299,0.293,-0.127,-0.693,0.763
131.309,0.275,-0.133,-0.647,0.715
131.318,0.260,-0.146,-0.608,0.677
131.329,0.256,-0.172,-0.582,0.659
131.338,0.250,-0.206,-0.556,0.644
131.348,0.231,-0.237,-0.519,0.616
131.358,0.207,-0.263,-0.489,0.592
131.368,0.183,-0.296,-0.465,0.581
131.378,0.174,-0.328,-0.467,0.597
131.388,0.173,-0.342,-0.511,0.639
131.398,0.149,-0.345,-0.586,0.697
131.408,0.134,-0.345,-0.658,0.755
131.418,0.129,-0.344,-0.728,0.815
131.428,0.125,-0.344,-0.795,0.875
131.438,0.118,-0.356,-0.853,0.932
131.448,0.126,-0.365,-0.911,0.989
131.458,0.134,-0.367,-0.984,1.059
131.468,0.118,-0.374,-1.049,1.120
131.478,0.104,-0.377,-1.096,1.163
131.488,0.092,-0.379,-1.134,1.199
131.498,0.081,-0.382,-1.157,1.221
131.508,0.071,-0.393,-1.148,1.215
131.518,0.053,-0.409,-1.111,1.185
131.528,0.045,-0.429,-1.064,1.149
131.538,0.061,-0.461,-1.027,1.128
131.548,0.066,-0.507,-1.007,1.130
131.558,0.069,-0.540,-1.003,1.142
131.568,0.090,-0.562,-1.015,1.164
131.578,0.134,-0.568,-1.044,1.196
131.588,0.186,-0.577,-1.075,1.234
131.598,0.234,-0.608,-1.092,1.272
131.608,0.272,-0.641,-1.076,1.282
131.617,0.280,-0.654,-1.017,1.241
131.627,0.271,-0.647,-0.950,1.181
131.637,0.240,-0.611,-0.982,1.181
131.648,0.211,-0.551,-1.128,1.273
131.657,0.211,-0.458,-1.341,1.433
131.667,0.257,-0.400,-1.488,1.562
131.677,0.284,-0.332,-1.568,1.628
131.687,0.288,-0.325,-1.515,1.576
131.697,0.250,-0.341,-1.320,1.386
131.707,0.180,-0.370,-1.104,1.179
131.717,0.131,-0.397,-0.906,0.998
131.727,0.092,-0.427,-0.743,0.862
131.737,0.063,-0.453,-0.644,0.790
131.747,0.048,-0.468,-0.606,0.767
131.757,0.055,-0.474,-0.619,0.782
131.767,0.086,-0.470,-0.694,0.843
131.777,0.133,-0.459,-0.812,0.942
131.787,0.185,-0.429,-0.935,1.045
131.797,0.233,-0.385,-1.049,1.141
131.807,0.249,-0.341,-1.128,1.204
131.817,0.263,-0.309,-1.136,1.206
131.827,0.276,-0.296,-1.072,1.146
131.837,0.266,-0.297,-0.987,1.064
131.847,0.254,-0.302,-0.896,0.979
131.857,0.254,-0.290,-0.819,0.905
131.867,0.252,-0.283,-0.766,0.855
131.877,0.251,-0.286,-0.739,0.831
131.887,0.249,-0.287,-0.731,0.824
131.897,0.255,-0.284,-0.738,0.831
131.907,0.264,-0.291,-0.746,0.844
131.917,0.270,-0.290,-0.763,0.860
131.927,0.274,-0.276,-0.797,0.887
131.937,0.277,-0.272,-0.822,0.909
131.947,0.279,-0.273,-0.821,0.909
131.957,0.280,-0.273,-0.816,0.905
131.967,0.273,-0.272,-0.805,0.893
131.977,0.267,-0.273,-0.794,0.881
131.986,0.256,-0.278,-0.791,0.876
131.996,0.243,-0.288,-0.787,0.872
132.006,0.233,-0.300,-0.775,0.863
132.016,0.219,-0.315,-0.769,0.860
132.027,0.201,-0.332,-0.776,0.868
132.036,0.192,-0.344,-0.793,0.886
132.046,0.183,-0.345,-0.828,0.915
132.056,0.166,-0.341,-0.861,0.941
132.066,0.150,-0.333,-0.885,0.957
132.076,0.118,-0.340,-0.899,0.968
132.086,0.074,-0.362,-0.893,0.966
132.096,0.038,-0.388,-0.863,0.947
132.106,0.021,-0.413,-0.806,0.906
132.116,-0.003,-0.430,-0.732,0.849
132.126,-0.046,-0.439,-0.677,0.809
132.136,-0.088,-0.453,-0.661,0.807
132.146,-0.103,-0.469,-0.721,0.866
132.156,-0.066,-0.445,-0.867,0.977
132.166,0.001,-0.383,-1.060,1.127
132.176,0.058,-0.316,-1.251,1.292
132.186,0.108,-0.259,-1.393,1.421
132.196,0.138,-0.236,-1.428,1.454
132.206,0.137,-0.237,-1.330,1.358
132.216,0.121,-0.264,-1.160,1.196
132.226,0.096,-0.295,-0.999,1.046
132.236,0.087,-0.309,-0.882,0.938
132.246,0.089,-0.323,-0.814,0.880
132.256,0.097,-0.335,-0.790,0.863
132.266,0.116,-0.338,-0.777,0.855
132.276,0.135,-0.336,-0.752,0.835
132.286,0.147,-0.337,-0.717,0.806
132.296,0.158,-0.349,-0.670,0.771
132.305,0.153,-0.369,-0.622,0.739
132.316,0.133,-0.388,-0.590,0.719
132.325,0.129,-0.397,-0.588,0.721
132.335,0.117,-0.406,-0.614,0.745
132.345,0.114,-0.410,-0.643,0.772
132.355,0.111,-0.405,-0.676,0.796
132.365,0.106,-0.401,-0.702,0.815
132.375,0.101,-0.390,-0.736,0.839
132.385,0.092,-0.369,-0.792,0.878
132.395,0.077,-0.351,-0.851,0.924
132.405,0.055,-0.343,-0.902,0.967
132.415,0.031,-0.336,-0.936,0.995
132.425,0.017,-0.344,-0.945,1.005
132.435,0.018,-0.352,-0.946,1.010
132.445,0.011,-0.352,-0.984,1.045
132.455,-0.017,-0.352,-1.037,1.095
132.465,-0.027,-0.363,-1.070,1.130
132.475,-0.013,-0.374,-1.083,1.146
132.485,-0.000,-0.388,-1.081,1.149
132.495,0.007,-0.406,-1.062,1.137
132.505,0.015,-0.411,-1.039,1.117
132.515,0.009,-0.410,-1.036,1.114
132.525,-0.006,-0.417,-1.032,1.113
132.535,-0.008,-0.424,-1.027,1.111
132.545,-0.007,-0.434,-1.030,1.117
132.555,-0.000,-0.437,-1.024,1.113
132.565,0.013,-0.430,-1.018,1.105
132.575,0.018,-0.412,-1.031,1.110
132.585,0.025,-0.396,-1.055,1.127
132.595,0.033,-0.392,-1.075,1.144
132.605,0.042,-0.395,-1.078,1.149
132.615,0.048,-0.399,-1.042,1.117
132.624,0.045,-0.405,-0.979,1.061
132.635,0.033,-0.398,-0.932,1.014
132.644,0.026,-0.371,-0.956,1.025
132.655,0.039,-0.336,-1.052,1.106
132.664,0.078,-0.300,-1.174,1.214
132.674,0.117,-0.264,-1.257,1.290
132.684,0.127,-0.226,-1.286,1.312
132.694,0.113,-0.208,-1.248,1.270
132.704,0.100,-0.214,-1.150,1.174
132.714,0.075,-0.234,-1.035,1.064
132.724,0.042,-0.250,-0.929,0.963
132.734,0.021,-0.259,-0.838,0.877
132.744,0.005,-0.274,-0.766,0.814
132.754,-0.011,-0.296,-0.719,0.777
132.764,-0.021,-0.313,-0.692,0.760
132.774,-0.013,-0.321,-0.686,0.758
132.784,-0.004,-0.326,-0.695,0.768
132.794,0.007,-0.327,-0.714,0.785
132.804,0.014,-0.323,-0.730,0.798
132.814,0.014,-0.317,-0.742,0.807
132.824,0.004,-0.309,-0.754,0.815
132.834,-0.001,-0.311,-0.771,0.832
132.844,0.012,-0.325,-0.803,0.867
132.854,0.034,-0.326,-0.857,0.917
132.864,0.057,-0.313,-0.924,0.977
132.874,0.070,-0.288,-1.006,1.049
132.884,0.075,-0.264,-1.087,1.121
132.894,0.069,-0.248,-1.140,1.169
132.904,0.059,-0.236,-1.153,1.178
132.914,0.049,-0.227,-1.139,1.162
132.924,0.022,-0.231,-1.104,1.128
132.934,-0.000,-0.237,-1.060,1.087
132.944,-0.009,-0.235,-1.030,1.057
132.954,0.000,-0.233,-1.015,1.041
132.964,0.021,-0.230,-1.022,1.048
132.974,0.043,-0.232,-1.028,1.055
132.984,0.065,-0.235,-1.003,1.033
132.994,0.075,-0.243,-0.962,0.995
133.003,0.083,-0.253,-0.921,0.958
133.013,0.099,-0.258,-0.882,0.925
133.023,0.107,-0.261,-0.858,0.903
133.033,0.098,-0.274,-0.840,0.889
133.043,0.103,-0.290,-0.817,0.873
133.053,0.115,-0.308,-0.797,0.862
133.063,0.129,-0.323,-0.796,0.869
133.073,0.144,-0.331,-0.816,0.892
133.083,0.159,-0.332,-0.848,0.924
133.093,0.163,-0.328,-0.880,0.953
133.103,0.169,-0.317,-0.910,0.978
133.113,0.179,-0.303,-0.938,1.002
133.123,0.181,-0.292,-0.968,1.027
133.133,0.165,-0.288,-0.984,1.039
133.143,0.141,-0.294,-0.979,1.032
133.153,0.110,-0.303,-0.959,1.012
133.163,0.069,-0.311,-0.939,0.991
133.173,0.035,-0.321,-0.916,0.971
133.183,0.026,-0.339,-0.877,0.941
133.193,0.031,-0.360,-0.830,0.905
133.203,0.048,-0.385,-0.806,0.894
133.213,0.070,-0.398,-0.854,0.945
133.223,0.097,-0.356,-0.996,1.062
133.233,0.142,-0.267,-1.189,1.227
133.243,0.175,-0.191,-1.359,1.383
133.253,0.194,-0.150,-1.450,1.470
133.263,0.200,-0.142,-1.438,1.458
133.273,0.198,-0.164,-1.308,1.333
133.283,0.182,-0.203,-1.140,1.172
133.293,0.172,-0.232,-1.018,1.058
133.303,0.167,-0.249,-0.950,0.997
133.313,0.164,-0.254,-0.936,0.983
133.322,0.164,-0.233,-0.949,0.991
133.333,0.181,-0.216,-0.966,1.006
133.342,0.205,-0.223,-0.967,1.013
133.352,0.217,-0.232,-0.949,1.001
133.362,0.224,-0.244,-0.925,0.983
133.372,0.226,-0.261,-0.905,0.969
133.382,0.222,-0.273,-0.889,0.956
133.392,0.214,-0.278,-0.868,0.936
133.402,0.200,-0.278,-0.846,0.913
133.412,0.181,-0.279,-0.824,0.888
133.422,0.164,-0.276,-0.804,0.866
133.432,0.146,-0.276,-0.785,0.844
133.442,0.121,-0.281,-0.763,0.822
133.452,0.093,-0.285,-0.748,0.806
133.462,0.077,-0.285,-0.744,0.800
133.472,0.070,-0.279,-0.761,0.814
133.482,0.074,-0.275,-0.797,0.846
133.492,0.085,-0.274,-0.832,0.880
133.502,0.088,-0.268,-0.858,0.903
133.512,0.092,-0.255,-0.872,0.913
133.522,0.093,-0.236,-0.892,0.927
133.532,0.092,-0.225,-0.927,0.959
133.542,0.108,-0.216,-0.970,1.000
133.552,0.130,-0.205,-1.024,1.052
133.562,0.152,-0.198,-1.081,1.110
133.572,0.172,-0.192,-1.123,1.152
133.582,0.191,-0.184,-1.151,1.181
133.592,0.209,-0.181,-1.166,1.199
133.602,0.220,-0.191,-1.159,1.195
133.612,0.220,-0.202,-1.134,1.172
133.622,0.217,-0.207,-1.095,1.135
133.632,0.212,-0.212,-1.049,1.091
133.642,0.212,-0.219,-1.016,1.060
133.652,0.220,-0.226,-1.001,1.049
133.662,0.227,-0.236,-0.999,1.051
133.672,0.237,-0.241,-1.011,1.066
133.682,0.245,-0.235,-1.031,1.085
133.691,0.248,-0.227,-1.041,1.094
133.701,0.247,-0.221,-1.031,1.083
133.711,0.243,-0.227,-0.999,1.053
133.721,0.241,-0.244,-0.950,1.010
133.731,0.227,-0.266,-0.890,0.956
133.741,0.209,-0.278,-0.834,0.904
133.751,0.193,-0.287,-0.796,0.868
133.761,0.175,-0.292,-0.783,0.853
133.771,0.163,-0.294,-0.783,0.852
133.781,0.159,-0.296,-0.783,0.852
133.791,0.155,-0.296,-0.786,0.854
133.801,0.146,-0.296,-0.798,0.864
133.811,0.139,-0.299,-0.809,0.873
133.821,0.134,-0.306,-0.804,0.870
133.831,0.127,-0.312,-0.795,0.864
133.841,0.114,-0.311,-0.790,0.857
133.851,0.098,-0.307,-0.808,0.870
133.861,0.087,-0.303,-0.846,0.903
133.871,0.080,-0.300,-0.903,0.955
133.881,0.073,-0.287,-0.970,1.014
133.891,0.072,-0.275,-1.043,1.081
133.901,0.067,-0.267,-1.100,1.134
133.911,0.068,-0.266,-1.120,1.153
133.921,0.072,-0.277,-1.091,1.128
133.931,0.062,-0.290,-1.060,1.101
133.941,0.056,-0.311,-1.041,1.088
133.951,0.054,-0.330,-1.018,1.071
133.961,0.046,-0.336,-1.006,1.062
133.971,0.040,-0.334,-1.007,1.062
133.981,0.036,-0.332,-1.011,1.065
133.991,0.041,-0.335,-1.032,1.085
134.001,0.049,-0.348,-1.047,1.104
134.010,0.068,-0.370,-1.025,1.092
134.020,0.083,-0.401,-0.967,1.050
134.030,0.090,-0.433,-0.897,1.000
134.041,0.103,-0.471,-0.844,0.972
134.050,0.106,-0.510,-0.809,0.962
134.060,0.116,-0.544,-0.782,0.959
134.070,0.139,-0.569,-0.757,0.957
134.080,0.140,-0.582,-0.743,0.954
134.090,0.121,-0.590,-0.744,0.957
134.100,0.154,-0.597,-0.735,0.959
134.110,0.206,-0.597,-0.732,0.967
134.120,0.261,-0.597,-0.753,0.995
134.130,0.307,-0.613,-0.766,1.028
134.140,0.332,-0.637,-0.767,1.051
134.150,0.345,-0.648,-0.759,1.056
134.160,0.378,-0.648,-0.729,1.046
134.170,0.404,-0.620,-0.685,1.008
134.180,0.408,-0.618,-0.655,0.989
134.190,0.396,-0.680,-0.624,1.004
134.200,0.402,-0.696,-0.586,0.994
134.210,0.417,-0.690,-0.556,0.979
134.220,0.424,-0.688,-0.531,0.968
134.230,0.428,-0.670,-0.506,0.943
134.240,0.444,-0.642,-0.483,0.918
134.250,0.411,-0.737,-0.482,0.972
134.260,0.402,-0.782,-0.478,1.001
134.270,0.417,-0.769,-0.470,0.993
134.280,0.437,-0.753,-0.467,0.988
134.290,0.430,-0.749,-0.480,0.988
134.300,0.411,-0.733,-0.505,0.981
134.310,0.419,-0.735,-0.531,0.999
134.320,0.428,-0.732,-0.564,1.018
134.329,0.427,-0.726,-0.598,1.033
134.340,0.429,-0.724,-0.622,1.047
134.349,0.432,-0.727,-0.630,1.054
134.359,0.428,-0.726,-0.634,1.054
134.369,0.422,-0.718,-0.638,1.049
134.379,0.420,-0.702,-0.647,1.043
134.389,0.423,-0.684,-0.656,1.038
134.399,0.429,-0.679,-0.654,1.036
134.409,0.439,-0.684,-0.635,1.031
134.419,0.452,-0.682,-0.611,1.021
134.429,0.460,-0.683,-0.600,1.019
134.439,0.463,-0.694,-0.589,1.021
134.449,0.461,-0.699,-0.577,1.017
134.459,0.459,-0.697,-0.571,1.012
134.469,0.455,-0.696,-0.570,1.008
134.479,0.447,-0.696,-0.564,1.001
134.489,0.436,-0.695,-0.559,0.992
134.499,0.434,-0.697,-0.562,0.994
134.509,0.446,-0.699,-0.584,1.014
134.519,0.453,-0.703,-0.610,1.035
134.529,0.452,-0.703,-0.634,1.049
134.539,0.448,-0.697,-0.652,1.055
134.549,0.440,-0.684,-0.671,1.054
134.559,0.438,-0.674,-0.697,1.064
134.569,0.451,-0.658,-0.730,1.081
134.579,0.453,-0.646,-0.751,1.089
134.589,0.441,-0.635,-0.761,1.085
134.599,0.431,-0.634,-0.753,1.075
134.609,0.427,-0.627,-0.733,1.055
134.619,0.427,-0.619,-0.719,1.040
134.629,0.435,-0.617,-0.716,1.040
134.639,0.437,-0.617,-0.706,1.035
134.648,0.434,-0.614,-0.686,1.018
134.659,0.428,-0.610,-0.664,0.998
134.669,0.417,-0.610,-0.645,0.981
134.679,0.410,-0.604,-0.643,0.973
134.689,0.413,-0.597,-0.642,0.970
134.698,0.416,-0.596,-0.643,0.971
134.708,0.419,-0.592,-0.641,0.968
134.718,0.431,-0.592,-0.637,0.970
134.728,0.448,-0.587,-0.632,0.971
134.738,0.467,-0.580,-0.641,0.982
134.748,0.481,-0.575,-0.649,0.992
134.758,0.480,-0.569,-0.651,0.989
134.768,0.477,-0.570,-0.640,0.981
134.778,0.476,-0.569,-0.628,0.972
134.788,0.478,-0.567,-0.629,0.972
134.798,0.490,-0.567,-0.639,0.985
134.808,0.514,-0.563,-0.648,1.000
134.818,0.534,-0.557,-0.653,1.011
134.828,0.545,-0.553,-0.660,1.019
134.838,0.547,-0.549,-0.660,1.018
134.848,0.547,-0.542,-0.646,1.005
134.858,0.551,-0.543,-0.623,0.993
134.868,0.550,-0.544,-0.603,0.981
134.878,0.543,-0.540,-0.585,0.964
134.888,0.539,-0.532,-0.563,0.944
134.898,0.536,-0.519,-0.551,0.927
134.908,0.531,-0.512,-0.544,0.916
134.918,0.521,-0.509,-0.540,0.907
134.928,0.508,-0.502,-0.547,0.899
134.938,0.502,-0.496,-0.566,0.904
134.948,0.507,-0.490,-0.581,0.913
134.958,0.505,-0.484,-0.589,0.915
134.968,0.494,-0.485,-0.584,0.906
134.978,0.485,-0.487,-0.573,0.895
134.988,0.480,-0.491,-0.571,0.893
134.998,0.477,-0.492,-0.579,0.898
135.008,0.475,-0.492,-0.587,0.902
135.017,0.471,-0.495,-0.589,0.903
135.027,0.463,-0.497,-0.589,0.899
135.037,0.459,-0.495,-0.586,0.894
135.047,0.450,-0.499,-0.585,0.891
135.058,0.447,-0.509,-0.584,0.895
135.067,0.448,-0.524,-0.588,0.906
135.077,0.452,-0.534,-0.598,0.920
135.087,0.464,-0.539,-0.608,0.936
135.097,0.480,-0.541,-0.618,0.952
135.107,0.489,-0.542,-0.621,0.959
135.117,0.487,-0.544,-0.610,0.952
135.127,0.484,-0.549,-0.595,0.943
135.137,0.484,-0.560,-0.586,0.944
135.147,0.489,-0.579,-0.580,0.955
135.157,0.501,-0.599,-0.579,0.972
135.167,0.512,-0.615,-0.581,0.989
135.177,0.519,-0.624,-0.575,0.995
135.187,0.531,-0.631,-0.573,1.004
135.197,0.533,-0.645,-0.570,1.013
135.207,0.538,-0.668,-0.568,1.028
135.217,0.551,-0.691,-0.577,1.056
135.227,0.572,-0.709,-0.591,1.086
135.237,0.593,-0.726,-0.617,1.122
135.247,0.617,-0.741,-0.651,1.163
135.257,0.654,-0.742,-0.689,1.205
135.267,0.688,-0.735,-0.734,1.246
135.277,0.726,-0.733,-0.776,1.291
135.287,0.765,-0.727,-0.809,1.330
135.297,0.792,-0.725,-0.822,1.352
135.307,0.803,-0.723,-0.808,1.349
135.317,0.796,-0.720,-0.767,1.320
135.327,0.770,-0.718,-0.713,1.272
135.337,0.734,-0.714,-0.661,1.219
135.347,0.699,-0.701,-0.620,1.168
135.357,0.657,-0.680,-0.606,1.123
135.366,0.620,-0.656,-0.622,1.096
135.376,0.590,-0.624,-0.649,1.076
135.386,0.568,-0.583,-0.686,1.064
135.396,0.553,-0.545,-0.734,1.068
135.406,0.553,-0.507,-0.787,1.087
135.416,0.560,-0.475,-0.829,1.107
135.426,0.547,-0.456,-0.847,1.107
135.436,0.515,-0.439,-0.841,1.080
135.446,0.468,-0.423,-0.812,1.028
135.456,0.416,-0.420,-0.760,0.963
135.466,0.369,-0.421,-0.704,0.900
135.476,0.324,-0.427,-0.663,0.853
135.486,0.276,-0.445,-0.619,0.810
135.496,0.227,-0.463,-0.578,0.775
135.506,0.184,-0.477,-0.559,0.758
135.516,0.164,-0.498,-0.557,0.765
135.526,0.155,-0.518,-0.560,0.779
135.536,0.144,-0.527,-0.570,0.790
135.546,0.134,-0.534,-0.587,0.805
135.556,0.138,-0.549,-0.617,0.838
135.566,0.164,-0.571,-0.683,0.905
135.576,0.225,-0.581,-0.798,1.012
135.586,0.315,-0.568,-0.940,1.143
135.596,0.402,-0.553,-1.063,1.264
135.606,0.472,-0.531,-1.150,1.351
135.616,0.510,-0.511,-1.180,1.383
135.626,0.500,-0.505,-1.144,1.347
135.636,0.451,-0.506,-1.041,1.242
135.646,0.394,-0.518,-0.913,1.121
135.656,0.349,-0.541,-0.796,1.024
135.666,0.309,-0.557,-0.701,0.947
135.676,0.284,-0.564,-0.630,0.892
135.685,0.264,-0.560,-0.597,0.860
135.696,0.246,-0.560,-0.585,0.846
135.705,0.236,-0.553,-0.587,0.840
135.715,0.233,-0.538,-0.594,0.835
135.725,0.233,-0.524,-0.599,0.829
135.735,0.230,-0.508,-0.621,0.835
135.745,0.229,-0.496,-0.654,0.853
135.755,0.233,-0.488,-0.686,0.874
135.765,0.248,-0.481,-0.719,0.900
135.775,0.279,-0.481,-0.758,0.940
135.785,0.299,-0.491,-0.790,0.977
135.795,0.315,-0.501,-0.806,0.999
135.805,0.338,-0.503,-0.803,1.007
135.815,0.359,-0.506,-0.790,1.004
135.825,0.376,-0.516,-0.774,1.003
135.835,0.390,-0.529,-0.757,1.003
135.845,0.409,-0.540,-0.752,1.012
135.855,0.442,-0.546,-0.763,1.037
135.865,0.479,-0.552,-0.777,1.067
135.875,0.520,-0.555,-0.797,1.102
135.885,0.560,-0.556,-0.830,1.145
135.895,0.594,-0.559,-0.863,1.187
135.905,0.615,-0.563,-0.885,1.216
135.915,0.612,-0.564,-0.890,1.218
135.925,0.587,-0.556,-0.871,1.189
135.935,0.546,-0.546,-0.839,1.140
135.945,0.497,-0.534,-0.813,1.092
135.955,0.458,-0.512,-0.805,1.058
135.965,0.439,-0.490,-0.810,1.044
135.975,0.443,-0.483,-0.814,1.045
135.985,0.464,-0.482,-0.796,1.039
135.995,0.486,-0.482,-0.763,1.025
136.005,0.485,-0.490,-0.734,1.007
136.015,0.467,-0.512,-0.722,1.001
136.024,0.473,-0.527,-0.738,1.023
136.034,0.507,-0.508,-0.772,1.054
136.045,0.557,-0.465,-0.819,1.094
136.054,0.612,-0.411,-0.862,1.134
136.064,0.643,-0.359,-0.895,1.159
136.074,0.656,-0.322,-0.906,1.164
136.084,0.657,-0.309,-0.893,1.151
136.094,0.631,-0.313,-0.866,1.116
136.104,0.600,-0.310,-0.857,1.091
136.114,0.589,-0.294,-0.860,1.083
136.124,0.584,-0.274,-0.865,1.079
136.134,0.573,-0.258,-0.872,1.075
136.144,0.559,-0.247,-0.871,1.063
136.154,0.541,-0.242,-0.851,1.037
136.164,0.518,-0.253,-0.801,0.987
136.174,0.488,-0.273,-0.741,0.928
136.184,0.447,-0.296,-0.675,0.862
136.194,0.414,-0.316,-0.609,0.802
136.204,0.393,-0.337,-0.556,0.759
136.214,0.390,-0.363,-0.527,0.749
136.224,0.402,-0.391,-0.526,0.769
136.234,0.405,-0.410,-0.537,0.788
136.244,0.412,-0.419,-0.554,0.808
136.254,0.429,-0.430,-0.570,0.833
136.264,0.434,-0.437,-0.596,0.857
136.274,0.432,-0.435,-0.627,0.877
136.284,0.430,-0.429,-0.648,0.888
136.294,0.425,-0.422,-0.667,0.896
136.304,0.417,-0.422,-0.688,0.908
136.314,0.403,-0.432,-0.703,0.918
136.324,0.388,-0.446,-0.707,0.922
136.334,0.369,-0.460,-0.715,0.927
136.344,0.348,-0.471,-0.732,0.937
136.354,0.330,-0.473,-0.761,0.955
136.363,0.319,-0.462,-0.803,0.980
136.374,0.321,-0.452,-0.845,1.011
136.384,0.332,-0.453,-0.876,1.041
136.393,0.340,-0.458,-0.894,1.061
136.404,0.339,-0.464,-0.897,1.065
136.414,0.337,-0.470,-0.881,1.054
136.424,0.336,-0.471,-0.858,1.034
136.434,0.339,-0.470,-0.826,1.009
136.443,0.343,-0.478,-0.798,0.992
136.453,0.343,-0.490,-0.775,0.979
136.463,0.339,-0.504,-0.753,0.967
136.473,0.331,-0.513,-0.720,0.944
136.483,0.313,-0.520,-0.688,0.918
136.493,0.294,-0.546,-0.669,0.912
136.503,0.289,-0.534,-0.708,0.932
136.513,0.305,-0.483,-0.843,1.018
136.523,0.334,-0.442,-1.032,1.171
136.533,0.395,-0.402,-1.202,1.328
136.543,0.465,-0.314,-1.354,1.466
136.553,0.504,-0.244,-1.435,1.540
136.563,0.488,-0.220,-1.387,1.487
136.573,0.408,-0.218,-1.244,1.328
136.583,0.310,-0.250,-1.071,1.143
136.593,0.241,-0.294,-0.929,1.004
136.603,0.190,-0.338,-0.812,0.900
136.613,0.177,-0.355,-0.742,0.841
136.623,0.193,-0.359,-0.743,0.847
136.633,0.229,-0.369,-0.816,0.925
136.643,0.284,-0.367,-0.926,1.035
136.653,0.337,-0.341,-1.024,1.131
136.663,0.372,-0.300,-1.098,1.198
136.673,0.379,-0.264,-1.138,1.228
136.683,0.358,-0.247,-1.146,1.226
136.693,0.320,-0.239,-1.110,1.179
136.702,0.279,-0.233,-1.028,1.090
136.713,0.241,-0.241,-0.939,0.998
136.722,0.216,-0.259,-0.867,0.930
136.733,0.202,-0.275,-0.825,0.893
136.742,0.185,-0.287,-0.805,0.875
136.752,0.174,-0.293,-0.793,0.863
136.762,0.164,-0.285,-0.785,0.851
136.772,0.165,-0.278,-0.781,0.845
136.782,0.172,-0.282,-0.779,0.846
136.792,0.188,-0.283,-0.778,0.849
136.802,0.207,-0.290,-0.780,0.858
136.812,0.230,-0.304,-0.795,0.881
136.822,0.259,-0.307,-0.822,0.915
136.832,0.281,-0.302,-0.853,0.948
136.842,0.298,-0.292,-0.865,0.960
136.852,0.306,-0.278,-0.875,0.968
136.862,0.305,-0.264,-0.892,0.979
136.872,0.307,-0.258,-0.900,0.985
136.882,0.304,-0.262,-0.894,0.980
136.892,0.282,-0.267,-0.879,0.961
136.902,0.259,-0.266,-0.861,0.938
136.912,0.254,-0.263,-0.858,0.932
136.922,0.245,-0.261,-0.867,0.938
136.932,0.237,-0.255,-0.884,0.949
136.942,0.235,-0.251,-0.903,0.966
136.952,0.249,-0.245,-0.928,0.992
136.962,0.272,-0.229,-0.973,1.036
136.972,0.289,-0.218,-1.019,1.081
136.982,0.297,-0.206,-1.045,1.106
136.992,0.298,-0.193,-1.051,1.109
137.002,0.288,-0.185,-1.043,1.098
137.012,0.272,-0.185,-1.028,1.080
137.022,0.263,-0.190,-1.003,1.054
137.032,0.248,-0.192,-0.969,1.018
137.042,0.228,-0.200,-0.946,0.994
137.051,0.218,-0.216,-0.943,0.991
137.061,0.234,-0.220,-0.971,1.023
137.071,0.265,-0.228,-1.006,1.065
137.081,0.290,-0.233,-1.017,1.083
137.091,0.308,-0.236,-1.011,1.083
137.101,0.307,-0.241,-0.973,1.048
137.111,0.285,-0.254,-0.908,0.985
137.121,0.263,-0.276,-0.847,0.929
137.131,0.246,-0.308,-0.793,0.886
137.141,0.231,-0.343,-0.754,0.860
137.151,0.218,-0.370,-0.747,0.861
137.161,0.201,-0.381,-0.761,0.875
137.171,0.188,-0.379,-0.802,0.907
137.181,0.180,-0.368,-0.869,0.961
137.191,0.180,-0.353,-0.959,1.038
137.201,0.197,-0.335,-1.050,1.120
137.211,0.220,-0.323,-1.117,1.183
137.221,0.233,-0.326,-1.138,1.206
137.231,0.231,-0.333,-1.106,1.178
137.241,0.218,-0.323,-1.086,1.154
137.251,0.197,-0.317,-1.105,1.166
137.261,0.187,-0.310,-1.088,1.147
137.271,0.173,-0.298,-1.060,1.114
137.281,0.156,-0.296,-1.033,1.086
137.291,0.150,-0.296,-0.996,1.050
137.301,0.161,-0.308,-0.958,1.019
137.311,0.175,-0.326,-0.909,0.982
137.321,0.178,-0.335,-0.871,0.950
137.331,0.174,-0.328,-0.853,0.930
137.341,0.172,-0.313,-0.861,0.932
137.351,0.174,-0.297,-0.870,0.936
137.361,0.176,-0.287,-0.879,0.942
137.370,0.169,-0.291,-0.879,0.941
137.381,0.159,-0.292,-0.865,0.926
137.390,0.158,-0.295,-0.842,0.906
137.400,0.158,-0.302,-0.822,0.890
137.410,0.148,-0.315,-0.796,0.868
137.420,0.134,-0.320,-0.779,0.853
137.430,0.144,-0.305,-0.797,0.866
137.440,0.172,-0.288,-0.850,0.914
137.450,0.193,-0.288,-0.885,0.950
137.460,0.201,-0.295,-0.884,0.953
137.470,0.192,-0.292,-0.874,0.941
137.480,0.176,-0.281,-0.902,0.961
137.490,0.170,-0.266,-0.970,1.020
137.500,0.173,-0.255,-1.029,1.074
137.510,0.194,-0.249,-1.073,1.118
137.520,0.215,-0.261,-1.085,1.137
137.530,0.210,-0.290,-1.041,1.101
137.540,0.185,-0.322,-0.961,1.030
137.550,0.151,-0.343,-0.897,0.972
137.560,0.132,-0.359,-0.868,0.948
137.570,0.146,-0.366,-0.872,0.957
137.580,0.178,-0.360,-0.915,0.999
137.590,0.230,-0.340,-0.997,1.078
137.600,0.292,-0.315,-1.066,1.149
137.610,0.334,-0.292,-1.087,1.174
137.620,0.343,-0.278,-1.056,1.145
137.630,0.325,-0.275,-0.988,1.076
137.640,0.299,-0.277,-0.925,1.011
137.650,0.279,-0.277,-0.888,0.971
137.660,0.260,-0.272,-0.878,0.955
137.670,0.242,-0.268,-0.884,0.955
137.680,0.229,-0.269,-0.889,0.957
137.690,0.221,-0.265,-0.885,0.950
137.700,0.208,-0.258,-0.879,0.940
137.710,0.192,-0.251,-0.875,0.930
137.720,0.179,-0.248,-0.866,0.918
137.729,0.163,-0.244,-0.851,0.900
137.739,0.147,-0.235,-0.844,0.888
137.749,0.131,-0.226,-0.850,0.889
137.759,0.117,-0.223,-0.855,0.892
137.769,0.107,-0.219,-0.857,0.891
137.779,0.110,-0.217,-0.865,0.898
137.789,0.117,-0.226,-0.873,0.909
137.799,0.115,-0.235,-0.877,0.915
137.809,0.118,-0.239,-0.877,0.916
137.819,0.141,-0.234,-0.883,0.924
137.829,0.168,-0.221,-0.917,0.958
137.839,0.187,-0.210,-0.951,0.991
137.849,0.199,-0.201,-0.976,1.016
137.859,0.204,-0.199,-0.989,1.029
137.869,0.212,-0.196,-0.986,1.027
137.879,0.226,-0.184,-0.984,1.026
137.889,0.241,-0.185,-0.988,1.034
137.899,0.242,-0.193,-0.979,1.027
137.909,0.233,-0.188,-0.971,1.016
137.919,0.226,-0.177,-0.959,1.001
137.929,0.230,-0.169,-0.951,0.992
137.939,0.232,-0.167,-0.952,0.994
137.949,0.228,-0.169,-0.956,0.997
137.959,0.221,-0.167,-0.965,1.004
137.969,0.218,-0.160,-0.992,1.028
137.979,0.214,-0.149,-1.026,1.059
137.989,0.205,-0.151,-1.033,1.064
137.999,0.199,-0.160,-1.016,1.048
138.009,0.191,-0.170,-0.990,1.022
138.019,0.196,-0.179,-0.974,1.009
138.029,0.211,-0.185,-0.986,1.025
138.039,0.232,-0.189,-1.013,1.056
138.049,0.249,-0.182,-1.049,1.094
138.059,0.263,-0.163,-1.089,1.132
138.068,0.278,-0.146,-1.126,1.168
138.078,0.288,-0.135,-1.159,1.201
138.088,0.295,-0.127,-1.184,1.227
138.098,0.311,-0.120,-1.205,1.251
138.108,0.339,-0.112,-1.228,1.279
138.118,0.365,-0.107,-1.231,1.289
138.128,0.373,-0.104,-1.207,1.268
138.138,0.372,-0.107,-1.158,1.221
138.148,0.374,-0.116,-1.087,1.155
138.158,0.379,-0.124,-1.012,1.087
138.168,0.374,-0.129,-0.939,1.019
138.178,0.361,-0.134,-0.873,0.954
138.188,0.349,-0.141,-0.827,0.909
138.198,0.348,-0.149,-0.805,0.889
138.208,0.351,-0.157,-0.791,0.879
138.218,0.352,-0.163,-0.784,0.874
138.228,0.357,-0.169,-0.779,0.873
138.238,0.358,-0.179,-0.775,0.872
138.248,0.343,-0.189,-0.759,0.854
138.258,0.327,-0.196,-0.738,0.831
138.268,0.315,-0.200,-0.726,0.817
138.278,0.302,-0.202,-0.732,0.818
138.288,0.291,-0.204,-0.764,0.842
138.298,0.293,-0.206,-0.826,0.901
138.308,0.298,-0.207,-0.890,0.961
138.318,0.295,-0.203,-0.936,1.002
138.328,0.285,-0.200,-0.963,1.024
138.338,0.266,-0.201,-0.963,1.019
138.348,0.251,-0.210,-0.950,1.004
138.358,0.249,-0.220,-0.932,0.989
138.368,0.250,-0.235,-0.920,0.982
138.378,0.249,-0.251,-0.920,0.985
138.388,0.260,-0.263,-0.927,0.998
138.397,0.275,-0.271,-0.938,1.014
138.407,0.290,-0.275,-0.948,1.028
138.417,0.309,-0.285,-0.944,1.033
138.427,0.325,-0.292,-0.941,1.037
138.437,0.342,-0.298,-0.942,1.046
138.447,0.361,-0.304,-0.949,1.060
138.457,0.371,-0.307,-0.966,1.079
138.467,0.370,-0.303,-0.983,1.093
138.477,0.371,-0.295,-0.996,1.103
138.487,0.372,-0.290,-0.997,1.103
138.497,0.362,-0.285,-0.995,1.096
138.507,0.354,-0.274,-1.005,1.100
138.517,0.353,-0.259,-1.024,1.114
138.527,0.352,-0.245,-1.047,1.131
138.537,0.333,-0.228,-1.036,1.112
138.547,0.316,-0.231,-0.996,1.070
138.557,0.310,-0.232,-0.955,1.031
138.567,0.289,-0.232,-0.908,0.981
138.577,0.262,-0.249,-0.885,0.956
138.587,0.248,-0.243,-0.895,0.960
138.597,0.231,-0.200,-0.911,0.961
138.607,0.236,-0.191,-0.917,0.966
138.617,0.277,-0.238,-0.914,0.984
138.627,0.303,-0.246,-0.916,0.996
138.637,0.310,-0.230,-0.923,1.001
138.647,0.309,-0.218,-0.936,1.010
138.657,0.310,-0.223,-0.934,1.009
138.667,0.295,-0.229,-0.919,0.992
138.677,0.279,-0.220,-0.906,0.973
138.687,0.262,-0.201,-0.893,0.952
138.697,0.225,-0.182,-0.883,0.929
138.707,0.191,-0.169,-0.878,0.915
138.717,0.178,-0.157,-0.873,0.905
138.727,0.192,-0.142,-0.868,0.900
138.737,0.214,-0.138,-0.864,0.901
138.747,0.222,-0.145,-0.854,0.894
138.757,0.252,-0.151,-0.870,0.918
138.766,0.280,-0.163,-0.901,0.957
138.776,0.279,-0.175,-0.924,0.981
138.786,0.278,-0.183,-0.935,0.992
138.796,0.271,-0.177,-0.933,0.988
138.806,0.257,-0.156,-0.920,0.968
138.816,0.242,-0.142,-0.897,0.940
138.826,0.223,-0.141,-0.882,0.920
138.836,0.215,-0.143,-0.882,0.919
138.846,0.229,-0.154,-0.891,0.933
138.856,0.253,-0.171,-0.905,0.956
138.866,0.271,-0.184,-0.926,0.982
138.876,0.274,-0.184,-0.947,1.003
138.886,0.268,-0.181,-0.953,1.006
138.896,0.257,-0.173,-0.957,1.006
138.906,0.243,-0.166,-0.957,1.001
138.916,0.240,-0.162,-0.959,1.001
138.926,0.233,-0.170,-0.963,1.006
138.936,0.227,-0.174,-0.972,1.013
138.946,0.215,-0.167,-0.986,1.023
138.956,0.198,-0.157,-1.001,1.033
138.966,0.181,-0.151,-1.007,1.034
138.976,0.172,-0.157,-1.001,1.028
138.986,0.164,-0.167,-0.999,1.026
138.996,0.166,-0.183,-1.012,1.042
139.006,0.160,-0.214,-1.009,1.044
139.016,0.160,-0.217,-0.990,1.026
139.026,0.153,-0.231,-0.972,1.010
139.036,0.144,-0.235,-0.956,0.995
139.046,0.135,-0.238,-0.947,0.986
139.056,0.125,-0.244,-0.931,0.970
139.066,0.115,-0.253,-0.916,0.957
139.075,0.113,-0.282,-0.906,0.956
139.085,0.125,-0.304,-0.912,0.969
139.095,0.140,-0.335,-0.926,0.995
139.105,0.129,-0.336,-0.911,0.980
139.115,0.101,-0.290,-0.900,0.951
139.125,0.066,-0.297,-0.889,0.939
139.135,0.043,-0.308,-0.870,0.924
139.145,0.044,-0.316,-0.854,0.912
139.155,0.048,-0.336,-0.839,0.905
139.165,-0.011,-0.264,-0.845,0.885
139.175,0.070,-0.329,-0.881,0.943
139.185,0.027,-0.396,-0.898,0.981
139.195,-0.060,-0.300,-0.897,0.948
139.205,-0.012,-0.255,-0.841,0.879
139.215,-0.022,-0.294,-0.811,0.863
139.225,0.007,-0.350,-0.814,0.886
139.235,0.076,-0.364,-0.842,0.920
139.245,0.141,-0.366,-0.900,0.982
139.255,0.180,-0.380,-0.965,1.053
139.265,0.201,-0.375,-1.012,1.097
139.275,0.207,-0.348,-1.047,1.122
139.285,0.183,-0.318,-1.087,1.148
139.295,0.150,-0.302,-1.102,1.152
139.305,0.140,-0.300,-1.091,1.141
139.315,0.130,-0.314,-1.066,1.119
139.325,0.150,-0.262,-1.035,1.078
139.335,0.142,-0.250,-1.027,1.066
139.345,0.112,-0.257,-0.997,1.035
139.355,0.132,-0.246,-1.001,1.039
139.365,0.140,-0.231,-1.011,1.047
139.375,0.124,-0.242,-0.989,1.026
139.385,0.155,-0.242,-0.980,1.022
139.395,0.165,-0.239,-0.962,1.005
139.405,0.163,-0.262,-0.951,1.000
139.415,0.179,-0.274,-0.946,1.001
139.425,0.232,-0.312,-0.925,1.004
139.434,0.239,-0.323,-0.885,0.972
139.444,0.225,-0.309,-0.828,0.912
139.454,0.220,-0.271,-0.810,0.882
139.464,0.224,-0.240,-0.834,0.896
139.474,0.252,-0.215,-0.905,0.964
139.484,0.330,-0.218,-1.026,1.100
139.494,0.393,-0.258,-1.123,1.217
139.504,0.469,-0.271,-1.236,1.350
139.514,0.464,-0.303,-1.121,1.250
139.524,0.405,-0.287,-1.067,1.177
139.534,0.371,-0.291,-0.964,1.073
139.544,0.279,-0.266,-0.829,0.914
139.554,0.190,-0.227,-0.723,0.781
139.564,0.133,-0.196,-0.694,0.733
139.574,0.094,-0.189,-0.710,0.740
139.584,0.112,-0.211,-0.770,0.807
139.594,0.167,-0.251,-0.849,0.901
139.604,0.181,-0.303,-0.904,0.971
139.614,0.168,-0.307,-0.911,0.976
139.624,0.172,-0.288,-0.918,0.977
139.634,0.150,-0.275,-0.910,0.963
139.644,0.107,-0.250,-0.897,0.937
139.654,0.076,-0.204,-0.898,0.924
139.664,0.073,-0.163,-0.899,0.917
139.674,0.104,-0.138,-0.908,0.925
139.684,0.140,-0.138,-0.955,0.975
139.694,0.133,-0.173,-0.967,0.992
139.704,0.148,-0.192,-0.964,0.994
139.714,0.192,-0.183,-0.944,0.981
139.724,0.188,-0.187,-0.883,0.922
139.734,0.208,-0.206,-0.803,0.855
139.744,0.225,-0.271,-0.758,0.836
139.754,0.238,-0.289,-0.776,0.862
139.764,0.267,-0.281,-0.837,0.922
139.774,0.220,-0.280,-0.889,0.957
139.783,0.051,-0.216,-0.893,0.920
139.793,0.086,-0.141,-0.893,0.908
139.803,0.352,-0.221,-0.859,0.955
139.813,0.286,-0.268,-0.805,0.895
139.823,0.249,-0.304,-0.856,0.942
139.833,0.255,-0.301,-0.908,0.990
139.843,0.262,-0.249,-0.921,0.989
139.853,0.187,-0.187,-0.924,0.961
139.863,0.144,-0.138,-0.929,0.950
139.873,0.134,-0.171,-0.949,0.974
139.883,0.101,-0.277,-0.991,1.034
139.893,0.093,-0.328,-1.050,1.104
139.903,0.031,-0.340,-1.141,1.191
139.913,-0.002,-0.289,-1.214,1.248
139.923,0.028,-0.230,-1.261,1.283
139.933,0.083,-0.201,-1.246,1.265
139.943,0.169,-0.199,-1.202,1.230
139.953,0.237,-0.190,-1.139,1.179
139.963,0.275,-0.162,-1.078,1.125
139.973,0.297,-0.137,-1.029,1.080
139.983,0.304,-0.130,-0.990,1.044
139.993,0.301,-0.146,-0.958,1.014
140.003,0.290,-0.177,-0.931,0.991
140.013,0.290,-0.197,-0.914,0.979
140.023,0.292,-0.215,-0.908,0.977
140.033,0.277,-0.263,-0.902,0.980
140.043,0.264,-0.312,-0.881,0.971
140.053,0.240,-0.357,-0.842,0.946
140.062,0.213,-0.391,-0.813,0.927
140.072,0.204,-0.400,-0.812,0.928
140.082,0.212,-0.380,-0.835,0.941
140.093,0.222,-0.358,-0.860,0.957
140.102,0.233,-0.349,-0.887,0.981
140.113,0.236,-0.355,-0.913,1.007
140.122,0.234,-0.357,-0.937,1.030
140.132,0.232,-0.333,-0.966,1.048
140.142,0.229,-0.303,-1.006,1.075
140.152,0.231,-0.293,-1.024,1.090
140.162,0.239,-0.295,-1.026,1.094
140.172,0.241,-0.305,-1.016,1.088
140.182,0.242,-0.320,-1.005,1.082
140.192,0.240,-0.323,-0.991,1.070
140.202,0.227,-0.322,-0.986,1.062
140.212,0.216,-0.321,-0.973,1.047
140.222,0.232,-0.297,-0.953,1.025
140.232,0.282,-0.223,-0.940,1.006
140.242,0.292,-0.227,-0.951,1.020
140.252,0.233,-0.245,-0.996,1.052
140.262,0.162,-0.247,-1.042,1.083
140.272,0.155,-0.285,-1.064,1.113
140.282,0.168,-0.319,-1.076,1.135
140.292,0.183,-0.346,-1.096,1.164
140.302,0.189,-0.366,-1.105,1.180
140.312,0.192,-0.368,-1.082,1.159
140.322,0.205,-0.373,-1.047,1.130
140.332,0.204,-0.372,-1.018,1.103
140.342,0.190,-0.366,-0.985,1.068
140.352,0.172,-0.350,-0.954,1.030
140.362,0.151,-0.323,-0.926,0.993
140.372,0.142,-0.306,-0.905,0.966
140.382,0.156,-0.294,-0.904,0.963
140.392,0.175,-0.282,-0.900,0.959
140.401,0.191,-0.271,-0.904,0.963
140.412,0.179,-0.240,-0.914,0.962
140.422,0.172,-0.241,-0.919,0.966
140.431,0.176,-0.262,-0.936,0.988
140.441,0.171,-0.267,-0.994,1.043
140.451,0.151,-0.260,-1.050,1.092
140.461,0.112,-0.232,-1.037,1.069
140.471,0.102,-0.203,-1.031,1.055
140.481,0.120,-0.193,-1.019,1.044
140.491,0.142,-0.196,-0.978,1.007
140.501,0.161,-0.208,-0.936,0.972
140.511,0.176,-0.229,-0.901,0.946
140.521,0.184,-0.241,-0.889,0.939
140.531,0.181,-0.241,-0.899,0.948
140.541,0.169,-0.231,-0.912,0.956
140.551,0.162,-0.218,-0.926,0.965
140.561,0.153,-0.212,-0.946,0.981
140.571,0.147,-0.211,-0.951,0.985
140.581,0.144,-0.215,-0.944,0.979
140.591,0.145,-0.228,-0.931,0.970
140.601,0.154,-0.230,-0.915,0.956
140.611,0.155,-0.230,-0.890,0.933
140.621,0.149,-0.241,-0.880,0.924
140.631,0.143,-0.246,-0.880,0.925
140.641,0.138,-0.240,-0.873,0.916
140.651,0.135,-0.236,-0.866,0.908
140.661,0.139,-0.243,-0.866,0.911
140.671,0.143,-0.253,-0.864,0.911
140.681,0.145,-0.260,-0.855,0.906
140.691,0.145,-0.262,-0.852,0.904
140.701,0.140,-0.266,-0.858,0.909
140.711,0.131,-0.269,-0.870,0.920
140.721,0.124,-0.265,-0.878,0.925
140.731,0.116,-0.260,-0.898,0.942
140.740,0.113,-0.251,-0.911,0.952
140.751,0.126,-0.242,-0.904,0.944
140.761,0.143,-0.245,-0.891,0.935
140.770,0.152,-0.256,-0.884,0.933
140.781,0.146,-0.267,-0.881,0.932
140.791,0.134,-0.276,-0.881,0.933
140.801,0.125,-0.281,-0.886,0.937
140.810,0.124,-0.286,-0.896,0.949
140.820,0.129,-0.286,-0.911,0.963
140.830,0.139,-0.280,-0.923,0.974
140.840,0.148,-0.270,-0.934,0.984
140.850,0.156,-0.261,-0.949,0.996
140.860,0.159,-0.255,-0.969,1.014
140.870,0.161,-0.249,-0.978,1.022
140.880,0.165,-0.244,-0.973,1.017
140.890,0.175,-0.247,-0.968,1.014
140.900,0.182,-0.257,-0.965,1.015
140.910,0.186,-0.265,-0.969,1.022
140.920,0.181,-0.264,-0.976,1.027
140.930,0.172,-0.264,-0.991,1.040
140.940,0.162,-0.261,-1.008,1.054
140.950,0.150,-0.252,-1.008,1.050
140.960,0.143,-0.245,-0.996,1.035
140.970,0.145,-0.243,-0.979,1.019
140.980,0.153,-0.248,-0.976,1.019
140.990,0.152,-0.257,-0.988,1.032
141.000,0.147,-0.255,-0.995,1.038
141.010,0.144,-0.248,-0.988,1.029
141.020,0.145,-0.245,-0.974,1.014
141.030,0.153,-0.247,-0.955,0.999
141.040,0.160,-0.254,-0.947,0.993
141.050,0.163,-0.253,-0.945,0.991
141.060,0.163,-0.251,-0.945,0.991
141.069,0.159,-0.256,-0.954,1.001
141.080,0.152,-0.265,-0.978,1.025
141.090,0.145,-0.264,-0.994,1.039
141.100,0.144,-0.250,-0.992,1.033
141.110,0.149,-0.237,-0.980,1.020
141.120,0.164,-0.236,-0.978,1.019
141.130,0.176,-0.242,-0.982,1.027
141.140,0.172,-0.248,-0.991,1.036
141.149,0.163,-0.248,-0.990,1.034
141.159,0.158,-0.247,-0.982,1.025
141.169,0.160,-0.248,-0.973,1.017
141.179,0.170,-0.245,-0.965,1.010
141.189,0.178,-0.241,-0.962,1.007
141.199,0.176,-0.237,-0.966,1.010
141.209,0.175,-0.233,-0.968,1.011
141.219,0.180,-0.228,-0.968,1.011
141.229,0.184,-0.223,-0.967,1.009
141.239,0.186,-0.222,-0.975,1.017
141.249,0.179,-0.224,-0.991,1.032
141.259,0.171,-0.223,-0.997,1.036
141.269,0.166,-0.219,-0.991,1.028
141.279,0.165,-0.215,-0.976,1.013
141.289,0.168,-0.218,-0.965,1.003
141.299,0.168,-0.223,-0.961,1.001
141.309,0.161,-0.223,-0.950,0.989
141.319,0.152,-0.220,-0.930,0.968
141.329,0.148,-0.229,-0.910,0.950
141.339,0.156,-0.245,-0.909,0.954
141.349,0.161,-0.257,-0.917,0.966
141.359,0.154,-0.255,-0.930,0.977
141.369,0.144,-0.242,-0.938,0.979
141.379,0.145,-0.232,-0.940,0.978
141.389,0.152,-0.230,-0.938,0.977
141.399,0.157,-0.227,-0.924,0.964
141.409,0.157,-0.224,-0.916,0.956
141.419,0.155,-0.227,-0.915,0.955
141.429,0.154,-0.228,-0.911,0.951
141.439,0.155,-0.234,-0.910,0.952
141.449,0.154,-0.241,-0.914,0.958
141.459,0.147,-0.240,-0.916,0.958
141.468,0.137,-0.237,-0.918,0.958
141.478,0.130,-0.238,-0.919,0.958
141.488,0.127,-0.240,-0.914,0.954
141.498,0.127,-0.247,-0.907,0.948
141.508,0.126,-0.253,-0.896,0.940
141.518,0.118,-0.255,-0.883,0.927
141.528,0.116,-0.258,-0.870,0.915
141.538,0.120,-0.262,-0.862,0.909
141.548,0.121,-0.265,-0.864,0.912
141.558,0.117,-0.266,-0.875,0.923
141.568,0.110,-0.267,-0.888,0.934
141.578,0.107,-0.269,-0.902,0.947
141.588,0.104,-0.272,-0.918,0.964
141.598,0.107,-0.269,-0.932,0.976
141.608,0.113,-0.264,-0.941,0.984
141.618,0.118,-0.258,-0.951,0.992
141.628,0.122,-0.257,-0.965,1.006
141.638,0.126,-0.255,-0.975,1.016
141.648,0.125,-0.252,-0.978,1.018
141.658,0.129,-0.251,-0.980,1.019
141.668,0.133,-0.251,-0.988,1.028
141.678,0.136,-0.249,-0.996,1.035
141.688,0.139,-0.245,-0.993,1.032
141.698,0.144,-0.245,-0.991,1.031
141.708,0.149,-0.252,-0.998,1.040
141.718,0.149,-0.253,-1.002,1.044
141.728,0.148,-0.248,-1.003,1.044
141.738,0.144,-0.243,-0.999,1.038
141.748,0.142,-0.243,-0.995,1.034
141.758,0.140,-0.250,-0.993,1.033
141.768,0.135,-0.254,-0.990,1.031
141.778,0.130,-0.251,-0.984,1.024
141.788,0.131,-0.248,-0.977,1.017
141.798,0.134,-0.249,-0.973,1.014
141.808,0.135,-0.251,-0.974,1.014
141.817,0.131,-0.254,-0.977,1.018
141.827,0.125,-0.253,-0.980,1.020
141.837,0.118,-0.253,-0.984,1.022
141.847,0.112,-0.252,-0.980,1.018
141.857,0.112,-0.251,-0.968,1.007
141.867,0.114,-0.255,-0.957,0.997
141.877,0.114,-0.261,-0.954,0.996
141.887,0.110,-0.262,-0.957,0.998
141.897,0.106,-0.262,-0.961,1.001
141.907,0.105,-0.260,-0.964,1.004
141.917,0.106,-0.259,-0.965,1.005
141.927,0.107,-0.256,-0.962,1.001
141.937,0.107,-0.255,-0.958,0.998
141.947,0.102,-0.259,-0.955,0.994
141.957,0.097,-0.261,-0.952,0.992
141.967,0.099,-0.262,-0.951,0.991
141.977,0.103,-0.261,-0.952,0.992
141.987,0.106,-0.254,-0.954,0.993
141.997,0.105,-0.247,-0.965,1.002
142.007,0.101,-0.242,-0.974,1.009
142.017,0.094,-0.237,-0.975,1.008
142.027,0.091,-0.235,-0.964,0.997
142.037,0.092,-0.238,-0.947,0.980
142.047,0.098,-0.242,-0.927,0.963
142.057,0.105,-0.243,-0.916,0.954
142.067,0.110,-0.241,-0.914,0.952
142.077,0.110,-0.238,-0.917,0.954
142.087,0.111,-0.232,-0.925,0.960
142.097,0.109,-0.226,-0.935,0.968
142.107,0.110,-0.225,-0.943,0.976
142.117,0.111,-0.224,-0.947,0.980
142.127,0.110,-0.224,-0.944,0.976
142.137,0.113,-0.226,-0.941,0.974
142.146,0.120,-0.228,-0.940,0.975
142.157,0.125,-0.226,-0.938,0.973
142.166,0.131,-0.220,-0.938,0.972
142.176,0.133,-0.217,-0.943,0.977
142.186,0.128,-0.219,-0.956,0.989
142.196,0.119,-0.219,-0.968,1.000
142.206,0.112,-0.219,-0.972,1.003
142.216,0.112,-0.217,-0.971,1.001
142.226,0.119,-0.219,-0.966,0.997
142.236,0.128,-0.217,-0.960,0.993
142.246,0.134,-0.216,-0.961,0.994
142.256,0.132,-0.215,-0.969,1.001
142.266,0.128,-0.213,-0.977,1.008
142.276,0.128,-0.213,-0.984,1.015
142.286,0.129,-0.216,-0.988,1.020
142.296,0.127,-0.213,-0.985,1.016
142.306,0.129,-0.210,-0.979,1.010
142.316,0.131,-0.212,-0.969,1.000
142.326,0.130,-0.211,-0.961,0.993
142.336,0.125,-0.214,-0.957,0.988
142.346,0.117,-0.218,-0.949,0.981
142.356,0.116,-0.223,-0.940,0.973
142.366,0.116,-0.225,-0.936,0.970
142.376,0.117,-0.222,-0.937,0.970
142.386,0.121,-0.219,-0.943,0.976
142.396,0.123,-0.215,-0.948,0.980
142.406,0.120,-0.212,-0.950,0.980
142.416,0.117,-0.216,-0.953,0.985
142.426,0.118,-0.217,-0.948,0.979
142.436,0.123,-0.214,-0.941,0.973
142.446,0.130,-0.203,-0.952,0.982
142.456,0.133,-0.195,-0.961,0.990
142.466,0.131,-0.188,-0.955,0.982
142.476,0.136,-0.183,-0.938,0.966
142.486,0.144,-0.182,-0.918,0.947
142.495,0.150,-0.184,-0.896,0.927
142.505,0.145,-0.197,-0.901,0.933
142.515,0.117,-0.217,-0.936,0.968
142.525,0.083,-0.226,-0.976,1.005
142.535,0.059,-0.215,-1.005,1.030
142.545,0.051,-0.205,-1.011,1.033
142.555,0.049,-0.204,-0.997,1.019
142.565,0.054,-0.204,-0.976,0.999
142.575,0.058,-0.204,-0.969,0.992
142.585,0.060,-0.205,-0.976,0.999
142.595,0.061,-0.204,-0.986,1.009
142.605,0.066,-0.209,-0.996,1.020
142.615,0.072,-0.212,-1.010,1.034
142.625,0.073,-0.207,-1.025,1.048
142.635,0.074,-0.197,-1.039,1.060
142.645,0.078,-0.189,-1.045,1.065
142.655,0.088,-0.184,-1.038,1.058
142.665,0.101,-0.182,-1.019,1.040
142.675,0.110,-0.180,-1.006,1.028
142.685,0.115,-0.177,-0.992,1.014
142.695,0.118,-0.176,-0.978,1.000
142.705,0.119,-0.173,-0.965,0.988
142.715,0.117,-0.175,-0.950,0.973
142.725,0.117,-0.177,-0.943,0.966
142.735,0.116,-0.181,-0.948,0.972
142.745,0.104,-0.185,-0.961,0.984
142.755,0.086,-0.181,-0.976,0.997
142.765,0.070,-0.172,-0.982,0.999
142.775,0.062,-0.172,-0.978,0.995
142.785,0.070,-0.169,-0.962,0.980
142.795,0.081,-0.167,-0.948,0.966
142.805,0.095,-0.171,-0.941,0.961
142.814,0.108,-0.177,-0.938,0.961
142.825,0.107,-0.175,-0.938,0.960
142.834,0.111,-0.177,-0.965,0.987
142.844,0.087,-0.176,-0.999,1.018
142.854,0.058,-0.165,-1.004,1.019
142.864,0.055,-0.164,-0.997,1.012
142.874,0.063,-0.179,-1.004,1.021
142.884,0.063,-0.190,-1.006,1.026
142.894,0.062,-0.182,-0.999,1.017
142.904,0.060,-0.168,-0.992,1.008
142.914,0.053,-0.166,-1.001,1.016
142.924,0.062,-0.170,-1.018,1.034
142.934,0.075,-0.166,-1.032,1.048
142.944,0.082,-0.164,-1.038,1.054
142.954,0.076,-0.160,-1.033,1.048
142.964,0.064,-0.154,-1.012,1.026
142.974,0.069,-0.163,-1.001,1.016
142.984,0.077,-0.177,-1.001,1.019
142.994,0.073,-0.175,-1.001,1.019
143.004,0.062,-0.167,-0.998,1.013
143.014,0.061,-0.164,-0.994,1.009
143.024,0.062,-0.169,-0.990,1.006
143.034,0.060,-0.177,-0.994,1.011
143.044,0.051,-0.177,-1.005,1.022
143.054,0.043,-0.172,-1.008,1.023
143.064,0.047,-0.170,-0.999,1.015
143.074,0.055,-0.170,-0.992,1.008
143.084,0.053,-0.169,-0.983,0.999
143.094,0.047,-0.172,-0.978,0.994
143.104,0.038,-0.181,-0.982,0.999
143.114,0.027,-0.188,-0.984,1.002
143.124,0.022,-0.185,-0.975,0.992
143.134,0.022,-0.179,-0.967,0.983
143.144,0.024,-0.179,-0.968,0.984
143.154,0.024,-0.183,-0.977,0.995
143.164,0.019,-0.187,-0.991,1.009
143.173,0.013,-0.185,-1.004,1.021
143.183,0.009,-0.177,-1.010,1.025
143.194,0.007,-0.166,-1.000,1.014
143.203,0.015,-0.158,-0.987,1.000
143.213,0.019,-0.163,-0.980,0.994
143.223,0.024,-0.170,-0.970,0.985
143.233,0.029,-0.170,-0.956,0.971
143.243,0.034,-0.170,-0.945,0.960
143.253,0.040,-0.170,-0.945,0.961
143.263,0.039,-0.172,-0.957,0.973
143.273,0.036,-0.167,-0.964,0.980
143.283,0.032,-0.159,-0.969,0.982
143.293,0.031,-0.156,-0.971,0.984
143.303,0.033,-0.156,-0.973,0.986
143.313,0.035,-0.158,-0.978,0.991
143.323,0.038,-0.161,-0.987,1.001
143.333,0.037,-0.167,-0.997,1.011
143.343,0.038,-0.171,-1.004,1.019
143.353,0.036,-0.170,-1.001,1.015
143.363,0.036,-0.164,-0.985,0.999
143.373,0.039,-0.159,-0.969,0.983
143.383,0.039,-0.165,-0.963,0.978
143.393,0.039,-0.171,-0.972,0.988
143.403,0.036,-0.165,-0.991,1.005
143.413,0.036,-0.159,-1.011,1.024
143.423,0.040,-0.156,-1.026,1.039
143.433,0.042,-0.156,-1.030,1.043
143.443,0.044,-0.160,-1.027,1.040
143.453,0.044,-0.163,-1.014,1.028
143.463,0.038,-0.161,-1.000,1.014
143.473,0.033,-0.163,-0.985,0.999
143.483,0.037,-0.164,-0.971,0.985
143.492,0.042,-0.164,-0.958,0.973
143.503,0.047,-0.165,-0.951,0.967
143.513,0.050,-0.164,-0.953,0.969
143.523,0.047,-0.161,-0.955,0.969
143.532,0.043,-0.162,-0.963,0.978
143.542,0.036,-0.163,-0.977,0.991
143.552,0.027,-0.163,-0.981,0.995
143.562,0.023,-0.167,-0.982,0.996
143.572,0.022,-0.176,-0.991,1.006
143.582,0.021,-0.177,-0.989,1.004
143.592,0.022,-0.171,-0.971,0.987
143.602,0.030,-0.169,-0.955,0.970
143.612,0.042,-0.173,-0.946,0.963
143.622,0.050,-0.176,-0.947,0.964
143.632,0.052,-0.177,-0.946,0.964
143.642,0.048,-0.175,-0.950,0.967
143.652,0.044,-0.172,-0.964,0.980
143.662,0.046,-0.171,-0.980,0.995
143.672,0.051,-0.172,-0.996,1.012
143.682,0.053,-0.168,-1.011,1.026
143.692,0.056,-0.159,-1.015,1.029
143.702,0.061,-0.152,-1.015,1.028
143.712,0.068,-0.148,-1.012,1.025
143.722,0.075,-0.147,-1.014,1.028
143.732,0.076,-0.147,-1.022,1.035
143.742,0.070,-0.142,-1.026,1.038
143.752,0.061,-0.143,-1.040,1.051
143.762,0.050,-0.142,-1.050,1.061
143.772,0.049,-0.139,-1.049,1.059
143.782,0.053,-0.140,-1.041,1.052
143.792,0.062,-0.139,-1.036,1.047
143.802,0.073,-0.141,-1.051,1.063
143.811,0.062,-0.144,-1.079,1.090
143.821,0.044,-0.140,-1.087,1.097
143.832,0.036,-0.138,-1.072,1.081
143.841,0.046,-0.145,-1.046,1.057
143.851,0.053,-0.152,-1.016,1.028
143.861,0.058,-0.153,-0.990,1.004
143.871,0.061,-0.155,-0.977,0.991
143.881,0.057,-0.162,-0.982,0.997
143.891,0.042,-0.166,-0.994,1.009
143.901,0.035,-0.161,-0.997,1.011
143.911,0.040,-0.154,-1.000,1.013
143.921,0.046,-0.154,-1.011,1.023
143.931,0.042,-0.155,-1.030,1.042
143.941,0.041,-0.151,-1.040,1.052
143.951,0.045,-0.148,-1.042,1.053
143.961,0.051,-0.148,-1.039,1.051
143.971,0.054,-0.150,-1.032,1.044
143.981,0.051,-0.152,-1.017,1.030
143.991,0.047,-0.157,-1.005,1.019
144.001,0.043,-0.161,-1.001,1.015
144.011,0.038,-0.164,-1.001,1.015
144.021,0.042,-0.159,-1.005,1.018
144.031,0.044,-0.156,-1.014,1.026
144.041,0.043,-0.155,-1.023,1.036
144.051,0.042,-0.153,-1.027,1.039
144.061,0.043,-0.151,-1.029,1.041
144.071,0.044,-0.152,-1.037,1.049
144.081,0.041,-0.152,-1.044,1.056
144.091,0.039,-0.148,-1.054,1.065
144.101,0.042,-0.142,-1.062,1.072
144.111,0.045,-0.137,-1.063,1.073
144.121,0.044,-0.136,-1.059,1.069
144.131,0.042,-0.136,-1.054,1.063
144.141,0.041,-0.141,-1.061,1.071
144.150,0.032,-0.144,-1.074,1.084
144.160,0.029,-0.141,-1.072,1.082
144.170,0.029,-0.136,-1.063,1.072
144.180,0.034,-0.136,-1.051,1.060
144.190,0.040,-0.137,-1.045,1.055
144.200,0.039,-0.145,-1.052,1.062
144.210,0.028,-0.144,-1.057,1.067
144.220,0.022,-0.140,-1.052,1.061
144.230,0.026,-0.146,-1.044,1.054
144.240,0.034,-0.150,-1.036,1.047
144.250,0.040,-0.147,-1.037,1.048
144.260,0.042,-0.142,-1.049,1.059
144.270,0.044,-0.135,-1.058,1.067
144.280,0.046,-0.130,-1.060,1.069
144.290,0.050,-0.130,-1.062,1.071
144.300,0.050,-0.132,-1.063,1.073
144.310,0.049,-0.134,-1.065,1.075
144.320,0.049,-0.137,-1.069,1.079
144.330,0.048,-0.136,-1.077,1.086
144.340,0.047,-0.130,-1.083,1.092
144.350,0.047,-0.127,-1.085,1.093
144.360,0.049,-0.125,-1.083,1.091
144.370,0.052,-0.124,-1.079,1.087
144.380,0.056,-0.122,-1.073,1.082
144.390,0.057,-0.123,-1.074,1.083
144.400,0.052,-0.124,-1.077,1.085
144.410,0.046,-0.125,-1.081,1.090
144.420,0.041,-0.126,-1.085,1.093
144.430,0.038,-0.126,-1.087,1.094
144.440,0.036,-0.125,-1.088,1.096
144.450,0.035,-0.124,-1.084,1.092
144.460,0.036,-0.124,-1.080,1.088
144.470,0.037,-0.127,-1.075,1.084
144.480,0.040,-0.127,-1.068,1.076
144.490,0.042,-0.126,-1.063,1.071
144.500,0.041,-0.122,-1.062,1.070
144.509,0.040,-0.121,-1.065,1.073
144.519,0.038,-0.118,-1.066,1.074
144.529,0.041,-0.115,-1.066,1.073
144.539,0.045,-0.117,-1.065,1.072
144.550,0.045,-0.117,-1.062,1.069
144.559,0.039,-0.117,-1.056,1.063
144.569,0.037,-0.118,-1.054,1.062
144.579,0.039,-0.117,-1.050,1.058
144.589,0.043,-0.113,-1.044,1.051
144.599,0.049,-0.109,-1.037,1.044
144.609,0.053,-0.108,-1.030,1.037
144.619,0.052,-0.108,-1.026,1.033
144.629,0.050,-0.111,-1.029,1.036
144.639,0.047,-0.111,-1.034,1.042
144.649,0.044,-0.110,-1.041,1.048
144.659,0.043,-0.107,-1.047,1.053
144.669,0.048,-0.102,-1.047,1.053
144.679,0.054,-0.099,-1.047,1.053
144.689,0.055,-0.098,-1.045,1.051
144.699,0.050,-0.100,-1.044,1.049
144.709,0.045,-0.103,-1.042,1.048
144.719,0.040,-0.109,-1.038,1.044
144.729,0.035,-0.116,-1.037,1.044
144.739,0.029,-0.121,-1.042,1.049
144.749,0.026,-0.120,-1.042,1.049
144.759,0.029,-0.112,-1.038,1.044
144.769,0.031,-0.113,-1.037,1.044
144.779,0.036,-0.117,-1.036,1.043
144.789,0.038,-0.120,-1.038,1.046
144.799,0.034,-0.122,-1.039,1.046
144.809,0.028,-0.123,-1.035,1.043
144.819,0.026,-0.125,-1.033,1.041
144.828,0.023,-0.128,-1.037,1.045
144.839,0.024,-0.130,-1.051,1.059
144.848,0.035,-0.123,-1.063,1.071
144.858,0.049,-0.111,-1.071,1.078
144.868,0.058,-0.104,-1.080,1.086
144.879,0.059,-0.099,-1.087,1.093
144.888,0.053,-0.102,-1.091,1.097
144.898,0.035,-0.112,-1.096,1.103
144.908,0.008,-0.124,-1.096,1.103
144.918,-0.005,-0.130,-1.087,1.095
144.928,0.001,-0.133,-1.072,1.080
144.938,0.018,-0.127,-1.051,1.059
144.948,0.039,-0.117,-1.031,1.038
144.958,0.045,-0.114,-1.026,1.033
144.968,0.038,-0.119,-1.037,1.044
144.978,0.031,-0.121,-1.047,1.054
144.988,0.035,-0.111,-1.047,1.054
144.998,0.043,-0.105,-1.045,1.051
145.008,0.046,-0.097,-1.051,1.056
145.018,0.053,-0.085,-1.054,1.058
145.028,0.062,-0.081,-1.058,1.063
145.038,0.063,-0.081,-1.065,1.070
145.048,0.063,-0.076,-1.073,1.077
145.058,0.069,-0.066,-1.069,1.073
145.068,0.073,-0.061,-1.062,1.066
145.078,0.074,-0.062,-1.055,1.060
145.088,0.077,-0.063,-1.049,1.054
145.098,0.083,-0.063,-1.042,1.047
145.108,0.084,-0.062,-1.037,1.042
145.118,0.084,-0.054,-1.036,1.041
145.128,0.087,-0.044,-1.041,1.046
145.138,0.093,-0.040,-1.047,1.052
145.148,0.102,-0.043,-1.048,1.053
145.158,0.107,-0.044,-1.042,1.049
145.167,0.106,-0.041,-1.029,1.036
145.177,0.109,-0.038,-1.018,1.024
145.187,0.116,-0.037,-1.014,1.022
145.197,0.128,-0.032,-1.014,1.023
145.207,0.143,-0.027,-1.019,1.029
145.217,0.152,-0.028,-1.025,1.037
145.227,0.156,-0.029,-1.037,1.049
145.237,0.155,-0.019,-1.044,1.056
145.247,0.155,-0.003,-1.046,1.058
145.257,0.154,0.005,-1.044,1.056
145.267,0.151,0.007,-1.043,1.054
145.277,0.145,0.004,-1.048,1.058
145.287,0.137,0.006,-1.052,1.061
145.297,0.127,0.014,-1.057,1.064
145.307,0.123,0.028,-1.067,1.074
145.317,0.135,0.040,-1.077,1.086
145.327,0.144,0.044,-1.088,1.099
145.337,0.141,0.045,-1.102,1.112
145.347,0.137,0.048,-1.114,1.124
145.357,0.134,0.056,-1.114,1.124
145.367,0.139,0.062,-1.107,1.117
145.377,0.148,0.066,-1.093,1.105
145.387,0.156,0.074,-1.076,1.090
145.397,0.153,0.080,-1.062,1.076
145.407,0.145,0.085,-1.061,1.074
145.417,0.141,0.091,-1.068,1.081
145.427,0.140,0.103,-1.079,1.093
145.437,0.133,0.117,-1.097,1.111
145.447,0.122,0.128,-1.119,1.133
145.457,0.112,0.137,-1.143,1.156
145.467,0.105,0.145,-1.169,1.183
145.477,0.106,0.153,-1.204,1.218
145.487,0.113,0.163,-1.253,1.269
145.497,0.128,0.181,-1.291,1.310
145.506,0.142,0.199,-1.307,1.329
145.517,0.147,0.207,-1.298,1.323
145.526,0.146,0.200,-1.278,1.302
145.536,0.137,0.184,-1.250,1.271
145.546,0.121,0.165,-1.215,1.232
145.556,0.106,0.142,-1.179,1.192
145.566,0.096,0.123,-1.144,1.155
145.576,0.083,0.113,-1.115,1.124
145.586,0.070,0.101,-1.089,1.096
145.596,0.053,0.088,-1.069,1.074
145.606,0.033,0.076,-1.050,1.053
145.616,0.010,0.066,-1.029,1.031
145.626,-0.007,0.061,-1.019,1.021
145.636,-0.002,0.059,-1.021,1.023
145.646,0.021,0.057,-1.033,1.035
145.656,0.051,0.056,-1.059,1.062
145.666,0.087,0.056,-1.087,1.092
145.676,0.117,0.053,-1.104,1.111
145.686,0.134,0.045,-1.104,1.113
145.696,0.139,0.033,-1.090,1.099
145.706,0.138,0.015,-1.067,1.076
145.716,0.130,-0.003,-1.045,1.053
145.726,0.121,-0.017,-1.026,1.033
145.736,0.111,-0.027,-1.025,1.031
145.746,0.097,-0.030,-1.034,1.039
145.756,0.090,-0.027,-1.041,1.045
145.766,0.090,-0.024,-1.042,1.046
145.776,0.093,-0.029,-1.033,1.037
145.786,0.093,-0.039,-1.022,1.027
145.796,0.082,-0.052,-1.018,1.022
145.806,0.058,-0.059,-1.016,1.019
145.816,0.038,-0.064,-1.011,1.014
145.826,0.028,-0.068,-1.008,1.010
145.836,0.027,-0.069,-1.002,1.005
145.846,0.033,-0.064,-0.989,0.991
145.855,0.044,-0.062,-0.978,0.981
145.865,0.053,-0.063,-0.977,0.981
145.875,0.054,-0.066,-0.983,0.986
145.885,0.046,-0.067,-0.992,0.995
145.895,0.043,-0.066,-1.001,1.004
145.905,0.049,-0.067,-1.012,1.016
145.915,0.058,-0.070,-1.027,1.031
145.925,0.064,-0.073,-1.031,1.036
145.935,0.068,-0.075,-1.025,1.030
145.945,0.068,-0.078,-1.016,1.021
145.955,0.063,-0.082,-1.010,1.016
145.965,0.058,-0.087,-1.011,1.016
145.975,0.062,-0.087,-1.015,1.021
145.985,0.065,-0.081,-1.024,1.029
145.995,0.069,-0.074,-1.042,1.047
146.005,0.082,-0.067,-1.055,1.060
146.015,0.091,-0.067,-1.060,1.066
146.025,0.088,-0.071,-1.064,1.070
146.035,0.077,-0.077,-1.070,1.076
146.045,0.070,-0.084,-1.075,1.081
146.055,0.073,-0.090,-1.069,1.076
146.065,0.077,-0.089,-1.058,1.065
146.075,0.082,-0.089,-1.054,1.061
146.085,0.088,-0.089,-1.051,1.059
146.095,0.097,-0.088,-1.051,1.060
146.105,0.104,-0.085,-1.058,1.067
146.115,0.105,-0.084,-1.067,1.075
146.125,0.100,-0.088,-1.071,1.079
146.135,0.094,-0.096,-1.073,1.081
146.145,0.087,-0.107,-1.074,1.083
146.155,0.077,-0.114,-1.067,1.076
146.165,0.069,-0.120,-1.057,1.066
146.175,0.067,-0.126,-1.048,1.057
146.185,0.076,-0.126,-1.035,1.045
146.194,0.091,-0.123,-1.021,1.032
146.204,0.104,-0.124,-1.013,1.026
146.214,0.108,-0.131,-1.022,1.037
146.224,0.098,-0.138,-1.040,1.053
146.235,0.084,-0.140,-1.042,1.055
146.244,0.073,-0.139,-1.029,1.040
146.254,0.072,-0.142,-1.014,1.026
146.264,0.074,-0.141,-1.004,1.017
146.274,0.072,-0.135,-1.004,1.016
146.284,0.072,-0.128,-1.013,1.024
146.294,0.078,-0.122,-1.028,1.038
146.304,0.090,-0.115,-1.052,1.062
146.314,0.096,-0.112,-1.078,1.088
146.324,0.094,-0.113,-1.098,1.108
146.334,0.077,-0.117,-1.113,1.121
146.344,0.057,-0.121,-1.113,1.121
146.354,0.055,-0.126,-1.097,1.106
146.364,0.065,-0.130,-1.078,1.088
146.374,0.073,-0.130,-1.064,1.074
146.384,0.075,-0.127,-1.056,1.066
146.394,0.075,-0.126,-1.051,1.061
146.404,0.077,-0.127,-1.048,1.058
146.414,0.081,-0.131,-1.048,1.059
146.424,0.081,-0.138,-1.051,1.063
146.434,0.072,-0.142,-1.053,1.065
146.444,0.056,-0.145,-1.054,1.066
146.454,0.043,-0.149,-1.048,1.059
146.464,0.038,-0.152,-1.041,1.053
146.474,0.042,-0.153,-1.036,1.048
146.484,0.054,-0.153,-1.034,1.047
146.494,0.067,-0.152,-1.038,1.051
146.504,0.079,-0.147,-1.049,1.063
146.514,0.085,-0.144,-1.060,1.073
146.524,0.085,-0.144,-1.063,1.076
146.533,0.080,-0.146,-1.064,1.076
146.543,0.072,-0.147,-1.057,1.070
146.553,0.068,-0.152,-1.049,1.063
146.563,0.069,-0.163,-1.040,1.055
146.573,0.059,-0.172,-1.037,1.053
146.583,0.041,-0.178,-1.035,1.051
146.593,0.028,-0.176,-1.030,1.045
146.603,0.025,-0.172,-1.025,1.039
146.613,0.033,-0.168,-1.023,1.037
146.623,0.046,-0.161,-1.033,1.046
146.633,0.052,-0.150,-1.051,1.063
146.643,0.054,-0.138,-1.071,1.081
146.653,0.045,-0.131,-1.085,1.094
146.663,0.026,-0.132,-1.091,1.099
146.673,0.006,-0.132,-1.095,1.103
146.683,-0.001,-0.132,-1.091,1.099
146.693,0.002,-0.130,-1.084,1.092
146.703,0.016,-0.124,-1.079,1.087
146.713,0.031,-0.116,-1.081,1.088
146.723,0.040,-0.103,-1.086,1.092
146.733,0.041,-0.085,-1.090,1.094
146.743,0.047,-0.074,-1.088,1.092
146.753,0.058,-0.077,-1.086,1.091
146.763,0.067,-0.085,-1.090,1.095
146.773,0.065,-0.088,-1.089,1.095
146.783,0.056,-0.088,-1.076,1.081
146.793,0.048,-0.092,-1.059,1.064
146.803,0.042,-0.102,-1.044,1.050
146.813,0.030,-0.112,-1.031,1.037
146.823,0.014,-0.122,-1.019,1.027
146.833,0.002,-0.127,-1.006,1.014
146.843,0.003,-0.126,-1.001,1.009
146.853,0.017,-0.120,-1.002,1.010
146.863,0.037,-0.111,-1.005,1.012
146.872,0.062,-0.105,-1.008,1.015
146.883,0.083,-0.103,-1.014,1.022
146.893,0.089,-0.111,-1.027,1.037
146.902,0.078,-0.120,-1.034,1.044
146.912,0.059,-0.126,-1.027,1.036
146.922,0.044,-0.135,-1.009,1.019
146.932,0.039,-0.141,-0.989,0.999
146.942,0.046,-0.136,-0.969,0.980
146.952,0.056,-0.132,-0.971,0.982
146.962,0.058,-0.130,-1.005,1.015
146.972,0.057,-0.120,-1.053,1.062
146.982,0.054,-0.104,-1.095,1.101
146.992,0.055,-0.094,-1.133,1.138
147.002,0.057,-0.093,-1.159,1.164
147.012,0.051,-0.091,-1.162,1.167
147.022,0.052,-0.090,-1.143,1.148
147.032,0.066,-0.103,-1.123,1.130
147.042,0.073,-0.123,-1.126,1.135
147.052,0.076,-0.125,-1.133,1.142
147.062,0.075,-0.111,-1.135,1.143
147.072,0.074,-0.101,-1.137,1.144
147.082,0.075,-0.103,-1.139,1.146
147.092,0.071,-0.104,-1.139,1.146
147.102,0.057,-0.103,-1.134,1.140
147.112,0.038,-0.104,-1.126,1.131
147.122,0.020,-0.108,-1.119,1.124
147.132,0.014,-0.118,-1.111,1.117
147.142,0.018,-0.124,-1.095,1.102
147.152,0.025,-0.124,-1.075,1.083
147.162,0.031,-0.124,-1.052,1.060
147.172,0.037,-0.125,-1.037,1.045
147.182,0.043,-0.130,-1.035,1.044
147.192,0.044,-0.138,-1.035,1.045
147.201,0.043,-0.141,-1.033,1.043
147.211,0.041,-0.142,-1.027,1.037
147.222,0.041,-0.142,-1.018,1.029
147.231,0.039,-0.143,-1.008,1.019
147.241,0.036,-0.146,-0.998,1.009
147.251,0.030,-0.151,-0.991,1.003
147.261,0.021,-0.154,-0.989,1.001
147.271,0.011,-0.152,-0.977,0.988
147.281,0.009,-0.151,-0.962,0.974
147.291,0.016,-0.157,-0.956,0.969
147.301,0.023,-0.162,-0.961,0.975
147.311,0.014,-0.163,-0.975,0.989
147.321,-0.003,-0.161,-0.995,1.008
147.331,-0.015,-0.160,-1.009,1.022
147.341,-0.016,-0.161,-1.014,1.027
147.351,-0.010,-0.163,-1.015,1.028
147.361,-0.005,-0.161,-1.008,1.021
147.371,-0.001,-0.157,-1.003,1.015
147.381,0.003,-0.155,-1.006,1.018
147.391,0.009,-0.150,-1.011,1.022
147.401,0.020,-0.144,-1.017,1.028
147.411,0.027,-0.140,-1.029,1.039
147.421,0.021,-0.140,-1.049,1.058
147.431,0.002,-0.142,-1.073,1.082
147.441,-0.015,-0.149,-1.085,1.095
147.451,-0.022,-0.149,-1.083,1.094
147.461,-0.018,-0.148,-1.076,1.086
147.471,-0.002,-0.149,-1.066,1.077
147.481,0.015,-0.150,-1.056,1.067
147.491,0.021,-0.148,-1.047,1.058
147.501,0.012,-0.144,-1.041,1.051
147.511,-0.001,-0.141,-1.028,1.038
147.521,-0.003,-0.144,-1.010,1.021
147.530,0.002,-0.148,-0.998,1.009
147.541,0.013,-0.145,-0.995,1.006
147.550,0.027,-0.142,-1.002,1.012
147.560,0.036,-0.141,-1.025,1.035
147.571,0.038,-0.137,-1.057,1.067
147.580,0.038,-0.126,-1.079,1.087
147.590,0.036,-0.119,-1.078,1.086
147.600,0.038,-0.116,-1.063,1.070
147.610,0.046,-0.120,-1.033,1.041
147.620,0.055,-0.128,-1.001,1.011
147.630,0.057,-0.137,-0.978,0.989
147.640,0.054,-0.140,-0.970,0.982
147.650,0.041,-0.142,-0.972,0.984
147.660,0.030,-0.147,-0.973,0.984
147.670,0.027,-0.154,-0.970,0.983
147.680,0.030,-0.156,-0.963,0.976
147.690,0.039,-0.154,-0.955,0.968
147.700,0.056,-0.150,-0.950,0.964
147.710,0.077,-0.145,-0.947,0.961
147.720,0.090,-0.147,-0.948,0.964
147.730,0.089,-0.151,-0.952,0.968
147.740,0.080,-0.154,-0.954,0.970
147.750,0.069,-0.165,-0.957,0.974
147.760,0.056,-0.176,-0.959,0.977
147.770,0.048,-0.181,-0.957,0.975
147.780,0.049,-0.182,-0.954,0.973
147.790,0.060,-0.173,-0.949,0.966
147.800,0.075,-0.162,-0.948,0.964
147.810,0.082,-0.157,-0.953,0.969
147.820,0.079,-0.160,-0.958,0.975
147.830,0.068,-0.167,-0.965,0.981
147.840,0.055,-0.174,-0.979,0.996
147.850,0.042,-0.180,-0.988,1.005
147.860,0.031,-0.182,-0.993,1.010
147.870,0.026,-0.186,-0.995,1.013
147.879,0.029,-0.190,-0.988,1.006
147.889,0.032,-0.196,-0.979,0.999
147.900,0.038,-0.199,-0.974,0.995
147.909,0.048,-0.197,-0.970,0.991
147.919,0.061,-0.188,-0.969,0.989
147.929,0.069,-0.182,-0.969,0.988
147.939,0.072,-0.185,-0.973,0.993
147.949,0.066,-0.189,-0.978,0.998
147.959,0.058,-0.193,-0.981,1.001
147.969,0.055,-0.195,-0.976,0.997
147.979,0.056,-0.191,-0.971,0.991
147.989,0.054,-0.189,-0.969,0.989
147.999,0.054,-0.191,-0.963,0.984
148.009,0.052,-0.192,-0.959,0.979
148.019,0.052,-0.194,-0.955,0.976
148.029,0.050,-0.197,-0.955,0.976
148.039,0.044,-0.201,-0.955,0.977
148.049,0.035,-0.205,-0.956,0.978
148.059,0.030,-0.213,-0.967,0.990
148.069,0.027,-0.215,-0.981,1.005
148.079,0.029,-0.207,-0.997,1.018
148.089,0.034,-0.196,-1.002,1.021
148.099,0.041,-0.188,-0.996,1.014
148.109,0.050,-0.189,-0.980,0.999
148.119,0.055,-0.198,-0.964,0.985
148.129,0.052,-0.205,-0.950,0.973
148.139,0.051,-0.213,-0.953,0.978
148.149,0.046,-0.216,-0.972,0.997
148.159,0.041,-0.213,-0.985,1.009
148.169,0.038,-0.209,-0.990,1.013
148.179,0.037,-0.207,-0.990,1.012
148.189,0.036,-0.209,-0.981,1.004
148.199,0.037,-0.215,-0.966,0.990
148.209,0.039,-0.222,-0.951,0.977
148.218,0.037,-0.226,-0.941,0.968
148.229,0.033,-0.227,-0.931,0.959
148.238,0.030,-0.231,-0.925,0.954
148.248,0.030,-0.235,-0.927,0.957
148.258,0.034,-0.234,-0.931,0.961
148.268,0.037,-0.229,-0.939,0.967
148.278,0.045,-0.223,-0.948,0.975
148.288,0.057,-0.215,-0.960,0.986
148.298,0.063,-0.207,-0.973,0.997
148.308,0.058,-0.205,-0.983,1.005
148.318,0.051,-0.207,-0.987,1.010
148.328,0.041,-0.215,-0.988,1.012
148.338,0.035,-0.224,-0.981,1.007
148.348,0.034,-0.229,-0.978,1.005
148.358,0.034,-0.228,-0.976,1.003
148.368,0.037,-0.224,-0.968,0.994
148.378,0.039,-0.222,-0.958,0.984
148.388,0.041,-0.224,-0.948,0.975
148.398,0.039,-0.227,-0.942,0.970
148.408,0.042,-0.229,-0.944,0.973
148.418,0.044,-0.229,-0.953,0.982
148.428,0.046,-0.229,-0.966,0.993
148.438,0.043,-0.230,-0.974,1.002
148.448,0.042,-0.229,-0.982,1.010
148.458,0.038,-0.229,-0.991,1.018
148.468,0.040,-0.226,-0.995,1.021
148.478,0.036,-0.226,-0.996,1.022
148.488,0.028,-0.228,-0.983,1.009
148.498,0.022,-0.235,-0.964,0.993
148.508,0.018,-0.244,-0.941,0.972
148.518,0.012,-0.246,-0.920,0.952
148.528,0.012,-0.246,-0.910,0.942
148.538,0.014,-0.246,-0.916,0.949
148.548,0.016,-0.237,-0.926,0.956
148.558,0.015,-0.224,-0.931,0.958
148.567,0.016,-0.216,-0.937,0.962
148.578,0.020,-0.217,-0.947,0.971
148.587,0.022,-0.218,-0.958,0.983
148.597,0.020,-0.219,-0.966,0.991
148.607,0.021,-0.217,-0.973,0.997
148.617,0.024,-0.214,-0.973,0.997
148.627,0.025,-0.214,-0.967,0.991
148.637,0.022,-0.211,-0.956,0.980
148.647,0.022,-0.211,-0.943,0.966
148.657,0.025,-0.216,-0.937,0.962
148.667,0.025,-0.221,-0.936,0.962
148.677,0.019,-0.225,-0.939,0.966
148.687,0.011,-0.226,-0.944,0.970
148.697,0.008,-0.224,-0.946,0.972
148.707,0.015,-0.220,-0.955,0.980
148.717,0.022,-0.220,-0.975,0.999
148.727,0.027,-0.216,-0.985,1.009
148.737,0.022,-0.214,-0.983,1.007
148.747,0.014,-0.218,-0.977,1.001
148.757,0.009,-0.228,-0.967,0.994
148.767,0.005,-0.237,-0.957,0.986
148.777,-0.000,-0.242,-0.950,0.980
148.787,-0.002,-0.240,-0.943,0.973
148.797,-0.001,-0.234,-0.930,0.959
148.807,0.002,-0.234,-0.915,0.944
148.817,0.004,-0.239,-0.905,0.936
148.827,-0.000,-0.246,-0.917,0.949
148.837,-0.005,-0.249,-0.949,0.982
148.847,-0.008,-0.245,-0.984,1.014
148.857,-0.008,-0.236,-1.011,1.038
148.867,-0.002,-0.232,-1.034,1.060
148.877,0.003,-0.232,-1.046,1.071
148.887,-0.000,-0.233,-1.044,1.070
148.897,-0.007,-0.239,-1.028,1.055
148.906,-0.009,-0.249,-1.010,1.041
148.916,-0.002,-0.254,-0.995,1.027
148.927,0.011,-0.249,-0.978,1.009
148.936,0.023,-0.235,-0.958,0.987
148.946,0.036,-0.220,-0.943,0.969
148.956,0.048,-0.212,-0.940,0.965
148.966,0.049,-0.214,-0.953,0.978
148.976,0.034,-0.215,-0.967,0.992
148.986,0.012,-0.219,-0.981,1.006
148.996,0.001,-0.222,-0.992,1.017
149.006,0.002,-0.221,-0.996,1.020
149.016,0.010,-0.212,-0.993,1.015
149.026,0.021,-0.199,-0.988,1.008
149.036,0.033,-0.187,-0.978,0.996
149.046,0.042,-0.181,-0.976,0.993
149.056,0.046,-0.178,-0.981,0.998
149.066,0.044,-0.180,-0.987,1.004
149.076,0.040,-0.180,-0.988,1.005
149.086,0.034,-0.178,-0.984,1.001
149.096,0.029,-0.175,-0.977,0.993
149.106,0.027,-0.173,-0.970,0.985
149.116,0.034,-0.174,-0.961,0.977
149.126,0.042,-0.178,-0.957,0.974
149.136,0.048,-0.183,-0.962,0.981
149.146,0.049,-0.184,-0.964,0.983
149.156,0.044,-0.187,-0.966,0.985
149.166,0.036,-0.193,-0.968,0.988
149.176,0.034,-0.197,-0.968,0.988
149.186,0.036,-0.200,-0.966,0.987
149.196,0.043,-0.198,-0.963,0.984
149.206,0.047,-0.194,-0.966,0.987
149.216,0.045,-0.190,-0.974,0.994
149.226,0.041,-0.185,-0.983,1.001
149.236,0.039,-0.188,-0.992,1.010
149.245,0.036,-0.192,-0.999,1.017
149.256,0.034,-0.192,-0.998,1.017
149.266,0.036,-0.188,-0.985,1.003
149.275,0.042,-0.185,-0.969,0.987
149.285,0.054,-0.184,-0.958,0.977
149.295,0.062,-0.185,-0.952,0.972
149.305,0.065,-0.185,-0.950,0.970
149.315,0.061,-0.187,-0.951,0.971
149.325,0.055,-0.188,-0.953,0.973
149.335,0.054,-0.187,-0.953,0.973
149.345,0.052,-0.183,-0.957,0.976
149.355,0.047,-0.177,-0.961,0.978
149.365,0.050,-0.169,-0.966,0.982
149.375,0.056,-0.162,-0.976,0.991
149.385,0.060,-0.152,-0.987,1.001
149.395,0.062,-0.147,-1.002,1.015
149.405,0.061,-0.142,-1.016,1.028
149.415,0.055,-0.141,-1.026,1.037
149.425,0.047,-0.144,-1.028,1.039
149.435,0.040,-0.146,-1.024,1.035
149.445,0.040,-0.150,-1.015,1.027
149.455,0.051,-0.154,-1.011,1.024
149.465,0.063,-0.155,-1.007,1.021
149.475,0.066,-0.154,-1.001,1.015
149.485,0.062,-0.154,-0.991,1.005
149.495,0.060,-0.161,-0.983,0.998
149.505,0.057,-0.171,-0.976,0.993
149.515,0.048,-0.179,-0.969,0.987
149.525,0.036,-0.187,-0.963,0.982
149.535,0.029,-0.192,-0.960,0.979
149.545,0.028,-0.194,-0.961,0.981
149.555,0.030,-0.191,-0.960,0.979
149.565,0.036,-0.189,-0.958,0.977
149.574,0.046,-0.182,-0.953,0.971
149.585,0.051,-0.178,-0.950,0.968
149.594,0.052,-0.175,-0.950,0.968
149.604,0.049,-0.175,-0.960,0.977
149.614,0.047,-0.175,-0.981,0.997
149.624,0.039,-0.173,-0.999,1.015
149.634,0.036,-0.166,-1.012,1.026
149.644,0.035,-0.162,-1.017,1.031
149.654,0.039,-0.161,-1.018,1.031
149.664,0.047,-0.157,-1.014,1.027
149.674,0.054,-0.155,-1.010,1.023
149.684,0.057,-0.153,-1.010,1.023
149.694,0.052,-0.153,-1.010,1.023
149.704,0.047,-0.154,-1.009,1.022
149.714,0.045,-0.160,-1.008,1.022
149.724,0.041,-0.162,-1.006,1.020
149.734,0.037,-0.160,-0.999,1.013
149.744,0.037,-0.162,-0.990,1.004
149.754,0.038,-0.168,-0.983,0.998
149.764,0.039,-0.172,-0.976,0.992
149.774,0.035,-0.175,-0.976,0.992
149.784,0.031,-0.177,-0.975,0.991
149.794,0.031,-0.178,-0.975,0.991
149.804,0.029,-0.179,-0.974,0.991
149.814,0.025,-0.180,-0.973,0.990
149.824,0.024,-0.180,-0.970,0.987
149.834,0.023,-0.180,-0.964,0.981
149.844,0.028,-0.181,-0.957,0.975
149.854,0.032,-0.179,-0.950,0.968
149.864,0.034,-0.177,-0.947,0.964
149.874,0.031,-0.177,-0.949,0.966
149.884,0.025,-0.175,-0.951,0.967
149.894,0.023,-0.173,-0.952,0.967
149.904,0.025,-0.172,-0.953,0.968
149.913,0.029,-0.174,-0.955,0.971
149.923,0.030,-0.173,-0.955,0.971
149.933,0.027,-0.174,-0.958,0.975
149.943,0.023,-0.176,-0.965,0.981
149.953,0.020,-0.177,-0.969,0.986
149.963,0.018,-0.176,-0.974,0.990
149.973,0.016,-0.179,-0.979,0.995
149.983,0.019,-0.179,-0.983,0.999
149.993,0.024,-0.174,-0.984,1.000
150.003,0.031,-0.168,-0.984,0.999
150.013,0.040,-0.165,-0.987,1.001
150.023,0.045,-0.162,-0.985,1.000
150.033,0.043,-0.164,-0.988,1.003
150.043,0.035,-0.171,-0.991,1.006
150.053,0.028,-0.178,-0.991,1.007
150.063,0.027,-0.184,-0.985,1.003
150.073,0.033,-0.187,-0.973,0.992
150.083,0.040,-0.188,-0.965,0.984
150.093,0.048,-0.187,-0.963,0.982
150.103,0.051,-0.186,-0.968,0.988
150.113,0.047,-0.188,-0.984,1.003
150.123,0.039,-0.189,-1.003,1.021
150.133,0.033,-0.188,-1.017,1.035
150.143,0.030,-0.189,-1.027,1.045
150.153,0.030,-0.190,-1.032,1.050
150.163,0.029,-0.190,-1.028,1.046
150.173,0.025,-0.190,-1.017,1.035
150.183,0.019,-0.191,-1.003,1.021
150.193,0.017,-0.193,-0.992,1.011
150.203,0.015,-0.195,-0.985,1.005
150.213,0.016,-0.197,-0.984,1.003
150.223,0.019,-0.196,-0.988,1.008
150.233,0.019,-0.193,-0.993,1.012
150.243,0.018,-0.191,-0.993,1.011
150.252,0.015,-0.195,-0.990,1.009
150.263,0.010,-0.199,-0.985,1.005
150.273,0.005,-0.200,-0.979,0.999
150.282,0.004,-0.198,-0.972,0.992
150.292,0.010,-0.196,-0.963,0.982
150.302,0.017,-0.196,-0.956,0.976
150.312,0.021,-0.193,-0.953,0.973
150.322,0.020,-0.192,-0.954,0.973
150.332,0.014,-0.195,-0.959,0.978
150.342,0.009,-0.201,-0.964,0.985
150.352,0.008,-0.210,-0.959,0.982
150.362,0.013,-0.216,-0.951,0.975
150.372,0.018,-0.215,-0.940,0.965
150.382,0.021,-0.209,-0.930,0.954
150.392,0.025,-0.202,-0.924,0.946
150.402,0.028,-0.192,-0.926,0.947
150.412,0.027,-0.185,-0.933,0.951
150.422,0.020,-0.179,-0.940,0.957
150.432,0.016,-0.172,-0.946,0.961
150.442,0.022,-0.161,-0.950,0.963
150.452,0.038,-0.148,-0.953,0.965
150.462,0.055,-0.137,-0.960,0.971
150.472,0.066,-0.123,-0.979,0.989
150.482,0.075,-0.112,-1.003,1.012
150.492,0.083,-0.109,-1.028,1.037
150.502,0.088,-0.113,-1.047,1.057
150.512,0.087,-0.123,-1.058,1.069
150.522,0.077,-0.133,-1.050,1.061
150.532,0.064,-0.144,-1.031,1.043
150.542,0.054,-0.154,-0.997,1.011
150.552,0.054,-0.162,-0.959,0.974
150.562,0.056,-0.167,-0.929,0.945
150.572,0.055,-0.164,-0.914,0.930
150.582,0.058,-0.159,-0.920,0.935
150.592,0.068,-0.152,-0.950,0.965
150.602,0.078,-0.145,-0.993,1.006
150.611,0.079,-0.138,-1.032,1.045
150.621,0.076,-0.134,-1.057,1.068
150.631,0.066,-0.134,-1.061,1.072
150.641,0.054,-0.140,-1.043,1.054
150.651,0.048,-0.149,-1.012,1.024
150.661,0.051,-0.157,-0.978,0.992
150.671,0.059,-0.161,-0.948,0.964
150.681,0.069,-0.160,-0.929,0.946
150.691,0.074,-0.156,-0.922,0.938
150.701,0.079,-0.155,-0.920,0.936
150.711,0.085,-0.159,-0.929,0.946
150.721,0.086,-0.163,-0.941,0.959
150.731,0.081,-0.161,-0.954,0.971
150.741,0.074,-0.156,-0.960,0.975
150.751,0.070,-0.153,-0.957,0.972
150.761,0.069,-0.153,-0.953,0.968
150.771,0.069,-0.150,-0.949,0.964
150.781,0.069,-0.146,-0.951,0.964
150.791,0.069,-0.141,-0.961,0.974
150.801,0.066,-0.134,-0.980,0.991
150.811,0.063,-0.125,-0.997,1.007
150.821,0.056,-0.121,-1.010,1.018
150.831,0.046,-0.121,-1.012,1.020
150.841,0.037,-0.119,-1.006,1.013
150.851,0.032,-0.116,-0.998,1.006
150.861,0.031,-0.115,-0.995,1.002
150.871,0.031,-0.111,-0.997,1.004
150.881,0.036,-0.107,-1.009,1.016
150.891,0.049,-0.104,-1.030,1.037
150.901,0.061,-0.103,-1.049,1.056
150.911,0.071,-0.105,-1.067,1.074
150.921,0.074,-0.106,-1.078,1.085
150.930,0.067,-0.110,-1.072,1.080
150.940,0.055,-0.120,-1.051,1.059
150.951,0.047,-0.134,-1.017,1.027
150.960,0.048,-0.151,-0.980,0.993
150.970,0.048,-0.164,-0.948,0.963
150.980,0.045,-0.168,-0.919,0.936
150.990,0.040,-0.166,-0.904,0.920
151.000,0.036,-0.160,-0.899,0.914
151.010,0.035,-0.153,-0.904,0.918
151.020,0.032,-0.147,-0.920,0.932
151.030,0.027,-0.143,-0.944,0.955
151.040,0.021,-0.135,-0.971,0.981
151.050,0.016,-0.130,-0.994,1.002
151.060,0.015,-0.126,-1.013,1.021
151.070,0.020,-0.124,-1.026,1.034
151.080,0.024,-0.123,-1.036,1.043
151.090,0.024,-0.124,-1.037,1.044
151.100,0.017,-0.128,-1.033,1.041
151.110,0.007,-0.132,-1.028,1.037
151.120,-0.006,-0.131,-1.026,1.034
151.130,-0.013,-0.128,-1.022,1.030
151.140,-0.018,-0.125,-1.014,1.022
151.150,-0.018,-0.123,-1.010,1.017
151.160,-0.019,-0.120,-1.004,1.012
151.170,-0.017,-0.116,-1.004,1.011
151.180,-0.015,-0.111,-1.007,1.013
151.190,-0.015,-0.109,-1.016,1.022
151.200,-0.014,-0.108,-1.025,1.030
151.210,-0.014,-0.108,-1.030,1.036
151.220,-0.017,-0.110,-1.027,1.033
151.230,-0.026,-0.112,-1.016,1.023
151.240,-0.030,-0.120,-1.000,1.007
151.249,-0.027,-0.128,-0.975,0.984
151.260,-0.020,-0.135,-0.955,0.965
151.270,-0.010,-0.136,-0.937,0.947
151.280,0.001,-0.133,-0.923,0.933
151.289,0.014,-0.130,-0.920,0.929
151.299,0.025,-0.130,-0.926,0.935
151.309,0.029,-0.131,-0.937,0.947
151.319,0.026,-0.129,-0.950,0.960
151.329,0.020,-0.128,-0.959,0.968
151.339,0.016,-0.130,-0.969,0.978
151.349,0.015,-0.128,-0.977,0.985
151.359,0.015,-0.121,-0.983,0.990
151.369,0.016,-0.117,-0.992,0.999
151.379,0.021,-0.113,-1.008,1.014
151.389,0.025,-0.107,-1.022,1.028
151.399,0.028,-0.100,-1.027,1.033
151.409,0.025,-0.096,-1.021,1.026
151.419,0.020,-0.094,-1.008,1.012
151.429,0.014,-0.094,-0.987,0.991
151.439,0.009,-0.097,-0.966,0.971
151.449,0.004,-0.102,-0.956,0.961
151.459,0.003,-0.100,-0.953,0.958
151.469,0.005,-0.091,-0.955,0.960
151.479,0.007,-0.078,-0.958,0.961
151.489,0.014,-0.074,-0.965,0.968
151.499,0.023,-0.079,-0.973,0.977
151.509,0.021,-0.088,-0.981,0.985
151.519,0.013,-0.097,-0.987,0.992
151.529,0.002,-0.108,-0.988,0.994
151.539,-0.006,-0.118,-0.980,0.987
151.549,-0.006,-0.123,-0.962,0.970
151.559,0.003,-0.125,-0.944,0.952
151.569,0.012,-0.121,-0.929,0.937
151.578,0.022,-0.115,-0.923,0.931
151.588,0.039,-0.109,-0.920,0.928
151.598,0.051,-0.111,-0.924,0.932
151.608,0.051,-0.118,-0.940,0.948
151.618,0.033,-0.124,-0.961,0.970
151.628,0.006,-0.127,-0.981,0.989
151.638,-0.017,-0.127,-0.998,1.007
151.648,-0.027,-0.124,-1.005,1.013
151.658,-0.021,-0.117,-1.000,1.007
151.668,-0.009,-0.110,-0.990,0.996
151.678,0.002,-0.102,-0.980,0.985
151.688,0.014,-0.099,-0.979,0.984
151.698,0.028,-0.097,-0.983,0.988
151.708,0.032,-0.091,-0.994,0.998
151.718,0.034,-0.087,-1.018,1.022
151.728,0.028,-0.090,-1.065,1.070
151.738,0.017,-0.091,-1.096,1.100
151.748,0.014,-0.084,-1.101,1.104
151.758,0.016,-0.076,-1.090,1.092
151.768,0.026,-0.073,-1.066,1.069
151.778,0.038,-0.075,-1.033,1.037
151.788,0.043,-0.072,-0.995,0.999
151.798,0.046,-0.072,-0.960,0.964
151.808,0.050,-0.071,-0.935,0.939
151.818,0.066,-0.072,-0.922,0.927
151.828,0.076,-0.081,-0.937,0.943
151.838,0.062,-0.077,-0.955,0.960
151.848,0.043,-0.055,-0.957,0.960
151.858,0.021,-0.035,-0.953,0.954
151.868,0.015,-0.026,-0.957,0.958
151.878,0.044,-0.030,-0.956,0.958
151.888,0.051,-0.028,-0.954,0.956
151.898,0.052,-0.023,-0.970,0.971
151.908,0.044,-0.022,-0.996,0.997
151.918,0.038,-0.023,-1.007,1.008
151.928,0.030,-0.030,-1.019,1.020
151.938,0.016,-0.041,-1.037,1.038
151.948,0.012,-0.046,-1.042,1.043
151.958,0.008,-0.044,-1.040,1.041
151.968,0.009,-0.043,-1.045,1.046
151.978,0.015,-0.042,-1.051,1.052
151.987,0.017,-0.042,-1.041,1.042
151.997,0.017,-0.044,-1.017,1.018
152.007,0.021,-0.042,-0.990,0.991
152.017,0.029,-0.043,-0.969,0.971
152.027,0.040,-0.051,-0.965,0.967
152.037,0.038,-0.066,-0.980,0.983
152.047,0.038,-0.073,-0.989,0.993
152.057,0.041,-0.069,-0.989,0.992
152.067,0.048,-0.058,-0.985,0.987
152.077,0.054,-0.052,-0.974,0.977
152.087,0.048,-0.055,-0.985,0.987
152.097,0.030,-0.067,-1.019,1.021
152.107,0.007,-0.078,-1.045,1.048
152.117,-0.007,-0.079,-1.045,1.048
152.127,0.005,-0.076,-1.029,1.032
152.137,0.025,-0.075,-1.016,1.019
152.147,0.036,-0.076,-1.001,1.005
152.157,0.036,-0.078,-0.982,0.986
152.167,0.034,-0.081,-0.968,0.971
152.177,0.039,-0.083,-0.951,0.956
152.187,0.048,-0.087,-0.939,0.944
152.197,0.048,-0.092,-0.933,0.939
152.207,0.041,-0.093,-0.934,0.939
152.217,0.033,-0.092,-0.946,0.951
152.227,0.026,-0.093,-0.964,0.968
152.237,0.022,-0.087,-0.978,0.983
152.247,0.020,-0.079,-0.989,0.992
152.257,0.018,-0.075,-0.998,1.001
152.267,0.008,-0.073,-1.010,1.012
152.277,-0.001,-0.070,-1.021,1.023
152.287,-0.001,-0.070,-1.028,1.030
152.297,0.004,-0.072,-1.031,1.033
152.307,0.011,-0.067,-1.029,1.031
152.316,0.020,-0.058,-1.026,1.027
152.326,0.032,-0.051,-1.021,1.023
152.336,0.044,-0.046,-1.019,1.021
152.346,0.048,-0.045,-1.017,1.020
152.356,0.040,-0.051,-1.018,1.020
152.366,0.030,-0.061,-1.013,1.015
152.376,0.022,-0.066,-1.006,1.008
152.386,0.022,-0.073,-1.001,1.004
152.396,0.025,-0.079,-0.999,1.003
152.406,0.030,-0.076,-1.005,1.008
152.416,0.030,-0.069,-1.001,1.004
152.426,0.036,-0.061,-0.996,0.998
152.436,0.037,-0.063,-1.003,1.006
152.446,0.037,-0.067,-1.004,1.007
152.456,0.039,-0.068,-1.004,1.007
152.466,0.043,-0.061,-0.989,0.992
152.476,0.046,-0.057,-0.968,0.971
152.486,0.051,-0.053,-0.946,0.949
152.496,0.072,-0.047,-0.927,0.931
152.506,0.092,-0.051,-0.942,0.948
152.516,0.075,-0.067,-0.998,1.003
152.526,0.049,-0.070,-1.036,1.039
152.536,0.027,-0.056,-1.057,1.059
152.546,0.023,-0.047,-1.062,1.064
152.556,0.045,-0.036,-1.044,1.046
152.566,0.077,-0.024,-1.021,1.024
152.576,0.095,-0.026,-1.021,1.026
152.586,0.103,-0.031,-1.022,1.028
152.596,0.099,-0.041,-1.024,1.029
152.605,0.070,-0.053,-1.022,1.026
152.616,0.058,-0.054,-1.003,1.006
152.625,0.045,-0.062,-0.988,0.991
152.635,0.043,-0.081,-0.980,0.984
152.645,0.044,-0.097,-0.980,0.986
152.655,0.047,-0.097,-0.978,0.984
152.665,0.045,-0.083,-0.980,0.984
152.675,0.043,-0.068,-0.989,0.992
152.685,0.050,-0.065,-0.990,0.993
152.695,0.052,-0.075,-0.990,0.994
152.705,0.051,-0.089,-0.989,0.995
152.715,0.053,-0.094,-0.986,0.992
152.725,0.052,-0.091,-0.979,0.985
152.735,0.049,-0.082,-0.973,0.977
152.745,0.043,-0.074,-0.972,0.976
152.755,0.039,-0.073,-0.979,0.983
152.765,0.040,-0.078,-0.981,0.985
152.775,0.047,-0.084,-0.980,0.985
152.785,0.055,-0.083,-0.980,0.985
152.795,0.056,-0.075,-0.983,0.988
152.805,0.051,-0.070,-0.995,0.999
152.815,0.046,-0.070,-1.003,1.006
152.825,0.042,-0.073,-1.002,1.006
152.835,0.030,-0.080,-0.998,1.002
152.845,0.034,-0.083,-0.987,0.991
152.855,0.046,-0.077,-0.984,0.988
152.865,0.058,-0.072,-0.983,0.988
152.875,0.064,-0.066,-0.986,0.990
152.885,0.061,-0.063,-0.998,1.002
152.895,0.057,-0.069,-1.010,1.014
152.905,0.056,-0.074,-1.009,1.013
152.915,0.059,-0.078,-0.994,0.999
152.925,0.060,-0.086,-0.979,0.984
152.935,0.058,-0.094,-0.967,0.973
152.945,0.054,-0.099,-0.965,0.972
152.955,0.041,-0.102,-0.968,0.974
152.965,0.037,-0.101,-0.967,0.973
152.974,0.042,-0.099,-0.969,0.975
152.984,0.051,-0.094,-0.977,0.983
152.994,0.058,-0.086,-0.984,0.989
153.004,0.063,-0.081,-0.988,0.994
153.014,0.062,-0.080,-0.995,1.000
153.024,0.059,-0.082,-1.004,1.009
153.034,0.057,-0.081,-1.013,1.018
153.044,0.053,-0.079,-1.018,1.023
153.054,0.054,-0.075,-1.020,1.024
153.064,0.057,-0.072,-1.015,1.019
153.074,0.058,-0.072,-1.008,1.013
153.084,0.058,-0.077,-1.005,1.009
153.094,0.055,-0.079,-0.999,1.004
153.104,0.050,-0.079,-0.990,0.994
153.114,0.044,-0.079,-0.982,0.987
153.124,0.046,-0.085,-0.981,0.986
153.134,0.047,-0.089,-0.988,0.993
153.144,0.048,-0.086,-0.998,1.002
153.154,0.052,-0.082,-1.006,1.010
153.164,0.053,-0.078,-1.008,1.013
153.174,0.054,-0.078,-1.006,1.010
153.184,0.051,-0.076,-1.007,1.011
153.194,0.045,-0.080,-1.005,1.009
153.204,0.038,-0.087,-0.994,0.999
153.214,0.034,-0.094,-0.977,0.982
153.224,0.040,-0.098,-0.956,0.962
153.234,0.051,-0.097,-0.949,0.955
153.244,0.060,-0.096,-0.952,0.959
153.254,0.064,-0.093,-0.958,0.965
153.264,0.057,-0.085,-0.964,0.969
153.274,0.048,-0.085,-0.965,0.970
153.284,0.047,-0.089,-0.964,0.969
153.294,0.048,-0.093,-0.968,0.974
153.304,0.043,-0.094,-0.987,0.992
153.313,0.028,-0.098,-1.017,1.022
153.323,0.019,-0.097,-1.031,1.036
153.333,0.018,-0.094,-1.026,1.031
153.343,0.025,-0.091,-1.011,1.016
153.353,0.038,-0.091,-0.994,0.999
153.363,0.045,-0.094,-0.983,0.989
153.373,0.047,-0.096,-0.980,0.986
153.383,0.043,-0.095,-0.983,0.988
153.393,0.038,-0.096,-0.992,0.998
153.403,0.031,-0.100,-1.000,1.006
153.413,0.026,-0.104,-1.003,1.009
153.423,0.027,-0.104,-1.000,1.005
153.433,0.033,-0.102,-0.990,0.996
153.443,0.042,-0.102,-0.979,0.985
153.453,0.046,-0.102,-0.973,0.979
153.463,0.043,-0.104,-0.965,0.972
153.473,0.035,-0.109,-0.964,0.971
153.483,0.033,-0.113,-0.963,0.970
153.493,0.036,-0.114,-0.963,0.970
153.503,0.038,-0.114,-0.966,0.973
153.513,0.040,-0.108,-0.969,0.975
153.523,0.040,-0.104,-0.980,0.986
153.533,0.041,-0.102,-0.989,0.995
153.543,0.038,-0.101,-0.995,1.001
153.553,0.031,-0.103,-0.995,1.001
153.563,0.031,-0.103,-0.989,0.995
153.573,0.035,-0.104,-0.984,0.990
153.583,0.041,-0.107,-0.978,0.985
153.593,0.044,-0.107,-0.976,0.982
153.603,0.045,-0.101,-0.983,0.990
153.613,0.047,-0.093,-0.994,0.999
153.622,0.048,-0.085,-1.002,1.006
153.633,0.046,-0.082,-1.007,1.011
153.642,0.043,-0.087,-1.009,1.014
153.653,0.042,-0.093,-1.007,1.012
153.663,0.040,-0.096,-1.003,1.008
153.672,0.037,-0.099,-1.008,1.014
153.682,0.038,-0.098,-1.014,1.020
153.692,0.040,-0.092,-1.013,1.018
153.702,0.042,-0.089,-1.008,1.013
153.712,0.045,-0.090,-0.997,1.002
153.722,0.047,-0.095,-0.984,0.989
153.732,0.047,-0.102,-0.971,0.978
153.742,0.046,-0.105,-0.963,0.970
153.752,0.049,-0.106,-0.961,0.968
153.762,0.055,-0.106,-0.961,0.968
153.772,0.060,-0.107,-0.964,0.972
153.782,0.058,-0.103,-0.971,0.978
153.792,0.052,-0.100,-0.977,0.984
153.802,0.044,-0.102,-0.987,0.993
153.812,0.039,-0.105,-0.990,0.996
153.822,0.035,-0.106,-0.990,0.996
153.832,0.033,-0.107,-0.987,0.993
153.842,0.032,-0.109,-0.980,0.986
153.852,0.035,-0.108,-0.972,0.979
153.862,0.039,-0.109,-0.972,0.978
153.872,0.044,-0.106,-0.975,0.981
153.882,0.050,-0.097,-0.980,0.986
153.892,0.052,-0.088,-0.989,0.995
153.902,0.055,-0.083,-1.004,1.009
153.912,0.056,-0.081,-1.016,1.021
153.922,0.054,-0.083,-1.027,1.031
153.932,0.046,-0.086,-1.031,1.035
153.942,0.041,-0.088,-1.031,1.036
153.952,0.042,-0.090,-1.021,1.026
153.962,0.045,-0.091,-1.007,1.012
153.971,0.048,-0.093,-0.995,1.001
153.982,0.051,-0.093,-0.987,0.993
153.991,0.053,-0.093,-0.983,0.989
154.001,0.052,-0.095,-0.980,0.986
154.012,0.050,-0.097,-0.978,0.984
154.021,0.045,-0.098,-0.976,0.982
154.031,0.041,-0.099,-0.974,0.980
154.041,0.038,-0.101,-0.970,0.976
154.051,0.037,-0.103,-0.973,0.979
154.061,0.037,-0.102,-0.977,0.983
154.071,0.042,-0.099,-0.978,0.984
154.081,0.040,-0.097,-0.979,0.985
154.091,0.039,-0.097,-0.980,0.986
154.101,0.041,-0.095,-0.982,0.987
154.111,0.043,-0.092,-0.984,0.989
154.121,0.043,-0.090,-0.987,0.992
154.131,0.036,-0.088,-0.993,0.998
154.141,0.029,-0.087,-1.005,1.009
154.151,0.024,-0.090,-1.017,1.021
154.161,0.021,-0.091,-1.020,1.025
154.171,0.024,-0.089,-1.017,1.021
154.181,0.032,-0.085,-1.011,1.015
154.191,0.038,-0.081,-1.009,1.013
154.201,0.041,-0.079,-1.004,1.008
154.211,0.039,-0.080,-0.999,1.003
154.221,0.030,-0.082,-0.995,0.999
154.231,0.027,-0.087,-0.991,0.995
154.241,0.031,-0.091,-0.990,0.995
154.251,0.034,-0.090,-0.987,0.991
154.261,0.032,-0.087,-0.986,0.990
154.271,0.033,-0.088,-0.994,0.998
154.281,0.035,-0.092,-1.002,1.007
154.291,0.038,-0.093,-1.001,1.006
154.301,0.037,-0.091,-0.994,0.999
154.310,0.034,-0.093,-0.983,0.987
154.320,0.034,-0.097,-0.970,0.975
154.330,0.038,-0.097,-0.963,0.969
154.340,0.045,-0.096,-0.966,0.972
154.350,0.047,-0.099,-0.973,0.980
154.360,0.042,-0.095,-0.976,0.981
154.370,0.038,-0.091,-0.978,0.983
154.380,0.038,-0.093,-0.979,0.984
154.390,0.037,-0.094,-0.981,0.986
154.400,0.031,-0.094,-0.987,0.992
154.410,0.028,-0.093,-0.995,0.999
154.420,0.033,-0.090,-0.997,1.002
154.430,0.036,-0.084,-0.996,1.000
154.440,0.043,-0.079,-0.994,0.998
154.451,0.048,-0.075,-0.990,0.994
154.460,0.046,-0.074,-0.988,0.992
154.470,0.042,-0.074,-0.987,0.990
154.480,0.039,-0.076,-0.988,0.992
154.490,0.036,-0.079,-0.988,0.992
154.500,0.038,-0.078,-0.986,0.990
154.510,0.046,-0.077,-0.988,0.992
154.520,0.051,-0.075,-0.989,0.994
154.530,0.053,-0.075,-0.994,0.999
154.540,0.053,-0.078,-0.997,1.002
154.550,0.046,-0.082,-0.996,1.000
154.560,0.037,-0.085,-0.994,0.998
154.570,0.029,-0.088,-0.987,0.991
154.580,0.023,-0.095,-0.980,0.985
154.590,0.019,-0.102,-0.977,0.982
154.600,0.022,-0.103,-0.973,0.978
154.610,0.025,-0.099,-0.973,0.978
154.620,0.030,-0.095,-0.976,0.981
154.630,0.033,-0.091,-0.984,0.989
154.640,0.030,-0.087,-0.993,0.997
154.649,0.023,-0.088,-1.004,1.008
154.659,0.020,-0.088,-1.009,1.013
154.669,0.020,-0.088,-1.009,1.013
154.679,0.026,-0.090,-1.007,1.011
154.689,0.033,-0.087,-1.009,1.013
154.699,0.037,-0.084,-1.008,1.012
154.709,0.034,-0.080,-1.005,1.009
154.719,0.030,-0.079,-1.000,1.004
154.729,0.029,-0.083,-0.994,0.998
154.739,0.014,-0.093,-0.997,1.001
154.749,0.019,-0.095,-0.990,0.995
154.759,0.034,-0.089,-0.982,0.987
154.769,0.050,-0.081,-0.974,0.978
154.779,0.059,-0.079,-0.975,0.979
154.789,0.054,-0.081,-0.989,0.994
154.799,0.042,-0.085,-1.001,1.005
154.809,0.037,-0.082,-1.000,1.004
154.819,0.037,-0.082,-0.994,0.998
154.829,0.040,-0.083,-0.984,0.989
154.839,0.048,-0.091,-0.985,0.991
154.849,0.051,-0.099,-0.992,0.998
154.859,0.038,-0.097,-0.989,0.995
154.869,0.026,-0.092,-0.978,0.983
154.879,0.026,-0.092,-0.962,0.967
154.889,0.032,-0.093,-0.948,0.953
154.899,0.040,-0.097,-0.942,0.948
154.909,0.046,-0.099,-0.951,0.957
154.919,0.040,-0.102,-0.969,0.975
154.929,0.033,-0.102,-0.989,0.994
154.939,0.027,-0.099,-1.004,1.009
154.949,0.025,-0.091,-1.011,1.015
154.959,0.027,-0.090,-1.016,1.021
154.969,0.032,-0.090,-1.018,1.023
154.979,0.028,-0.084,-1.012,1.016
154.989,0.023,-0.081,-1.006,1.010
154.998,0.023,-0.084,-0.999,1.002
155.008,0.027,-0.085,-0.991,0.996
155.019,0.030,-0.088,-0.994,0.999
155.028,0.032,-0.089,-1.006,1.010
155.038,0.034,-0.085,-1.016,1.020
155.048,0.030,-0.080,-1.020,1.024
155.058,0.026,-0.079,-1.020,1.024
155.068,0.025,-0.083,-1.017,1.021
155.078,0.024,-0.087,-1.008,1.012
155.088,0.019,-0.094,-0.996,1.001
155.098,0.017,-0.102,-0.986,0.992
155.108,0.019,-0.103,-0.975,0.980
155.118,0.027,-0.098,-0.962,0.967
155.128,0.035,-0.095,-0.957,0.963
155.138,0.033,-0.097,-0.964,0.969
155.148,0.023,-0.098,-0.970,0.975
155.158,0.013,-0.100,-0.978,0.983
155.168,0.005,-0.103,-0.990,0.996
155.178,0.006,-0.099,-1.000,1.004
155.188,0.011,-0.090,-1.003,1.007
155.198,0.018,-0.084,-1.003,1.007
155.208,0.022,-0.086,-1.005,1.009
155.218,0.020,-0.083,-0.998,1.001
155.228,0.016,-0.083,-0.990,0.994
155.238,0.016,-0.088,-0.983,0.987
155.248,0.022,-0.090,-0.973,0.978
155.258,0.024,-0.090,-0.975,0.979
155.268,0.028,-0.092,-0.987,0.992
155.278,0.029,-0.085,-0.996,1.000
155.288,0.025,-0.073,-0.997,1.000
155.298,0.025,-0.071,-0.997,1.000
155.308,0.029,-0.080,-0.999,1.002
155.318,0.026,-0.084,-0.998,1.002
155.327,0.018,-0.087,-0.996,1.000
155.337,0.017,-0.089,-0.999,1.003
155.348,0.022,-0.092,-1.004,1.008
155.357,0.024,-0.085,-1.000,1.004
155.367,0.027,-0.078,-0.993,0.996
155.377,0.031,-0.079,-0.990,0.993
155.387,0.028,-0.080,-0.985,0.989
155.397,0.019,-0.084,-0.982,0.986
155.407,0.025,-0.090,-0.989,0.993
155.417,0.031,-0.093,-1.001,1.006
155.427,0.031,-0.086,-1.007,1.011
155.437,0.034,-0.080,-1.010,1.014
155.447,0.033,-0.080,-1.007,1.010
155.457,0.030,-0.085,-1.000,1.004
155.467,0.031,-0.094,-0.995,1.000
155.477,0.026,-0.096,-0.990,0.995
155.487,0.026,-0.093,-0.981,0.986
155.497,0.030,-0.093,-0.977,0.982
155.507,0.033,-0.093,-0.976,0.981
155.517,0.039,-0.091,-0.971,0.976
155.527,0.041,-0.092,-0.971,0.976
155.537,0.038,-0.095,-0.976,0.981
155.547,0.033,-0.093,-0.980,0.985
155.557,0.032,-0.090,-0.986,0.991
155.567,0.032,-0.092,-0.992,0.996
155.577,0.035,-0.090,-0.990,0.995
155.587,0.037,-0.085,-0.987,0.992
155.597,0.039,-0.081,-0.985,0.990
155.607,0.045,-0.078,-0.983,0.987
155.617,0.046,-0.077,-0.986,0.990
155.627,0.044,-0.079,-0.996,1.000
155.637,0.040,-0.082,-1.009,1.013
155.647,0.037,-0.078,-1.019,1.022
155.657,0.044,-0.070,-1.022,1.025
155.667,0.052,-0.068,-1.024,1.028
155.676,0.060,-0.067,-1.018,1.021
155.686,0.056,-0.068,-1.009,1.013
155.696,0.049,-0.075,-1.002,1.006
155.706,0.045,-0.085,-0.998,1.003
155.716,0.039,-0.097,-0.997,1.003
155.726,0.037,-0.101,-0.997,1.003
155.736,0.035,-0.101,-0.995,1.000
155.746,0.034,-0.098,-0.983,0.989
155.756,0.038,-0.096,-0.972,0.977
155.766,0.037,-0.099,-0.964,0.970
155.776,0.033,-0.102,-0.961,0.967
155.786,0.031,-0.106,-0.963,0.970
155.796,0.033,-0.102,-0.974,0.980
155.806,0.032,-0.097,-0.990,0.996
155.816,0.028,-0.093,-1.002,1.007
155.826,0.028,-0.088,-1.006,1.010
155.836,0.034,-0.090,-1.005,1.010
155.846,0.042,-0.091,-1.001,1.006
155.856,0.042,-0.086,-0.995,1.000
155.866,0.037,-0.085,-0.988,0.993
155.876,0.035,-0.085,-0.983,0.987
155.886,0.037,-0.084,-0.981,0.985
155.896,0.038,-0.085,-0.983,0.988
155.906,0.037,-0.085,-0.996,1.000
155.916,0.036,-0.083,-1.002,1.006
155.926,0.036,-0.079,-1.003,1.006
155.936,0.044,-0.081,-1.000,1.005
155.946,0.053,-0.082,-0.996,1.000
155.956,0.057,-0.080,-0.992,0.996
155.966,0.055,-0.084,-0.988,0.993
155.976,0.054,-0.089,-0.985,0.991
155.986,0.051,-0.090,-0.984,0.989
155.996,0.052,-0.090,-0.981,0.986
156.006,0.052,-0.094,-0.978,0.984
156.015,0.050,-0.099,-0.982,0.988
156.026,0.046,-0.103,-0.990,0.997
156.035,0.039,-0.105,-0.993,0.999
156.045,0.040,-0.101,-0.990,0.996
156.055,0.050,-0.099,-0.987,0.994
156.065,0.059,-0.096,-0.984,0.991
156.075,0.059,-0.099,-0.980,0.987
156.085,0.055,-0.102,-0.981,0.987
156.095,0.046,-0.097,-0.984,0.990
156.105,0.045,-0.100,-0.993,0.999
156.115,0.041,-0.103,-1.000,1.006
156.125,0.043,-0.101,-1.003,1.009
156.135,0.051,-0.095,-1.001,1.007
156.145,0.056,-0.092,-0.998,1.004
156.155,0.063,-0.091,-0.991,0.997
156.165,0.074,-0.090,-0.988,0.995
156.175,0.076,-0.090,-0.986,0.993
156.185,0.072,-0.093,-0.986,0.993
156.195,0.060,-0.097,-0.985,0.992
156.205,0.056,-0.101,-0.983,0.989
156.215,0.061,-0.102,-0.979,0.986
156.225,0.072,-0.101,-0.975,0.983
156.235,0.077,-0.100,-0.973,0.981
156.245,0.081,-0.098,-0.970,0.978
156.255,0.080,-0.103,-0.970,0.979
156.265,0.080,-0.103,-0.972,0.981
156.275,0.080,-0.111,-0.980,0.989
156.285,0.074,-0.116,-0.980,0.990
156.295,0.072,-0.117,-0.976,0.986
156.305,0.083,-0.118,-0.966,0.976
156.315,0.093,-0.121,-0.956,0.969
156.325,0.092,-0.124,-0.947,0.959
156.335,0.088,-0.128,-0.937,0.950
156.344,0.085,-0.134,-0.932,0.946
156.354,0.084,-0.135,-0.926,0.940
156.364,0.079,-0.137,-0.924,0.938
156.374,0.078,-0.139,-0.926,0.939
156.384,0.075,-0.138,-0.922,0.935
156.394,0.070,-0.136,-0.914,0.927
156.404,0.071,-0.136,-0.905,0.918
156.414,0.074,-0.137,-0.900,0.914
156.424,0.074,-0.136,-0.897,0.910
156.434,0.072,-0.134,-0.893,0.906
156.444,0.074,-0.133,-0.894,0.907
156.454,0.077,-0.132,-0.898,0.911
156.464,0.081,-0.130,-0.907,0.920
156.474,0.080,-0.123,-0.920,0.931
156.484,0.081,-0.118,-0.927,0.938
156.494,0.079,-0.115,-0.928,0.938
156.504,0.079,-0.113,-0.922,0.932
156.514,0.085,-0.116,-0.914,0.925
156.524,0.092,-0.121,-0.907,0.919
156.534,0.095,-0.122,-0.896,0.909
156.544,0.092,-0.121,-0.886,0.898
156.554,0.091,-0.125,-0.887,0.900
156.564,0.085,-0.133,-0.895,0.909
156.574,0.082,-0.132,-0.895,0.908
156.584,0.089,-0.128,-0.891,0.904
156.594,0.097,-0.127,-0.898,0.912
156.604,0.094,-0.129,-0.910,0.924
156.614,0.088,-0.132,-0.910,0.924
156.624,0.080,-0.136,-0.903,0.917
156.634,0.076,-0.139,-0.891,0.905
156.644,0.085,-0.142,-0.881,0.896
156.654,0.100,-0.147,-0.873,0.891
156.664,0.108,-0.146,-0.870,0.889
156.674,0.108,-0.139,-0.867,0.884
156.684,0.105,-0.134,-0.864,0.881
156.693,0.104,-0.135,-0.868,0.885
156.704,0.109,-0.138,-0.874,0.892
156.713,0.106,-0.142,-0.884,0.901
156.723,0.095,-0.138,-0.885,0.901
156.734,0.090,-0.133,-0.881,0.895
156.743,0.096,-0.128,-0.881,0.895
156.753,0.101,-0.124,-0.881,0.895
156.763,0.106,-0.124,-0.881,0.896
156.773,0.106,-0.121,-0.889,0.903
156.783,0.100,-0.116,-0.897,0.910
156.793,0.092,-0.115,-0.906,0.917
156.803,0.087,-0.113,-0.915,0.926
156.813,0.089,-0.115,-0.923,0.935
156.823,0.088,-0.118,-0.928,0.940
156.833,0.086,-0.115,-0.926,0.937
156.843,0.096,-0.112,-0.924,0.936
156.853,0.106,-0.110,-0.920,0.932
156.863,0.110,-0.112,-0.913,0.926
156.873,0.104,-0.112,-0.903,0.916
156.883,0.096,-0.117,-0.897,0.910
156.893,0.095,-0.124,-0.890,0.903
156.903,0.097,-0.131,-0.886,0.900
156.913,0.097,-0.135,-0.885,0.900
156.923,0.098,-0.132,-0.881,0.896
156.933,0.098,-0.128,-0.880,0.894
156.943,0.101,-0.126,-0.888,0.903
156.953,0.100,-0.129,-0.902,0.916
156.963,0.097,-0.125,-0.907,0.921
156.973,0.097,-0.119,-0.907,0.920
156.983,0.097,-0.112,-0.904,0.916
156.993,0.102,-0.116,-0.907,0.920
157.003,0.104,-0.124,-0.913,0.927
157.013,0.095,-0.126,-0.913,0.927
157.022,0.090,-0.122,-0.908,0.921
157.032,0.091,-0.118,-0.901,0.914
157.043,0.099,-0.114,-0.899,0.912
157.052,0.109,-0.112,-0.904,0.917
157.062,0.113,-0.113,-0.909,0.923
157.072,0.104,-0.109,-0.918,0.930
157.082,0.093,-0.107,-0.923,0.934
157.092,0.094,-0.107,-0.922,0.933
157.102,0.100,-0.108,-0.919,0.931
157.112,0.100,-0.110,-0.918,0.930
157.122,0.097,-0.111,-0.916,0.928
157.132,0.096,-0.113,-0.914,0.926
157.142,0.094,-0.117,-0.910,0.923
157.152,0.094,-0.120,-0.912,0.924
157.162,0.095,-0.121,-0.914,0.927
157.172,0.093,-0.122,-0.914,0.927
157.182,0.092,-0.121,-0.912,0.925
157.192,0.096,-0.120,-0.911,0.924
157.202,0.103,-0.118,-0.911,0.925
157.212,0.107,-0.119,-0.913,0.927
157.222,0.107,-0.119,-0.918,0.932
157.232,0.105,-0.115,-0.921,0.934
157.242,0.101,-0.114,-0.925,0.937
157.252,0.101,-0.111,-0.924,0.937
157.262,0.103,-0.111,-0.923,0.936
157.272,0.102,-0.115,-0.926,0.939
157.282,0.100,-0.118,-0.932,0.945
157.292,0.094,-0.117,-0.936,0.948
157.302,0.094,-0.116,-0.936,0.948
157.312,0.097,-0.116,-0.928,0.940
157.322,0.100,-0.117,-0.917,0.930
157.332,0.101,-0.119,-0.915,0.928
157.342,0.100,-0.123,-0.923,0.936
157.352,0.098,-0.122,-0.919,0.933
157.361,0.092,-0.115,-0.911,0.923
157.371,0.090,-0.113,-0.901,0.913
157.381,0.095,-0.118,-0.892,0.904
157.391,0.101,-0.121,-0.884,0.898
157.401,0.106,-0.122,-0.888,0.902
157.411,0.106,-0.122,-0.901,0.916
157.421,0.108,-0.115,-0.912,0.925
157.431,0.113,-0.104,-0.920,0.932
157.441,0.116,-0.097,-0.920,0.932
157.451,0.115,-0.092,-0.911,0.923
157.461,0.119,-0.096,-0.908,0.921
157.471,0.120,-0.105,-0.914,0.928
157.481,0.108,-0.108,-0.919,0.932
157.491,0.096,-0.106,-0.919,0.930
157.501,0.094,-0.105,-0.915,0.926
157.511,0.097,-0.106,-0.909,0.920
157.521,0.103,-0.107,-0.905,0.917
157.531,0.106,-0.111,-0.906,0.919
157.541,0.101,-0.109,-0.907,0.919
157.551,0.094,-0.108,-0.910,0.921
157.561,0.089,-0.109,-0.913,0.924
157.571,0.087,-0.115,-0.919,0.930
157.581,0.087,-0.122,-0.925,0.938
157.591,0.081,-0.122,-0.922,0.933
157.601,0.077,-0.117,-0.914,0.924
157.611,0.084,-0.114,-0.905,0.916
157.621,0.097,-0.116,-0.902,0.915
157.631,0.102,-0.119,-0.902,0.916
157.641,0.097,-0.117,-0.902,0.915
157.651,0.091,-0.116,-0.905,0.917
157.661,0.088,-0.118,-0.909,0.921
157.671,0.088,-0.120,-0.916,0.928
157.681,0.088,-0.123,-0.919,0.931
157.691,0.087,-0.121,-0.923,0.935
157.701,0.092,-0.116,-0.924,0.935
157.710,0.097,-0.113,-0.921,0.933
157.720,0.098,-0.112,-0.916,0.928
157.730,0.096,-0.114,-0.909,0.921
157.740,0.090,-0.116,-0.903,0.915
157.750,0.084,-0.121,-0.900,0.912
157.760,0.080,-0.128,-0.902,0.915
157.770,0.081,-0.130,-0.907,0.920
157.780,0.087,-0.127,-0.911,0.923
157.790,0.096,-0.119,-0.910,0.923
157.800,0.103,-0.113,-0.907,0.920
157.810,0.106,-0.108,-0.901,0.914
157.820,0.104,-0.108,-0.895,0.907
157.830,0.098,-0.113,-0.889,0.901
157.840,0.088,-0.121,-0.889,0.901
157.850,0.078,-0.126,-0.892,0.904
157.860,0.074,-0.129,-0.896,0.909
157.870,0.080,-0.128,-0.904,0.917
157.880,0.087,-0.124,-0.911,0.923
157.890,0.092,-0.116,-0.910,0.922
157.900,0.090,-0.108,-0.903,0.914
157.910,0.087,-0.110,-0.903,0.914
157.920,0.081,-0.118,-0.908,0.919
157.930,0.066,-0.123,-0.916,0.927
157.940,0.061,-0.127,-0.923,0.934
157.950,0.065,-0.124,-0.925,0.936
157.960,0.076,-0.119,-0.924,0.935
157.970,0.086,-0.114,-0.922,0.933
157.980,0.092,-0.112,-0.919,0.931
157.990,0.092,-0.114,-0.916,0.928
158.000,0.083,-0.118,-0.914,0.925
158.009,0.071,-0.126,-0.920,0.931
158.020,0.058,-0.136,-0.930,0.941
158.030,0.056,-0.140,-0.934,0.946
158.040,0.065,-0.135,-0.935,0.947
158.050,0.074,-0.127,-0.930,0.942
158.059,0.084,-0.119,-0.925,0.936
158.069,0.091,-0.118,-0.924,0.936
158.080,0.091,-0.121,-0.920,0.932
158.089,0.078,-0.123,-0.908,0.919
158.099,0.068,-0.130,-0.896,0.908
158.109,0.068,-0.138,-0.882,0.895
158.119,0.070,-0.142,-0.873,0.887
158.129,0.072,-0.141,-0.876,0.890
158.139,0.075,-0.137,-0.886,0.900
158.149,0.084,-0.128,-0.899,0.912
158.159,0.091,-0.119,-0.911,0.923
158.169,0.092,-0.111,-0.919,0.930
158.179,0.090,-0.107,-0.926,0.936
158.189,0.087,-0.112,-0.933,0.943
158.199,0.083,-0.116,-0.933,0.944
158.209,0.077,-0.117,-0.930,0.940
158.219,0.076,-0.119,-0.926,0.937
158.229,0.079,-0.124,-0.920,0.932
158.239,0.082,-0.127,-0.913,0.926
158.249,0.087,-0.129,-0.910,0.923
158.259,0.091,-0.128,-0.907,0.920
158.269,0.089,-0.126,-0.902,0.916
158.279,0.082,-0.125,-0.900,0.912
158.289,0.075,-0.125,-0.901,0.913
158.299,0.074,-0.129,-0.912,0.924
158.309,0.082,-0.128,-0.924,0.937
158.319,0.088,-0.119,-0.933,0.944
158.329,0.091,-0.108,-0.938,0.948
158.339,0.094,-0.102,-0.936,0.946
158.349,0.094,-0.105,-0.941,0.951
158.359,0.093,-0.111,-0.944,0.955
158.369,0.091,-0.112,-0.943,0.954
158.378,0.086,-0.111,-0.938,0.949
158.388,0.082,-0.113,-0.928,0.939
158.398,0.079,-0.119,-0.919,0.930
158.408,0.075,-0.127,-0.917,0.929
158.418,0.069,-0.129,-0.916,0.928
158.428,0.068,-0.129,-0.913,0.924
158.438,0.068,-0.127,-0.907,0.918
158.448,0.066,-0.126,-0.899,0.910
158.458,0.072,-0.133,-0.898,0.910
158.468,0.077,-0.135,-0.901,0.915
158.478,0.076,-0.133,-0.906,0.919
158.488,0.075,-0.129,-0.905,0.917
158.498,0.074,-0.125,-0.902,0.914
158.508,0.078,-0.127,-0.895,0.907
158.518,0.080,-0.129,-0.888,0.901
158.528,0.081,-0.131,-0.888,0.901
158.538,0.081,-0.128,-0.893,0.906
158.548,0.083,-0.124,-0.898,0.910
158.558,0.084,-0.123,-0.904,0.916
158.568,0.080,-0.123,-0.912,0.924
158.578,0.073,-0.124,-0.917,0.928
158.588,0.073,-0.125,-0.921,0.932
158.598,0.075,-0.129,-0.925,0.936
158.608,0.075,-0.130,-0.923,0.935
158.618,0.072,-0.126,-0.916,0.928
158.628,0.069,-0.126,-0.908,0.920
158.638,0.071,-0.129,-0.903,0.915
158.648,0.075,-0.132,-0.900,0.913
158.658,0.081,-0.132,-0.899,0.912
158.668,0.084,-0.131,-0.900,0.913
158.678,0.082,-0.131,-0.902,0.915
158.688,0.078,-0.132,-0.908,0.920
158.698,0.078,-0.132,-0.910,0.923
158.707,0.079,-0.133,-0.909,0.922
158.718,0.078,-0.132,-0.910,0.923
158.727,0.078,-0.132,-0.912,0.925
158.737,0.081,-0.132,-0.913,0.926
158.747,0.081,-0.130,-0.913,0.926
158.757,0.082,-0.127,-0.912,0.924
158.767,0.085,-0.124,-0.909,0.921
158.777,0.087,-0.123,-0.904,0.917
158.787,0.084,-0.122,-0.901,0.913
158.797,0.079,-0.124,-0.901,0.913
158.807,0.075,-0.129,-0.908,0.920
158.817,0.077,-0.132,-0.912,0.925
158.827,0.081,-0.129,-0.914,0.927
158.837,0.087,-0.122,-0.914,0.926
158.847,0.093,-0.116,-0.911,0.924
158.857,0.096,-0.115,-0.912,0.925
158.867,0.096,-0.113,-0.914,0.926
158.877,0.090,-0.113,-0.916,0.927
158.887,0.088,-0.114,-0.916,0.927
158.897,0.086,-0.116,-0.914,0.926
158.907,0.085,-0.121,-0.915,0.927
158.917,0.085,-0.122,-0.914,0.926
158.927,0.088,-0.123,-0.915,0.927
158.937,0.088,-0.123,-0.914,0.927
158.947,0.085,-0.123,-0.912,0.924
158.957,0.083,-0.125,-0.911,0.923
158.967,0.080,-0.128,-0.909,0.921
158.977,0.075,-0.132,-0.912,0.924
158.987,0.072,-0.132,-0.915,0.928
158.997,0.070,-0.129,-0.921,0.933
159.007,0.074,-0.125,-0.928,0.940
159.017,0.082,-0.123,-0.934,0.945
159.027,0.089,-0.121,-0.932,0.944
159.037,0.090,-0.119,-0.928,0.940
159.047,0.084,-0.121,-0.926,0.938
159.057,0.080,-0.125,-0.919,0.931
159.066,0.080,-0.129,-0.912,0.924
159.076,0.079,-0.131,-0.906,0.919
159.086,0.081,-0.133,-0.909,0.922
159.096,0.081,-0.135,-0.913,0.927
159.106,0.080,-0.134,-0.916,0.929
159.116,0.081,-0.133,-0.911,0.924
159.126,0.084,-0.133,-0.903,0.917
159.136,0.087,-0.136,-0.896,0.911
159.146,0.087,-0.138,-0.891,0.905
159.156,0.088,-0.139,-0.887,0.902
159.166,0.088,-0.139,-0.884,0.899
159.176,0.085,-0.140,-0.883,0.898
159.186,0.084,-0.142,-0.882,0.897
159.196,0.085,-0.143,-0.878,0.893
159.206,0.086,-0.143,-0.875,0.891
159.216,0.089,-0.143,-0.876,0.892
159.226,0.092,-0.141,-0.875,0.891
159.236,0.092,-0.138,-0.878,0.893
159.246,0.090,-0.134,-0.888,0.903
159.256,0.085,-0.132,-0.897,0.911
159.266,0.081,-0.129,-0.904,0.917
159.276,0.081,-0.126,-0.907,0.920
159.286,0.087,-0.125,-0.914,0.927
159.296,0.097,-0.124,-0.922,0.935
159.306,0.100,-0.119,-0.926,0.939
159.316,0.098,-0.114,-0.929,0.941
159.326,0.097,-0.111,-0.928,0.940
159.336,0.098,-0.112,-0.931,0.943
159.346,0.098,-0.119,-0.934,0.946
159.356,0.095,-0.123,-0.932,0.945
159.366,0.094,-0.121,-0.927,0.939
159.376,0.092,-0.121,-0.926,0.939
159.385,0.094,-0.125,-0.929,0.942
159.396,0.096,-0.126,-0.929,0.943
159.406,0.096,-0.124,-0.929,0.942
159.415,0.095,-0.121,-0.926,0.939
159.425,0.097,-0.124,-0.925,0.938
159.436,0.096,-0.128,-0.923,0.937
159.445,0.093,-0.130,-0.918,0.932
159.455,0.092,-0.131,-0.908,0.922
159.465,0.092,-0.131,-0.898,0.912
159.475,0.090,-0.134,-0.892,0.907
159.485,0.087,-0.137,-0.886,0.901
159.495,0.083,-0.138,-0.882,0.897
159.505,0.082,-0.139,-0.883,0.898
159.515,0.083,-0.141,-0.893,0.908
159.525,0.084,-0.140,-0.906,0.921
159.535,0.084,-0.133,-0.916,0.929
159.545,0.085,-0.125,-0.918,0.931
159.555,0.088,-0.122,-0.912,0.924
159.565,0.091,-0.117,-0.914,0.926
159.575,0.087,-0.118,-0.917,0.929
159.585,0.084,-0.120,-0.919,0.931
159.595,0.079,-0.120,-0.923,0.934
159.605,0.076,-0.120,-0.931,0.942
159.615,0.075,-0.120,-0.944,0.954
159.625,0.077,-0.119,-0.955,0.965
159.635,0.079,-0.117,-0.961,0.971
159.645,0.080,-0.113,-0.961,0.971
159.655,0.081,-0.113,-0.959,0.969
159.665,0.080,-0.117,-0.959,0.970
159.675,0.078,-0.121,-0.958,0.968
159.685,0.073,-0.123,-0.956,0.967
159.695,0.072,-0.121,-0.954,0.964
159.705,0.074,-0.121,-0.955,0.965
159.715,0.077,-0.123,-0.955,0.966
159.725,0.081,-0.123,-0.954,0.965
159.735,0.083,-0.124,-0.950,0.962
159.744,0.082,-0.128,-0.950,0.962
159.755,0.079,-0.132,-0.948,0.960
159.764,0.074,-0.136,-0.943,0.955
159.774,0.070,-0.138,-0.936,0.949
159.784,0.069,-0.140,-0.929,0.942
159.794,0.073,-0.139,-0.928,0.941
159.804,0.077,-0.138,-0.932,0.946
159.814,0.081,-0.135,-0.937,0.950
159.824,0.084,-0.131,-0.942,0.955
159.834,0.084,-0.128,-0.945,0.957
159.844,0.083,-0.127,-0.949,0.961
159.854,0.081,-0.129,-0.955,0.967
159.864,0.081,-0.130,-0.955,0.967
159.874,0.083,-0.128,-0.957,0.969
159.884,0.085,-0.126,-0.959,0.971
159.894,0.083,-0.125,-0.960,0.972
159.904,0.081,-0.122,-0.963,0.974
159.914,0.079,-0.122,-0.962,0.973
159.924,0.078,-0.125,-0.961,0.972
159.934,0.077,-0.125,-0.962,0.973
159.944,0.080,-0.123,-0.967,0.978
159.954,0.083,-0.122,-0.975,0.987
159.964,0.086,-0.118,-0.976,0.987
159.974,0.088,-0.113,-0.976,0.986
159.984,0.089,-0.115,-0.975,0.986
159.994,0.087,-0.120,-0.974,0.986
160.004,0.085,-0.124,-0.973,0.984
160.014,0.084,-0.126,-0.969,0.981
160.024,0.082,-0.126,-0.962,0.973
160.034,0.083,-0.127,-0.959,0.971
160.044,0.088,-0.126,-0.955,0.967
160.054,0.091,-0.124,-0.951,0.963
160.064,0.095,-0.122,-0.952,0.964
160.073,0.099,-0.122,-0.959,0.972
160.083,0.094,-0.121,-0.966,0.978
160.093,0.085,-0.122,-0.967,0.978
160.103,0.080,-0.122,-0.964,0.975
160.113,0.083,-0.125,-0.964,0.976
160.123,0.088,-0.131,-0.970,0.982
160.133,0.086,-0.130,-0.976,0.988
160.143,0.080,-0.122,-0.979,0.990
160.153,0.079,-0.119,-0.980,0.991
160.163,0.083,-0.120,-0.981,0.991
160.173,0.084,-0.122,-0.977,0.988
160.183,0.080,-0.123,-0.970,0.981
160.193,0.076,-0.125,-0.963,0.974
160.203,0.075,-0.130,-0.958,0.970
160.213,0.079,-0.135,-0.959,0.972
160.223,0.082,-0.136,-0.962,0.975
160.233,0.084,-0.132,-0.962,0.974
160.243,0.087,-0.127,-0.962,0.974
160.253,0.091,-0.121,-0.959,0.971
160.263,0.091,-0.119,-0.961,0.973
160.273,0.086,-0.120,-0.967,0.978
160.283,0.079,-0.118,-0.968,0.978
160.293,0.075,-0.118,-0.968,0.979
160.303,0.080,-0.118,-0.971,0.982
160.313,0.085,-0.119,-0.977,0.988
160.323,0.083,-0.116,-0.983,0.993
160.333,0.078,-0.113,-0.982,0.991
160.343,0.077,-0.111,-0.976,0.985
160.353,0.080,-0.112,-0.973,0.983
160.363,0.084,-0.116,-0.971,0.981
160.373,0.083,-0.118,-0.973,0.984
160.383,0.075,-0.119,-0.979,0.989
160.393,0.068,-0.117,-0.984,0.993
160.403,0.066,-0.120,-0.989,0.998
160.412,0.068,-0.125,-0.990,1.000
160.422,0.074,-0.125,-0.987,0.997
160.432,0.080,-0.124,-0.981,0.992
160.443,0.084,-0.121,-0.977,0.988
160.452,0.083,-0.121,-0.975,0.986
160.462,0.079,-0.121,-0.974,0.985
160.472,0.076,-0.122,-0.977,0.988
160.482,0.077,-0.122,-0.988,0.999
160.492,0.081,-0.120,-0.998,1.008
160.502,0.082,-0.112,-1.001,1.011
160.512,0.085,-0.109,-1.002,1.011
160.522,0.090,-0.106,-0.997,1.007
160.532,0.090,-0.107,-0.992,1.002
160.542,0.091,-0.108,-0.988,0.998
160.552,0.091,-0.108,-0.984,0.994
160.562,0.081,-0.108,-0.984,0.994
160.572,0.080,-0.110,-0.987,0.996
160.582,0.084,-0.113,-0.990,0.999
160.592,0.088,-0.113,-0.992,1.003
160.602,0.089,-0.109,-0.992,1.002
160.612,0.084,-0.104,-0.992,1.001
160.622,0.086,-0.103,-0.991,1.000
160.632,0.087,-0.104,-0.992,1.002
160.642,0.084,-0.106,-0.995,1.004
160.652,0.080,-0.108,-0.995,1.004
160.662,0.077,-0.110,-0.992,1.001
160.672,0.077,-0.111,-0.990,0.999
160.682,0.077,-0.111,-0.992,1.001
160.692,0.078,-0.110,-0.995,1.004
160.702,0.079,-0.110,-1.003,1.012
160.712,0.079,-0.107,-1.007,1.016
160.722,0.079,-0.103,-1.008,1.017
160.732,0.083,-0.102,-1.008,1.017
160.742,0.087,-0.102,-1.005,1.013
160.751,0.090,-0.102,-0.999,1.009
160.761,0.089,-0.101,-0.996,1.005
160.771,0.087,-0.102,-0.994,1.003
160.781,0.088,-0.105,-0.992,1.002
160.791,0.089,-0.102,-0.989,0.998
160.801,0.089,-0.103,-0.988,0.998
160.811,0.088,-0.106,-0.995,1.004
160.821,0.088,-0.105,-0.999,1.008
160.831,0.087,-0.104,-0.997,1.007
160.841,0.085,-0.103,-0.997,1.006
160.851,0.082,-0.105,-1.000,1.008
160.861,0.084,-0.108,-0.997,1.007
160.871,0.085,-0.110,-0.991,1.001
160.881,0.086,-0.109,-0.979,0.989
160.891,0.089,-0.110,-0.967,0.977
160.901,0.095,-0.112,-0.960,0.972
160.911,0.097,-0.116,-0.959,0.971
160.921,0.092,-0.118,-0.966,0.978
160.931,0.083,-0.121,-0.974,0.985
160.941,0.080,-0.121,-0.978,0.989
160.951,0.083,-0.119,-0.979,0.990
160.961,0.084,-0.116,-0.981,0.992
160.971,0.085,-0.115,-0.982,0.992
160.981,0.082,-0.114,-0.982,0.992
160.991,0.078,-0.112,-0.981,0.991
161.001,0.075,-0.113,-0.987,0.997
161.011,0.073,-0.114,-0.999,1.009
161.021,0.074,-0.114,-1.008,1.018
161.031,0.073,-0.108,-1.014,1.022
161.041,0.070,-0.105,-1.015,1.023
161.051,0.067,-0.105,-1.014,1.022
161.061,0.070,-0.106,-1.012,1.020
161.071,0.075,-0.105,-1.007,1.015
161.081,0.077,-0.104,-1.000,1.008
161.090,0.074,-0.101,-0.996,1.004
161.100,0.071,-0.100,-0.997,1.005
161.111,0.073,-0.104,-0.995,1.003
161.120,0.074,-0.103,-0.990,0.998
161.130,0.072,-0.106,-0.983,0.991
161.140,0.068,-0.106,-0.978,0.986
161.150,0.063,-0.105,-0.977,0.985
161.160,0.061,-0.108,-0.979,0.987
161.170,0.061,-0.109,-0.984,0.992
161.180,0.061,-0.106,-0.989,0.996
161.190,0.065,-0.100,-0.987,0.995
161.200,0.068,-0.098,-0.987,0.994
161.210,0.071,-0.095,-0.982,0.989
161.220,0.070,-0.093,-0.979,0.986
161.230,0.070,-0.096,-0.980,0.987
161.240,0.073,-0.098,-0.978,0.986
161.250,0.072,-0.101,-0.982,0.989
161.260,0.070,-0.105,-0.987,0.995
161.270,0.065,-0.105,-0.990,0.998
161.280,0.064,-0.105,-0.990,0.998
161.290,0.062,-0.107,-0.993,1.001
161.300,0.061,-0.110,-0.997,1.004
161.310,0.064,-0.108,-1.000,1.008
161.320,0.066,-0.107,-1.007,1.014
161.330,0.063,-0.108,-1.017,1.024
161.340,0.055,-0.109,-1.029,1.036
161.350,0.050,-0.111,-1.037,1.044
161.360,0.044,-0.114,-1.041,1.049
161.370,0.040,-0.119,-1.042,1.050
161.380,0.040,-0.122,-1.043,1.051
161.390,0.039,-0.124,-1.041,1.049
161.400,0.034,-0.130,-1.038,1.047
161.410,0.031,-0.137,-1.032,1.042
161.419,0.025,-0.134,-1.020,1.029
161.430,0.025,-0.138,-1.010,1.020
161.439,0.029,-0.143,-0.998,1.009
161.449,0.028,-0.151,-0.996,1.007
161.459,0.023,-0.153,-0.992,1.004
161.469,0.014,-0.154,-0.992,1.004
161.479,0.005,-0.155,-0.992,1.004
161.489,0.008,-0.159,-0.995,1.008
161.499,0.012,-0.162,-0.994,1.007
161.509,0.017,-0.164,-0.994,1.007
161.519,0.015,-0.167,-0.999,1.013
161.529,0.007,-0.173,-1.007,1.022
161.539,0.007,-0.180,-1.010,1.026
161.549,0.007,-0.181,-1.005,1.021
161.559,0.011,-0.183,-0.990,1.007
161.569,0.019,-0.192,-0.968,0.987
161.579,0.026,-0.193,-0.943,0.963
161.589,0.027,-0.206,-0.929,0.952
161.599,0.030,-0.215,-0.920,0.945
161.609,0.027,-0.220,-0.918,0.944
161.619,0.019,-0.227,-0.919,0.947
161.629,0.006,-0.235,-0.922,0.951
161.639,0.009,-0.238,-0.921,0.952
161.649,0.018,-0.239,-0.921,0.951
161.659,0.034,-0.244,-0.918,0.950
161.669,0.042,-0.248,-0.922,0.956
161.679,0.033,-0.249,-0.934,0.967
161.689,0.027,-0.250,-0.945,0.977
161.699,0.022,-0.249,-0.956,0.988
161.709,0.026,-0.246,-0.960,0.991
161.719,0.030,-0.253,-0.964,0.997
161.729,0.031,-0.254,-0.972,1.005
161.739,0.030,-0.256,-0.973,1.007
161.749,0.029,-0.256,-0.974,1.007
161.759,0.028,-0.256,-0.972,1.006
161.769,0.036,-0.259,-0.965,0.999
161.779,0.042,-0.258,-0.955,0.990
161.788,0.050,-0.259,-0.947,0.983
161.798,0.052,-0.258,-0.942,0.978
161.808,0.050,-0.256,-0.938,0.974
161.818,0.045,-0.257,-0.934,0.970
161.828,0.040,-0.258,-0.930,0.966
161.838,0.035,-0.261,-0.927,0.964
161.848,0.035,-0.265,-0.931,0.969
161.858,0.035,-0.262,-0.933,0.969
161.868,0.034,-0.256,-0.933,0.968
161.878,0.032,-0.249,-0.929,0.962
161.888,0.031,-0.243,-0.923,0.955
161.898,0.032,-0.243,-0.913,0.946
161.908,0.035,-0.251,-0.906,0.940
161.918,0.041,-0.260,-0.900,0.938
161.928,0.046,-0.269,-0.897,0.938
161.938,0.048,-0.268,-0.891,0.932
161.948,0.052,-0.260,-0.886,0.925
161.958,0.056,-0.257,-0.882,0.921
161.968,0.060,-0.260,-0.877,0.917
161.978,0.062,-0.261,-0.878,0.918
161.988,0.059,-0.264,-0.887,0.928
161.998,0.051,-0.271,-0.909,0.950
162.008,0.039,-0.276,-0.932,0.973
162.018,0.034,-0.275,-0.952,0.991
162.028,0.034,-0.274,-0.969,1.008
162.038,0.038,-0.274,-0.987,1.025
162.048,0.040,-0.272,-0.999,1.037
162.058,0.042,-0.266,-1.007,1.042
162.068,0.042,-0.262,-1.013,1.048
162.078,0.035,-0.260,-1.019,1.052
162.088,0.027,-0.261,-1.024,1.057
162.097,0.018,-0.260,-1.023,1.056
162.107,0.012,-0.263,-1.016,1.050
162.117,0.004,-0.269,-1.005,1.040
162.127,-0.005,-0.274,-0.992,1.029
162.137,-0.008,-0.276,-0.981,1.019
162.147,0.000,-0.271,-0.977,1.014
162.157,0.009,-0.265,-0.979,1.015
162.167,0.016,-0.262,-0.984,1.019
162.177,0.015,-0.260,-0.989,1.022
162.187,0.005,-0.259,-0.990,1.023
162.197,-0.011,-0.261,-0.992,1.026
162.207,-0.022,-0.265,-0.995,1.030
162.217,-0.025,-0.267,-0.994,1.030
162.227,-0.026,-0.272,-0.988,1.025
162.237,-0.018,-0.281,-0.981,1.020
162.247,-0.009,-0.279,-0.976,1.016
162.257,-0.005,-0.263,-0.968,1.004
162.267,-0.005,-0.249,-0.965,0.997
162.277,-0.005,-0.244,-0.970,1.000
162.287,-0.004,-0.243,-0.982,1.012
162.297,-0.006,-0.244,-0.992,1.021
162.307,-0.010,-0.244,-0.998,1.028
162.317,-0.016,-0.245,-0.998,1.028
162.327,-0.017,-0.245,-0.993,1.023
162.337,-0.009,-0.247,-0.986,1.017
162.347,0.000,-0.249,-0.989,1.020
162.357,0.008,-0.249,-1.000,1.030
162.367,-0.001,-0.245,-1.008,1.037
162.377,-0.011,-0.239,-1.004,1.032
162.387,-0.012,-0.240,-0.992,1.021
162.397,-0.012,-0.248,-0.980,1.011
162.407,-0.012,-0.258,-0.973,1.006
162.417,-0.015,-0.265,-0.968,1.004
162.427,-0.017,-0.264,-0.963,0.999
162.436,-0.019,-0.263,-0.962,0.997
162.447,-0.015,-0.260,-0.960,0.995
162.457,-0.001,-0.255,-0.960,0.993
162.467,0.015,-0.254,-0.964,0.997
162.477,0.024,-0.254,-0.967,1.000
162.486,0.015,-0.259,-0.973,1.007
162.496,-0.002,-0.268,-0.974,1.011
162.506,-0.017,-0.279,-0.968,1.007
162.516,-0.026,-0.291,-0.967,1.011
162.526,-0.028,-0.303,-0.972,1.019
162.536,-0.033,-0.314,-0.989,1.038
162.546,-0.037,-0.321,-1.004,1.055
162.556,-0.043,-0.322,-1.015,1.065
162.566,-0.045,-0.322,-1.018,1.069
162.576,-0.039,-0.326,-1.015,1.067
162.586,-0.026,-0.335,-1.009,1.064
162.596,-0.019,-0.345,-1.008,1.066
162.606,-0.022,-0.355,-1.010,1.071
162.616,-0.035,-0.361,-1.014,1.077
162.626,-0.046,-0.362,-1.026,1.089
162.636,-0.039,-0.361,-1.044,1.106
162.646,-0.029,-0.351,-1.060,1.117
162.656,-0.024,-0.333,-1.065,1.116
162.666,-0.024,-0.308,-1.055,1.099
162.676,-0.022,-0.298,-1.024,1.067
162.686,-0.018,-0.308,-0.993,1.040
162.696,-0.023,-0.328,-0.966,1.020
162.706,-0.032,-0.340,-0.948,1.008
162.716,-0.030,-0.346,-0.937,0.999
162.726,-0.008,-0.343,-0.927,0.988
162.736,0.022,-0.339,-0.912,0.974
162.746,0.049,-0.345,-0.891,0.956
162.756,0.065,-0.359,-0.866,0.940
162.766,0.074,-0.383,-0.846,0.931
162.776,0.072,-0.406,-0.825,0.923
162.785,0.065,-0.424,-0.808,0.915
162.795,0.057,-0.435,-0.797,0.909
162.805,0.058,-0.434,-0.788,0.902
162.815,0.079,-0.428,-0.786,0.898
162.825,0.106,-0.427,-0.794,0.907
162.835,0.125,-0.430,-0.807,0.923
162.845,0.132,-0.443,-0.829,0.949
162.855,0.127,-0.459,-0.848,0.973
162.865,0.116,-0.471,-0.863,0.990
162.875,0.104,-0.477,-0.875,1.002
162.885,0.095,-0.479,-0.886,1.012
162.895,0.098,-0.475,-0.893,1.016
162.905,0.108,-0.459,-0.896,1.013
162.915,0.121,-0.447,-0.918,1.028
162.925,0.135,-0.444,-0.943,1.051
162.935,0.141,-0.448,-0.969,1.077
162.945,0.142,-0.448,-0.986,1.092
162.955,0.148,-0.443,-0.994,1.098
162.965,0.156,-0.438,-0.991,1.095
162.975,0.172,-0.432,-0.987,1.091
162.985,0.183,-0.425,-1.001,1.103
162.995,0.181,-0.427,-1.002,1.105
163.005,0.160,-0.439,-0.978,1.084
163.015,0.133,-0.450,-0.947,1.057
163.025,0.117,-0.460,-0.915,1.031
163.035,0.105,-0.460,-0.893,1.010
163.045,0.101,-0.457,-0.878,0.995
163.055,0.098,-0.460,-0.886,1.003
163.065,0.082,-0.448,-0.908,1.015
163.075,0.064,-0.427,-0.926,1.022
163.085,0.058,-0.411,-0.955,1.041
163.094,0.039,-0.398,-0.976,1.055
163.105,0.011,-0.396,-0.987,1.063
163.115,0.007,-0.394,-0.965,1.043
163.124,0.033,-0.386,-0.923,1.001
163.134,0.062,-0.376,-0.877,0.956
163.144,0.084,-0.355,-0.836,0.913
163.155,0.101,-0.332,-0.809,0.880
163.164,0.113,-0.309,-0.781,0.848
163.174,0.140,-0.293,-0.755,0.822
163.184,0.151,-0.278,-0.728,0.794
163.194,0.160,-0.258,-0.710,0.772
163.204,0.160,-0.230,-0.694,0.748
163.214,0.132,-0.194,-0.678,0.717
163.224,0.105,-0.215,-0.703,0.743
163.234,0.086,-0.224,-0.745,0.782
163.244,0.061,-0.218,-0.798,0.830
163.254,0.014,-0.197,-0.877,0.899
163.264,-0.029,-0.145,-0.938,0.949
163.274,0.016,-0.103,-0.993,0.999
163.284,0.088,-0.112,-1.052,1.061
163.294,0.123,-0.135,-1.115,1.130
163.304,0.107,-0.130,-1.120,1.132
163.314,0.089,-0.110,-1.104,1.114
163.324,0.082,-0.115,-1.098,1.107
163.334,0.096,-0.126,-1.093,1.104
163.344,0.120,-0.123,-1.086,1.099
163.354,0.145,-0.115,-1.086,1.102
163.364,0.066,-0.134,-0.988,0.999
163.374,-0.017,-0.132,-0.873,0.883
163.384,0.058,-0.195,-0.916,0.938
163.394,0.112,-0.292,-0.911,0.963
163.404,0.083,-0.328,-0.928,0.988
163.414,-0.011,-0.339,-0.957,1.015
163.424,-0.079,-0.354,-1.016,1.079
163.434,-0.114,-0.366,-1.043,1.111
163.443,-0.132,-0.336,-1.020,1.082
163.454,-0.133,-0.296,-1.016,1.067
163.464,-0.114,-0.279,-1.036,1.079
163.473,-0.100,-0.278,-1.055,1.096
163.483,-0.097,-0.289,-1.087,1.129
163.493,-0.101,-0.303,-1.108,1.154
163.503,-0.102,-0.340,-1.113,1.169
163.513,-0.100,-0.388,-1.114,1.184
163.523,-0.100,-0.423,-1.102,1.185
163.533,-0.102,-0.434,-1.071,1.160
163.543,-0.098,-0.432,-1.031,1.121
163.553,-0.080,-0.423,-0.990,1.080
163.563,-0.056,-0.418,-0.937,1.028
163.573,-0.038,-0.417,-0.872,0.967
163.583,-0.025,-0.423,-0.819,0.922
163.593,-0.021,-0.439,-0.786,0.901
163.603,-0.016,-0.451,-0.760,0.883
163.613,-0.009,-0.456,-0.748,0.876
163.623,0.003,-0.453,-0.743,0.870
163.633,0.019,-0.448,-0.740,0.865
163.643,0.035,-0.447,-0.735,0.861
163.653,0.047,-0.452,-0.730,0.860
163.663,0.050,-0.472,-0.727,0.868
163.673,0.049,-0.505,-0.728,0.887
163.683,0.052,-0.537,-0.732,0.909
163.693,0.062,-0.547,-0.751,0.931
163.703,0.080,-0.535,-0.768,0.939
163.713,0.108,-0.512,-0.768,0.929
163.723,0.138,-0.495,-0.759,0.916
163.733,0.154,-0.486,-0.745,0.902
163.743,0.160,-0.478,-0.722,0.880
163.753,0.167,-0.467,-0.704,0.861
163.763,0.174,-0.457,-0.685,0.842
163.773,0.177,-0.451,-0.671,0.828
163.782,0.176,-0.451,-0.669,0.826
163.792,0.171,-0.457,-0.672,0.831
163.802,0.168,-0.465,-0.686,0.846
163.812,0.163,-0.465,-0.715,0.869
163.822,0.161,-0.459,-0.739,0.885
163.832,0.175,-0.453,-0.760,0.901
163.842,0.190,-0.446,-0.779,0.917
163.852,0.204,-0.446,-0.797,0.936
163.862,0.214,-0.451,-0.830,0.968
163.872,0.218,-0.449,-0.863,0.997
163.882,0.224,-0.440,-0.885,1.014
163.892,0.238,-0.425,-0.896,1.020
163.902,0.256,-0.413,-0.904,1.027
163.912,0.270,-0.407,-0.929,1.049
163.922,0.271,-0.401,-0.946,1.062
163.932,0.268,-0.398,-0.944,1.059
163.942,0.249,-0.409,-0.934,1.049
163.952,0.229,-0.432,-0.928,1.049
163.962,0.203,-0.458,-0.912,1.040
163.972,0.181,-0.478,-0.891,1.027
163.982,0.169,-0.496,-0.871,1.016
163.992,0.154,-0.501,-0.860,1.007
164.002,0.133,-0.492,-0.856,0.996
164.012,0.109,-0.481,-0.867,0.997
164.022,0.080,-0.476,-0.896,1.017
164.032,0.055,-0.464,-0.947,1.056
164.042,0.032,-0.442,-1.009,1.102
164.052,0.021,-0.417,-1.062,1.141
164.062,0.027,-0.400,-1.113,1.182
164.072,0.035,-0.387,-1.159,1.223
164.082,0.044,-0.382,-1.186,1.247
164.092,0.045,-0.388,-1.189,1.252
164.102,0.061,-0.422,-1.174,1.249
164.112,0.095,-0.486,-1.150,1.252
164.122,0.073,-0.528,-1.131,1.250
164.132,-0.042,-0.567,-1.121,1.257
164.141,-0.257,-0.583,-1.111,1.280
164.151,-0.368,-0.581,-1.087,1.286
164.161,-0.326,-0.591,-1.034,1.235
164.171,-0.188,-0.557,-0.981,1.144
164.181,0.001,-0.498,-0.945,1.069
164.191,0.163,-0.448,-0.929,1.044
164.201,0.250,-0.388,-0.931,1.039
164.211,0.260,-0.324,-0.940,1.028
164.221,0.245,-0.294,-0.952,1.026
164.231,0.230,-0.303,-0.959,1.032
164.241,0.217,-0.323,-0.957,1.033
164.251,0.198,-0.338,-0.946,1.024
164.261,0.177,-0.347,-0.925,1.004
164.271,0.158,-0.351,-0.901,0.979
164.281,0.149,-0.356,-0.877,0.958
164.291,0.146,-0.367,-0.859,0.946
164.301,0.133,-0.373,-0.845,0.933
164.311,0.116,-0.371,-0.832,0.918
164.321,0.101,-0.366,-0.817,0.901
164.331,0.089,-0.363,-0.806,0.889
164.341,0.079,-0.364,-0.797,0.879
164.351,0.065,-0.370,-0.796,0.880
164.361,0.041,-0.370,-0.802,0.885
164.371,0.020,-0.366,-0.813,0.892
164.381,0.007,-0.360,-0.824,0.899
164.391,0.004,-0.353,-0.836,0.908
164.401,0.001,-0.351,-0.855,0.924
164.411,-0.007,-0.358,-0.874,0.945
164.421,-0.025,-0.371,-0.886,0.961
164.431,-0.051,-0.389,-0.885,0.968
164.441,-0.075,-0.408,-0.880,0.973
164.451,-0.096,-0.427,-0.869,0.973
164.461,-0.111,-0.441,-0.851,0.965
164.471,-0.118,-0.452,-0.832,0.954
164.480,-0.119,-0.462,-0.816,0.945
164.490,-0.126,-0.469,-0.816,0.950
164.500,-0.134,-0.465,-0.829,0.960
164.510,-0.134,-0.445,-0.844,0.964
164.520,-0.119,-0.420,-0.867,0.971
164.530,-0.090,-0.397,-0.901,0.989
164.540,-0.062,-0.377,-0.933,1.008
164.550,-0.048,-0.365,-0.950,1.019
164.560,-0.052,-0.366,-0.940,1.010
164.570,-0.069,-0.385,-0.904,0.986
164.580,-0.097,-0.415,-0.847,0.948
164.590,-0.123,-0.437,-0.780,0.902
164.600,-0.140,-0.449,-0.713,0.854
164.610,-0.145,-0.439,-0.661,0.807
164.620,-0.131,-0.397,-0.642,0.766
164.630,-0.081,-0.338,-0.660,0.746
164.640,-0.018,-0.292,-0.710,0.768
164.650,0.023,-0.259,-0.775,0.817
164.660,0.031,-0.237,-0.852,0.885
164.670,0.003,-0.225,-0.919,0.946
164.680,-0.032,-0.219,-0.954,0.979
164.690,-0.061,-0.219,-0.956,0.982
164.700,-0.081,-0.217,-0.931,0.959
164.710,-0.071,-0.204,-0.889,0.915
164.720,-0.035,-0.193,-0.845,0.867
164.730,0.007,-0.194,-0.805,0.828
164.740,0.024,-0.198,-0.777,0.803
164.750,0.008,-0.204,-0.760,0.787
164.760,-0.044,-0.217,-0.751,0.783
164.770,-0.117,-0.231,-0.755,0.798
164.780,-0.179,-0.248,-0.763,0.822
164.790,-0.216,-0.272,-0.778,0.852
164.800,-0.235,-0.292,-0.804,0.887
164.809,-0.239,-0.300,-0.838,0.921
164.820,-0.236,-0.293,-0.866,0.944
164.830,-0.223,-0.274,-0.882,0.951
164.840,-0.194,-0.254,-0.888,0.944
164.849,-0.156,-0.255,-0.891,0.940
164.859,-0.138,-0.269,-0.885,0.935
164.869,-0.148,-0.282,-0.869,0.926
164.879,-0.170,-0.291,-0.852,0.916
164.889,-0.181,-0.297,-0.840,0.909
164.899,-0.175,-0.293,-0.830,0.898
164.909,-0.159,-0.276,-0.827,0.886
164.919,-0.132,-0.251,-0.829,0.876
164.929,-0.095,-0.215,-0.842,0.874
164.939,-0.047,-0.182,-0.863,0.883
164.949,0.011,-0.152,-0.886,0.899
164.959,0.071,-0.125,-0.913,0.924
164.969,0.128,-0.103,-0.951,0.965
164.979,0.172,-0.084,-0.991,1.009
164.989,0.199,-0.072,-1.022,1.044
164.999,0.218,-0.060,-1.048,1.073
165.009,0.236,-0.053,-1.077,1.104
165.019,0.252,-0.055,-1.110,1.140
165.029,0.258,-0.056,-1.153,1.182
165.039,0.261,-0.061,-1.192,1.222
165.049,0.266,-0.073,-1.228,1.258
165.059,0.264,-0.092,-1.260,1.290
165.069,0.244,-0.113,-1.290,1.317
165.079,0.203,-0.124,-1.321,1.342
165.089,0.156,-0.130,-1.355,1.370
165.099,0.114,-0.136,-1.390,1.402
165.109,0.089,-0.138,-1.423,1.432
165.119,0.077,-0.136,-1.443,1.451
165.129,0.072,-0.127,-1.445,1.452
165.139,0.076,-0.116,-1.422,1.429
165.148,0.077,-0.111,-1.380,1.386
165.159,0.062,-0.108,-1.334,1.340
165.168,0.040,-0.105,-1.292,1.297
165.178,0.035,-0.112,-1.266,1.271
165.188,0.044,-0.122,-1.251,1.257
165.198,0.063,-0.119,-1.241,1.249
165.208,0.076,-0.108,-1.221,1.228
165.218,0.075,-0.104,-1.187,1.194
165.228,0.059,-0.109,-1.139,1.145
165.238,0.034,-0.122,-1.077,1.084
165.248,0.014,-0.132,-1.012,1.021
165.258,-0.005,-0.140,-0.957,0.967
165.268,-0.016,-0.147,-0.918,0.930
165.278,-0.024,-0.146,-0.890,0.903
165.288,-0.024,-0.134,-0.875,0.885
165.298,-0.014,-0.119,-0.870,0.878
165.308,0.008,-0.108,-0.876,0.883
165.318,0.029,-0.097,-0.890,0.896
165.328,0.042,-0.083,-0.906,0.911
165.338,0.045,-0.074,-0.917,0.921
165.348,0.047,-0.071,-0.922,0.926
165.358,0.050,-0.076,-0.917,0.922
165.368,0.048,-0.080,-0.904,0.909
165.378,0.044,-0.083,-0.883,0.888
165.388,0.047,-0.080,-0.856,0.861
165.398,0.062,-0.078,-0.831,0.837
165.408,0.081,-0.074,-0.808,0.816
165.418,0.100,-0.071,-0.793,0.803
165.428,0.118,-0.067,-0.786,0.797
165.438,0.137,-0.072,-0.792,0.807
165.448,0.140,-0.082,-0.809,0.825
165.458,0.125,-0.090,-0.826,0.841
165.468,0.099,-0.099,-0.849,0.860
165.478,0.069,-0.108,-0.873,0.882
165.487,0.044,-0.111,-0.897,0.905
165.497,0.030,-0.105,-0.925,0.931
165.507,0.030,-0.095,-0.958,0.963
165.517,0.042,-0.080,-0.982,0.986
165.527,0.057,-0.070,-1.001,1.005
165.537,0.072,-0.068,-1.014,1.019
165.547,0.079,-0.065,-1.025,1.030
165.557,0.080,-0.064,-1.033,1.038
165.567,0.079,-0.068,-1.036,1.041
165.577,0.073,-0.069,-1.042,1.047
165.587,0.063,-0.071,-1.049,1.053
165.597,0.051,-0.071,-1.052,1.056
165.607,0.037,-0.069,-1.063,1.066
165.617,0.024,-0.064,-1.079,1.082
165.627,0.016,-0.052,-1.098,1.099
165.637,0.013,-0.037,-1.119,1.120
165.647,0.016,-0.029,-1.132,1.133
165.657,0.021,-0.026,-1.135,1.135
165.667,0.023,-0.031,-1.134,1.135
165.677,0.015,-0.039,-1.123,1.124
165.687,0.000,-0.044,-1.104,1.105
165.697,-0.016,-0.050,-1.083,1.084
165.707,-0.041,-0.041,-1.062,1.064
165.717,-0.068,-0.018,-1.044,1.046
165.727,-0.091,0.001,-1.031,1.035
165.737,-0.100,0.008,-1.031,1.036
165.747,-0.103,-0.005,-1.045,1.050
165.757,-0.110,-0.023,-1.062,1.067
165.767,-0.119,-0.037,-1.085,1.092
165.777,-0.132,-0.038,-1.114,1.123
165.787,-0.151,-0.028,-1.139,1.149
165.797,-0.177,-0.008,-1.160,1.173
165.807,-0.200,0.009,-1.190,1.206
165.817,-0.203,0.012,-1.235,1.251
165.826,-0.192,-0.001,-1.273,1.287
165.836,-0.185,-0.013,-1.279,1.292
165.846,-0.182,-0.029,-1.244,1.258
165.856,-0.180,-0.052,-1.166,1.181
165.866,-0.176,-0.083,-1.066,1.083
165.876,-0.166,-0.112,-0.967,0.987
165.886,-0.163,-0.141,-0.884,0.910
165.896,-0.168,-0.166,-0.815,0.849
165.906,-0.171,-0.183,-0.765,0.805
165.916,-0.162,-0.191,-0.732,0.774
165.926,-0.144,-0.185,-0.721,0.758
165.936,-0.121,-0.178,-0.728,0.759
165.946,-0.111,-0.174,-0.755,0.783
165.956,-0.118,-0.168,-0.783,0.810
165.966,-0.132,-0.169,-0.810,0.838
165.976,-0.140,-0.176,-0.837,0.867
165.986,-0.141,-0.169,-0.861,0.889
165.996,-0.127,-0.145,-0.879,0.900
166.006,-0.091,-0.115,-0.887,0.899
166.016,-0.046,-0.086,-0.894,0.899
166.026,-0.004,-0.061,-0.898,0.900
166.036,0.025,-0.040,-0.898,0.899
166.046,0.042,-0.026,-0.895,0.896
166.056,0.050,-0.025,-0.888,0.890
166.066,0.046,-0.031,-0.882,0.884
166.076,0.038,-0.035,-0.875,0.876
166.086,0.027,-0.034,-0.867,0.868
166.096,0.017,-0.039,-0.863,0.864
166.106,0.008,-0.053,-0.857,0.859
166.116,0.004,-0.068,-0.838,0.841
166.126,0.009,-0.083,-0.817,0.821
166.136,0.026,-0.101,-0.809,0.816
166.146,0.040,-0.111,-0.813,0.822
166.156,0.047,-0.111,-0.820,0.829
166.166,0.059,-0.110,-0.833,0.842
166.175,0.072,-0.114,-0.844,0.854
166.185,0.081,-0.115,-0.855,0.866
166.195,0.091,-0.109,-0.873,0.885
166.205,0.101,-0.106,-0.893,0.905
166.216,0.108,-0.103,-0.912,0.924
166.225,0.106,-0.100,-0.928,0.939
166.235,0.105,-0.099,-0.962,0.973
166.245,0.106,-0.105,-1.009,1.020
166.255,0.110,-0.113,-1.051,1.062
166.265,0.104,-0.119,-1.077,1.088
166.275,0.092,-0.124,-1.091,1.102
166.285,0.074,-0.131,-1.099,1.109
166.295,0.045,-0.138,-1.107,1.117
166.305,0.011,-0.143,-1.124,1.133
166.315,-0.017,-0.152,-1.160,1.170
166.325,-0.029,-0.161,-1.205,1.216
166.335,-0.023,-0.164,-1.240,1.251
166.345,-0.001,-0.166,-1.253,1.264
166.355,0.029,-0.182,-1.242,1.255
166.365,0.059,-0.215,-1.204,1.224
166.375,0.075,-0.251,-1.165,1.194
166.385,0.071,-0.280,-1.141,1.176
166.395,0.043,-0.282,-1.139,1.174
166.405,0.007,-0.253,-1.180,1.207
166.415,-0.015,-0.210,-1.268,1.285
166.425,-0.025,-0.174,-1.364,1.376
166.435,-0.018,-0.157,-1.472,1.480
166.445,-0.008,-0.153,-1.543,1.551
166.455,0.002,-0.150,-1.538,1.545
166.465,0.011,-0.155,-1.456,1.465
166.475,0.028,-0.167,-1.319,1.330
166.485,0.056,-0.183,-1.169,1.185
166.495,0.090,-0.196,-1.048,1.070
166.505,0.113,-0.202,-0.971,0.998
166.515,0.118,-0.203,-0.931,0.960
166.524,0.107,-0.198,-0.928,0.955
166.535,0.083,-0.197,-0.950,0.974
166.545,0.054,-0.197,-0.984,1.005
166.554,0.024,-0.197,-1.020,1.039
166.564,0.001,-0.194,-1.064,1.081
166.574,-0.014,-0.181,-1.099,1.114
166.584,-0.020,-0.156,-1.118,1.129
166.594,-0.018,-0.137,-1.122,1.130
166.604,-0.012,-0.125,-1.109,1.116
166.614,-0.008,-0.119,-1.077,1.083
166.624,-0.002,-0.111,-1.035,1.041
166.634,0.007,-0.104,-0.994,0.999
166.644,0.022,-0.110,-0.965,0.972
166.654,0.033,-0.117,-0.941,0.948
166.664,0.029,-0.124,-0.913,0.922
166.674,0.013,-0.136,-0.883,0.893
166.684,-0.002,-0.156,-0.860,0.874
166.694,-0.021,-0.184,-0.856,0.876
166.704,-0.051,-0.206,-0.864,0.890
166.714,-0.075,-0.215,-0.877,0.906
166.724,-0.092,-0.218,-0.887,0.918
166.734,-0.091,-0.222,-0.894,0.926
166.744,-0.084,-0.226,-0.909,0.940
166.754,-0.075,-0.224,-0.927,0.957
166.764,-0.065,-0.216,-0.944,0.971
166.774,-0.054,-0.199,-0.968,0.989
166.784,-0.048,-0.188,-0.989,1.008
166.794,-0.048,-0.184,-0.997,1.015
166.804,-0.051,-0.184,-0.998,1.016
166.814,-0.060,-0.189,-0.990,1.010
166.824,-0.077,-0.189,-0.972,0.993
166.833,-0.088,-0.191,-0.958,0.981
166.844,-0.084,-0.193,-0.961,0.984
166.854,-0.078,-0.188,-0.976,0.997
166.864,-0.078,-0.179,-0.980,1.000
166.873,-0.085,-0.174,-0.977,0.996
166.883,-0.085,-0.195,-0.958,0.982
166.893,-0.095,-0.209,-0.923,0.951
166.903,-0.098,-0.230,-0.879,0.914
166.913,-0.081,-0.261,-0.843,0.886
166.923,-0.056,-0.286,-0.819,0.869
166.933,-0.037,-0.307,-0.799,0.857
166.943,-0.034,-0.333,-0.771,0.841
166.953,-0.041,-0.356,-0.738,0.821
166.963,-0.059,-0.372,-0.708,0.802
166.973,-0.079,-0.375,-0.699,0.797
166.983,-0.095,-0.354,-0.719,0.807
166.993,-0.095,-0.315,-0.779,0.846
167.003,-0.068,-0.279,-0.859,0.906
167.013,-0.025,-0.261,-0.940,0.976
167.023,0.006,-0.267,-1.024,1.059
167.033,0.026,-0.289,-1.092,1.130
167.043,0.014,-0.305,-1.119,1.160
167.053,-0.028,-0.313,-1.110,1.154
167.063,-0.081,-0.317,-1.072,1.121
167.073,-0.128,-0.318,-1.002,1.059
167.083,-0.163,-0.323,-0.923,0.991
167.093,-0.175,-0.338,-0.848,0.930
167.103,-0.163,-0.357,-0.794,0.886
167.113,-0.150,-0.369,-0.760,0.858
167.123,-0.151,-0.359,-0.750,0.845
167.133,-0.161,-0.346,-0.758,0.848
167.143,-0.161,-0.342,-0.781,0.868
167.153,-0.152,-0.341,-0.811,0.893
167.163,-0.142,-0.334,-0.841,0.915
167.173,-0.132,-0.328,-0.864,0.933
167.182,-0.117,-0.331,-0.879,0.947
167.192,-0.105,-0.342,-0.882,0.952
167.202,-0.095,-0.360,-0.877,0.952
167.212,-0.086,-0.382,-0.870,0.954
167.222,-0.075,-0.397,-0.854,0.945
167.232,-0.069,-0.405,-0.832,0.928
167.242,-0.064,-0.414,-0.816,0.917
167.252,-0.055,-0.424,-0.801,0.908
167.262,-0.043,-0.434,-0.784,0.897
167.272,-0.031,-0.434,-0.772,0.886
167.282,-0.011,-0.428,-0.780,0.890
167.292,0.015,-0.432,-0.798,0.907
167.302,0.036,-0.436,-0.806,0.917
167.312,0.036,-0.434,-0.806,0.916
167.322,0.034,-0.435,-0.809,0.919
167.332,0.037,-0.436,-0.815,0.925
167.342,0.039,-0.440,-0.821,0.933
167.352,0.045,-0.443,-0.822,0.935
167.362,0.053,-0.446,-0.827,0.941
167.372,0.077,-0.447,-0.844,0.958
167.382,0.113,-0.444,-0.869,0.982
167.392,0.139,-0.438,-0.894,1.005
167.402,0.151,-0.432,-0.903,1.012
167.412,0.153,-0.431,-0.896,1.006
167.422,0.155,-0.436,-0.876,0.991
167.432,0.160,-0.448,-0.858,0.981
167.442,0.162,-0.457,-0.846,0.975
167.452,0.152,-0.462,-0.837,0.968
167.462,0.138,-0.466,-0.837,0.968
167.472,0.130,-0.466,-0.840,0.969
167.482,0.128,-0.458,-0.850,0.974
167.492,0.139,-0.437,-0.882,0.994
167.502,0.156,-0.412,-0.934,1.033
167.512,0.169,-0.395,-0.981,1.071
167.522,0.171,-0.389,-1.011,1.096
167.531,0.163,-0.399,-1.016,1.104
167.541,0.143,-0.421,-0.995,1.090
167.551,0.112,-0.447,-0.960,1.065
167.561,0.076,-0.476,-0.918,1.037
167.571,0.044,-0.498,-0.874,1.007
167.581,0.018,-0.517,-0.835,0.982
167.591,-0.011,-0.526,-0.808,0.964
167.601,-0.029,-0.524,-0.804,0.960
167.611,-0.029,-0.506,-0.826,0.969
167.621,-0.015,-0.479,-0.871,0.994
167.631,0.006,-0.455,-0.927,1.033
167.641,0.023,-0.438,-0.973,1.067
167.651,0.038,-0.435,-0.996,1.088
167.661,0.046,-0.442,-0.984,1.080
167.671,0.047,-0.457,-0.943,1.049
167.681,0.058,-0.473,-0.879,1.000
167.691,0.079,-0.480,-0.821,0.955
167.701,0.098,-0.485,-0.772,0.917
167.711,0.098,-0.483,-0.740,0.889
167.721,0.086,-0.471,-0.723,0.867
167.731,0.069,-0.450,-0.720,0.852
167.741,0.051,-0.424,-0.740,0.855
167.751,0.032,-0.401,-0.788,0.885
167.761,0.007,-0.390,-0.852,0.937
167.771,-0.021,-0.383,-0.913,0.990
167.781,-0.049,-0.381,-0.958,1.032
167.791,-0.065,-0.382,-0.993,1.066
167.801,-0.068,-0.377,-1.024,1.093
167.811,-0.068,-0.366,-1.039,1.104
167.821,-0.065,-0.356,-1.037,1.098
167.831,-0.062,-0.354,-1.018,1.080
167.841,-0.053,-0.362,-0.992,1.057
167.850,-0.043,-0.371,-0.957,1.028
167.861,-0.039,-0.381,-0.919,0.995
167.871,-0.039,-0.387,-0.880,0.963
167.880,-0.040,-0.389,-0.850,0.936
167.890,-0.038,-0.393,-0.825,0.914
167.900,-0.042,-0.394,-0.814,0.906
167.910,-0.044,-0.389,-0.816,0.905
167.920,-0.039,-0.386,-0.826,0.913
167.930,-0.032,-0.379,-0.843,0.924
167.940,-0.020,-0.373,-0.867,0.944
167.950,-0.007,-0.368,-0.897,0.970
167.960,-0.002,-0.361,-0.926,0.994
167.970,0.002,-0.348,-0.946,1.008
167.980,0.004,-0.333,-0.958,1.015
167.990,0.008,-0.329,-0.969,1.024
168.000,0.009,-0.334,-0.986,1.041
168.010,-0.004,-0.336,-1.008,1.062
168.020,-0.027,-0.331,-1.033,1.085
168.030,-0.051,-0.324,-1.058,1.108
168.040,-0.068,-0.315,-1.082,1.128
168.050,-0.073,-0.297,-1.094,1.136
168.060,-0.072,-0.275,-1.095,1.131
168.070,-0.062,-0.256,-1.086,1.118
168.080,-0.053,-0.247,-1.065,1.094
168.090,-0.047,-0.247,-1.037,1.067
168.100,-0.049,-0.255,-1.012,1.045
168.110,-0.060,-0.264,-0.997,1.033
168.120,-0.070,-0.278,-0.987,1.028
168.130,-0.075,-0.295,-0.981,1.027
168.140,-0.080,-0.305,-0.978,1.028
168.150,-0.089,-0.306,-0.970,1.021
168.160,-0.092,-0.299,-0.951,1.001
168.170,-0.093,-0.289,-0.927,0.976
168.180,-0.088,-0.282,-0.910,0.957
168.190,-0.079,-0.266,-0.906,0.948
168.200,-0.067,-0.232,-0.919,0.951
168.209,-0.059,-0.187,-0.953,0.973
168.219,-0.051,-0.150,-1.005,1.017
168.229,-0.041,-0.134,-1.061,1.070
168.239,-0.047,-0.134,-1.114,1.123
168.249,-0.060,-0.143,-1.150,1.161
168.259,-0.084,-0.161,-1.156,1.170
168.269,-0.124,-0.178,-1.128,1.148
168.279,-0.168,-0.186,-1.071,1.100
168.289,-0.192,-0.194,-1.000,1.036
168.299,-0.195,-0.201,-0.937,0.977
168.309,-0.188,-0.193,-0.894,0.934
168.319,-0.176,-0.164,-0.879,0.911
168.329,-0.154,-0.137,-0.890,0.913
168.339,-0.123,-0.125,-0.918,0.934
168.349,-0.107,-0.117,-0.953,0.966
168.359,-0.114,-0.112,-0.974,0.987
168.369,-0.126,-0.121,-0.974,0.990
168.379,-0.134,-0.138,-0.949,0.969
168.389,-0.131,-0.155,-0.917,0.939
168.399,-0.113,-0.169,-0.872,0.896
168.409,-0.097,-0.183,-0.823,0.848
168.419,-0.083,-0.191,-0.776,0.803
168.429,-0.067,-0.186,-0.740,0.766
168.439,-0.040,-0.183,-0.711,0.735
168.449,-0.006,-0.183,-0.689,0.713
168.459,0.023,-0.183,-0.680,0.705
168.469,0.046,-0.185,-0.679,0.705
168.479,0.063,-0.189,-0.689,0.718
168.489,0.077,-0.187,-0.712,0.741
168.499,0.088,-0.180,-0.741,0.768
168.509,0.099,-0.172,-0.787,0.811
168.519,0.113,-0.162,-0.831,0.855
168.528,0.127,-0.153,-0.864,0.886
168.538,0.141,-0.140,-0.888,0.910
168.549,0.155,-0.129,-0.907,0.929
168.559,0.171,-0.128,-0.922,0.946
168.568,0.185,-0.135,-0.934,0.961
168.578,0.195,-0.141,-0.949,0.979
168.588,0.204,-0.146,-0.967,0.999
168.598,0.211,-0.147,-0.983,1.016
168.608,0.220,-0.152,-0.996,1.032
168.618,0.229,-0.156,-1.016,1.053
168.628,0.240,-0.167,-1.035,1.076
168.638,0.257,-0.176,-1.053,1.098
168.648,0.274,-0.174,-1.072,1.120
168.658,0.295,-0.171,-1.094,1.146
168.668,0.314,-0.173,-1.108,1.165
168.678,0.322,-0.166,-1.126,1.183
168.688,0.317,-0.157,-1.149,1.202
168.698,0.306,-0.144,-1.172,1.220
168.708,0.288,-0.128,-1.196,1.237
168.718,0.274,-0.113,-1.222,1.257
168.728,0.269,-0.106,-1.240,1.273
168.738,0.273,-0.112,-1.246,1.281
168.748,0.275,-0.126,-1.233,1.269
168.758,0.275,-0.150,-1.200,1.240
168.768,0.276,-0.182,-1.152,1.198
168.778,0.279,-0.214,-1.100,1.155
168.788,0.280,-0.233,-1.047,1.109
168.798,0.279,-0.234,-1.010,1.074
168.808,0.286,-0.213,-1.000,1.062
168.818,0.301,-0.172,-1.025,1.082
168.828,0.319,-0.119,-1.082,1.134
168.838,0.333,-0.059,-1.148,1.197
168.848,0.352,-0.007,-1.202,1.253
168.858,0.371,0.011,-1.236,1.290
168.868,0.383,0.010,-1.234,1.292
168.877,0.377,-0.005,-1.194,1.252
168.887,0.357,-0.030,-1.114,1.171
168.898,0.342,-0.054,-1.019,1.077
168.907,0.344,-0.077,-0.932,0.996
168.917,0.353,-0.082,-0.872,0.944
168.927,0.360,-0.070,-0.837,0.914
168.937,0.356,-0.050,-0.834,0.908
168.947,0.342,-0.027,-0.875,0.939
168.957,0.316,-0.013,-0.952,1.003
168.967,0.281,-0.001,-1.046,1.083
168.977,0.239,0.020,-1.130,1.155
168.987,0.193,0.041,-1.181,1.197
168.997,0.148,0.045,-1.193,1.203
169.007,0.103,0.031,-1.172,1.177
169.017,0.064,0.012,-1.130,1.132
169.027,0.030,-0.008,-1.083,1.083
169.037,-0.004,-0.017,-1.033,1.033
169.047,-0.026,-0.023,-0.980,0.980
169.057,-0.031,-0.038,-0.935,0.936
169.067,-0.028,-0.054,-0.905,0.907
169.077,-0.026,-0.062,-0.879,0.881
169.087,-0.019,-0.069,-0.858,0.861
169.097,-0.009,-0.075,-0.842,0.845
169.107,0.001,-0.078,-0.829,0.832
169.117,0.007,-0.082,-0.809,0.813
169.127,0.012,-0.087,-0.787,0.791
169.137,0.014,-0.091,-0.767,0.773
169.147,0.015,-0.097,-0.749,0.755
169.157,0.019,-0.103,-0.733,0.740
169.167,0.027,-0.108,-0.723,0.732
169.177,0.034,-0.118,-0.716,0.727
169.187,0.035,-0.125,-0.712,0.724
169.196,0.038,-0.130,-0.713,0.726
169.207,0.044,-0.135,-0.723,0.737
169.217,0.053,-0.135,-0.744,0.758
169.227,0.067,-0.124,-0.777,0.790
169.236,0.078,-0.108,-0.829,0.840
169.246,0.080,-0.095,-0.888,0.896
169.257,0.072,-0.080,-0.939,0.945
169.266,0.069,-0.066,-0.975,0.980
169.276,0.079,-0.059,-0.996,1.001
169.286,0.098,-0.060,-1.000,1.006
169.296,0.116,-0.062,-0.996,1.004
169.306,0.127,-0.064,-0.993,1.003
169.316,0.137,-0.070,-0.997,1.009
169.326,0.150,-0.071,-1.004,1.017
169.336,0.162,-0.072,-1.020,1.035
169.346,0.171,-0.072,-1.054,1.070
169.356,0.173,-0.071,-1.088,1.104
169.366,0.159,-0.072,-1.117,1.131
169.376,0.123,-0.081,-1.133,1.143
169.386,0.077,-0.084,-1.139,1.145
169.396,0.032,-0.070,-1.157,1.159
169.406,-0.000,-0.035,-1.200,1.201
169.416,-0.011,0.017,-1.274,1.274
169.426,0.007,0.067,-1.373,1.375
169.436,0.048,0.107,-1.470,1.474
169.446,0.099,0.131,-1.529,1.538
169.456,0.133,0.132,-1.521,1.533
169.466,0.130,0.116,-1.465,1.475
169.476,0.084,0.084,-1.370,1.375
169.486,0.009,0.037,-1.236,1.237
169.496,-0.068,-0.019,-1.096,1.099
169.506,-0.132,-0.064,-0.970,0.981
169.516,-0.180,-0.090,-0.868,0.891
169.526,-0.208,-0.103,-0.796,0.829
169.536,-0.213,-0.104,-0.748,0.785
169.546,-0.190,-0.098,-0.722,0.753
169.555,-0.150,-0.103,-0.721,0.743
169.565,-0.106,-0.104,-0.736,0.751
169.575,-0.074,-0.097,-0.762,0.772
169.585,-0.050,-0.082,-0.799,0.805
169.595,-0.022,-0.061,-0.841,0.844
169.605,0.013,-0.041,-0.880,0.881
169.615,0.043,-0.018,-0.913,0.914
169.625,0.069,-0.000,-0.938,0.940
169.635,0.088,0.003,-0.954,0.958
169.645,0.101,0.000,-0.960,0.966
169.655,0.106,-0.011,-0.958,0.964
169.665,0.104,-0.025,-0.949,0.955
169.675,0.099,-0.040,-0.929,0.936
169.685,0.089,-0.048,-0.914,0.919
169.695,0.083,-0.054,-0.892,0.897
169.705,0.082,-0.065,-0.870,0.876
169.715,0.091,-0.074,-0.860,0.868
169.725,0.107,-0.079,-0.872,0.882
169.735,0.119,-0.076,-0.889,0.901
169.745,0.125,-0.070,-0.903,0.914
169.755,0.134,-0.068,-0.910,0.922
169.765,0.148,-0.062,-0.934,0.948
169.775,0.167,-0.055,-0.965,0.981
169.785,0.186,-0.058,-0.990,1.009
169.795,0.199,-0.065,-1.001,1.022
169.805,0.211,-0.071,-1.001,1.026
169.815,0.226,-0.074,-1.003,1.031
169.825,0.239,-0.070,-1.006,1.036
169.835,0.249,-0.077,-1.002,1.035
169.845,0.255,-0.093,-0.989,1.025
169.855,0.252,-0.112,-0.981,1.020
169.865,0.245,-0.127,-0.993,1.030
169.875,0.227,-0.131,-1.015,1.048
169.884,0.204,-0.129,-1.041,1.069
169.895,0.179,-0.119,-1.069,1.090
169.904,0.156,-0.103,-1.104,1.119
169.914,0.146,-0.091,-1.139,1.152
169.924,0.148,-0.084,-1.161,1.173
169.934,0.157,-0.086,-1.177,1.191
169.944,0.167,-0.097,-1.176,1.192
169.954,0.162,-0.107,-1.150,1.166
169.964,0.155,-0.122,-1.095,1.112
169.974,0.155,-0.136,-1.027,1.047
169.984,0.154,-0.141,-0.981,1.003
169.994,0.155,-0.123,-0.975,0.995
170.004,0.170,-0.084,-1.024,1.041
170.014,0.192,-0.040,-1.113,1.131
170.024,0.218,-0.009,-1.196,1.216
170.034,0.241,0.003,-1.241,1.264
170.044,0.251,0.003,-1.217,1.242
170.054,0.251,-0.011,-1.129,1.157
170.064,0.243,-0.045,-1.021,1.051
170.074,0.241,-0.084,-0.930,0.964
170.084,0.239,-0.103,-0.874,0.912
170.094,0.235,-0.095,-0.864,0.900
170.104,0.230,-0.067,-0.906,0.937
170.114,0.223,-0.030,-0.992,1.017
170.124,0.214,0.003,-1.090,1.111
170.134,0.202,0.025,-1.189,1.206
170.144,0.191,0.040,-1.262,1.277
170.154,0.175,0.054,-1.295,1.307
170.164,0.151,0.063,-1.282,1.293
170.174,0.128,0.060,-1.225,1.233
170.184,0.111,0.046,-1.137,1.143
170.194,0.103,0.017,-1.045,1.050
170.204,0.097,-0.015,-0.964,0.969
170.214,0.086,-0.042,-0.892,0.897
170.224,0.079,-0.069,-0.828,0.835
170.233,0.082,-0.100,-0.776,0.787
170.244,0.088,-0.128,-0.736,0.752
170.253,0.091,-0.143,-0.714,0.734
170.263,0.098,-0.143,-0.697,0.719
170.273,0.114,-0.144,-0.684,0.708
170.283,0.133,-0.142,-0.676,0.703
170.293,0.151,-0.140,-0.679,0.710
170.303,0.166,-0.141,-0.696,0.730
170.313,0.172,-0.143,-0.715,0.750
170.323,0.165,-0.144,-0.738,0.770
170.333,0.154,-0.146,-0.762,0.791
170.343,0.142,-0.149,-0.786,0.812
170.353,0.135,-0.148,-0.805,0.830
170.363,0.139,-0.144,-0.824,0.848
170.373,0.148,-0.138,-0.840,0.865
170.383,0.160,-0.131,-0.859,0.883
170.393,0.165,-0.118,-0.878,0.901
170.403,0.161,-0.107,-0.899,0.919
170.413,0.158,-0.098,-0.914,0.933
170.423,0.158,-0.094,-0.930,0.948
170.433,0.156,-0.093,-0.950,0.968
170.443,0.159,-0.085,-0.975,0.992
170.453,0.157,-0.077,-0.994,1.009
170.463,0.150,-0.071,-1.000,1.013
170.473,0.147,-0.070,-0.984,0.998
170.483,0.145,-0.076,-0.953,0.967
170.493,0.143,-0.079,-0.922,0.936
170.503,0.142,-0.077,-0.894,0.909
170.513,0.145,-0.075,-0.871,0.886
170.523,0.153,-0.072,-0.862,0.878
170.533,0.164,-0.062,-0.869,0.887
170.543,0.177,-0.043,-0.890,0.908
170.552,0.188,-0.025,-0.916,0.936
170.563,0.196,-0.015,-0.937,0.957
170.573,0.196,-0.009,-0.948,0.969
170.583,0.191,-0.003,-0.956,0.975
170.592,0.181,0.007,-0.969,0.986
170.602,0.170,0.020,-0.993,1.007
170.612,0.161,0.035,-1.028,1.041
170.622,0.165,0.043,-1.085,1.098
170.632,0.180,0.048,-1.163,1.178
170.642,0.192,0.058,-1.239,1.255
170.652,0.198,0.071,-1.293,1.310
170.662,0.197,0.077,-1.318,1.335
170.672,0.183,0.064,-1.297,1.312
170.682,0.153,0.040,-1.236,1.246
170.692,0.106,0.017,-1.165,1.170
170.702,0.049,0.002,-1.113,1.114
170.712,-0.000,-0.010,-1.093,1.093
170.722,-0.035,-0.016,-1.102,1.102
170.732,-0.049,-0.010,-1.128,1.129
170.742,-0.050,0.007,-1.156,1.157
170.752,-0.036,0.029,-1.169,1.170
170.762,-0.009,0.036,-1.163,1.164
170.772,0.022,0.039,-1.129,1.130
170.782,0.045,0.035,-1.078,1.080
170.792,0.055,0.023,-1.025,1.026
170.802,0.053,0.007,-0.972,0.974
170.812,0.043,-0.013,-0.919,0.920
170.822,0.030,-0.031,-0.868,0.869
170.832,0.018,-0.048,-0.818,0.819
170.842,0.016,-0.063,-0.770,0.772
170.852,0.023,-0.070,-0.727,0.731
170.862,0.039,-0.075,-0.697,0.702
170.872,0.058,-0.082,-0.678,0.685
170.882,0.078,-0.092,-0.666,0.677
170.892,0.090,-0.101,-0.667,0.681
170.902,0.101,-0.109,-0.675,0.691
170.912,0.115,-0.120,-0.693,0.713
170.921,0.125,-0.128,-0.720,0.742
170.931,0.124,-0.138,-0.750,0.773
170.941,0.121,-0.148,-0.776,0.799
170.951,0.124,-0.158,-0.793,0.818
170.961,0.132,-0.166,-0.808,0.835
170.971,0.144,-0.169,-0.828,0.857
170.981,0.165,-0.169,-0.853,0.885
170.991,0.189,-0.167,-0.886,0.921
171.001,0.217,-0.161,-0.924,0.962
171.011,0.240,-0.165,-0.968,1.011
171.021,0.251,-0.173,-1.003,1.048
171.031,0.244,-0.186,-1.023,1.068
171.041,0.229,-0.211,-1.032,1.078
171.051,0.212,-0.237,-1.044,1.091
171.061,0.198,-0.253,-1.071,1.118
171.071,0.191,-0.258,-1.120,1.165
171.081,0.195,-0.241,-1.190,1.229
171.091,0.205,-0.197,-1.265,1.296
171.101,0.233,-0.144,-1.341,1.369
171.111,0.271,-0.095,-1.418,1.447
171.121,0.303,-0.051,-1.481,1.512
171.131,0.325,-0.031,-1.509,1.544
171.141,0.329,-0.023,-1.497,1.533
171.151,0.317,-0.026,-1.459,1.493
171.161,0.298,-0.036,-1.412,1.444
171.171,0.281,-0.037,-1.368,1.397
171.181,0.270,-0.027,-1.326,1.354
171.191,0.271,-0.007,-1.292,1.320
171.201,0.285,0.020,-1.274,1.305
171.211,0.302,0.046,-1.273,1.309
171.221,0.316,0.066,-1.268,1.309
171.231,0.322,0.078,-1.239,1.283
171.240,0.321,0.073,-1.178,1.223
171.250,0.314,0.055,-1.089,1.134
171.260,0.304,0.036,-0.983,1.030
171.270,0.300,0.016,-0.880,0.930
171.280,0.300,-0.009,-0.793,0.848
171.290,0.291,-0.039,-0.741,0.797
171.300,0.274,-0.056,-0.726,0.778
171.310,0.250,-0.058,-0.754,0.797
171.320,0.232,-0.048,-0.818,0.851
171.330,0.227,-0.019,-0.902,0.930
171.340,0.231,0.017,-0.980,1.007
171.350,0.238,0.047,-1.066,1.093
171.360,0.244,0.068,-1.144,1.172
171.370,0.245,0.078,-1.193,1.221
171.380,0.238,0.078,-1.194,1.220
171.390,0.221,0.067,-1.154,1.177
171.400,0.202,0.048,-1.083,1.103
171.410,0.188,0.029,-1.006,1.024
171.420,0.176,0.010,-0.937,0.954
171.430,0.163,-0.005,-0.875,0.890
171.440,0.158,-0.026,-0.828,0.843
171.450,0.161,-0.046,-0.802,0.820
171.460,0.166,-0.058,-0.783,0.802
171.470,0.168,-0.071,-0.768,0.790
171.480,0.163,-0.081,-0.752,0.774
171.490,0.152,-0.092,-0.738,0.759
171.500,0.137,-0.105,-0.732,0.752
171.510,0.123,-0.113,-0.733,0.751
171.520,0.114,-0.117,-0.735,0.753
171.530,0.115,-0.118,-0.739,0.757
171.540,0.119,-0.115,-0.745,0.763
171.550,0.119,-0.110,-0.754,0.771
171.560,0.114,-0.106,-0.768,0.783
171.570,0.108,-0.100,-0.790,0.804
171.579,0.109,-0.092,-0.825,0.837
171.589,0.123,-0.084,-0.858,0.871
171.599,0.139,-0.077,-0.882,0.896
171.609,0.144,-0.065,-0.900,0.914
171.620,0.135,-0.053,-0.916,0.928
171.629,0.123,-0.052,-0.931,0.941
171.639,0.100,-0.053,-0.952,0.959
171.649,0.074,-0.054,-0.975,0.979
171.659,0.053,-0.055,-0.989,0.992
171.669,0.044,-0.058,-0.981,0.984
171.679,0.051,-0.061,-0.960,0.963
171.689,0.071,-0.062,-0.934,0.938
171.699,0.103,-0.069,-0.918,0.927
171.709,0.134,-0.077,-0.925,0.938
171.719,0.159,-0.079,-0.956,0.973
171.729,0.166,-0.085,-0.994,1.011
171.739,0.151,-0.098,-1.019,1.034
171.749,0.116,-0.111,-1.021,1.034
171.759,0.081,-0.116,-1.016,1.026
171.769,0.055,-0.108,-1.024,1.031
171.779,0.047,-0.073,-1.052,1.056
171.789,0.070,-0.018,-1.106,1.109
171.799,0.126,0.033,-1.185,1.193
171.809,0.201,0.063,-1.270,1.287
171.819,0.257,0.087,-1.334,1.361
171.829,0.284,0.104,-1.353,1.386
171.839,0.282,0.096,-1.318,1.352
171.849,0.241,0.068,-1.242,1.267
171.859,0.177,0.023,-1.138,1.152
171.869,0.123,-0.023,-1.020,1.028
171.879,0.078,-0.060,-0.916,0.921
171.889,0.041,-0.089,-0.829,0.835
171.899,0.010,-0.112,-0.767,0.775
171.909,-0.017,-0.125,-0.734,0.745
171.919,-0.027,-0.127,-0.732,0.743
171.928,-0.021,-0.128,-0.753,0.765
171.939,-0.008,-0.131,-0.790,0.801
171.948,0.007,-0.127,-0.828,0.838
171.958,0.024,-0.112,-0.858,0.866
171.968,0.050,-0.097,-0.877,0.884
171.978,0.085,-0.081,-0.887,0.895
171.988,0.120,-0.066,-0.886,0.896
171.998,0.148,-0.054,-0.877,0.891
172.008,0.166,-0.047,-0.867,0.884
172.018,0.175,-0.050,-0.859,0.879
172.028,0.185,-0.054,-0.852,0.873
172.038,0.193,-0.055,-0.843,0.867
172.048,0.207,-0.055,-0.834,0.861
172.058,0.219,-0.061,-0.823,0.854
172.068,0.222,-0.069,-0.814,0.847
172.078,0.221,-0.083,-0.802,0.836
172.088,0.228,-0.100,-0.793,0.831
172.098,0.245,-0.106,-0.792,0.836
172.108,0.265,-0.108,-0.807,0.856
172.118,0.286,-0.111,-0.830,0.885
172.128,0.302,-0.113,-0.852,0.911
172.138,0.318,-0.111,-0.873,0.936
172.148,0.341,-0.118,-0.893,0.963
172.158,0.364,-0.126,-0.908,0.987
172.168,0.383,-0.132,-0.918,1.003
172.178,0.404,-0.142,-0.925,1.019
172.188,0.428,-0.155,-0.942,1.047
172.198,0.452,-0.167,-0.967,1.081
172.208,0.478,-0.174,-1.002,1.124
172.218,0.510,-0.180,-1.042,1.174
172.228,0.538,-0.189,-1.072,1.215
172.238,0.559,-0.195,-1.095,1.245
172.247,0.574,-0.203,-1.118,1.273
172.257,0.567,-0.205,-1.135,1.285
172.268,0.534,-0.197,-1.147,1.280
172.278,0.496,-0.192,-1.152,1.269
172.287,0.469,-0.199,-1.161,1.267
172.297,0.446,-0.209,-1.168,1.267
172.307,0.414,-0.213,-1.169,1.258
172.317,0.381,-0.207,-1.175,1.252
172.327,0.366,-0.195,-1.203,1.272
172.337,0.361,-0.168,-1.251,1.313
172.347,0.364,-0.118,-1.308,1.363
172.357,0.375,-0.063,-1.366,1.418
172.367,0.393,-0.017,-1.417,1.471
172.377,0.411,0.015,-1.442,1.500
172.387,0.423,0.037,-1.419,1.481
172.397,0.421,0.041,-1.347,1.412
172.407,0.395,0.018,-1.242,1.303
172.417,0.349,-0.018,-1.143,1.195
172.427,0.288,-0.056,-1.077,1.117
172.437,0.217,-0.076,-1.043,1.068
172.447,0.162,-0.085,-1.043,1.059
172.457,0.131,-0.086,-1.065,1.077
172.467,0.119,-0.076,-1.090,1.099
172.477,0.114,-0.053,-1.108,1.115
172.487,0.115,-0.026,-1.116,1.122
172.497,0.116,-0.005,-1.101,1.108
172.507,0.117,0.014,-1.063,1.070
172.517,0.111,0.026,-1.013,1.019
172.527,0.102,0.031,-0.964,0.970
172.537,0.094,0.026,-0.923,0.928
172.547,0.087,0.017,-0.892,0.897
172.557,0.082,0.007,-0.871,0.875
172.567,0.079,-0.008,-0.856,0.860
172.577,0.071,-0.021,-0.841,0.845
172.587,0.059,-0.029,-0.818,0.821
172.596,0.054,-0.042,-0.785,0.788
172.607,0.051,-0.053,-0.746,0.750
172.616,0.051,-0.062,-0.710,0.715
172.626,0.056,-0.070,-0.688,0.693
172.637,0.065,-0.077,-0.677,0.685
172.646,0.071,-0.084,-0.675,0.684
172.656,0.069,-0.088,-0.673,0.683
172.666,0.069,-0.095,-0.673,0.683
172.676,0.077,-0.102,-0.674,0.686
172.686,0.092,-0.101,-0.681,0.694
172.696,0.103,-0.098,-0.687,0.701
172.706,0.110,-0.096,-0.692,0.707
172.716,0.115,-0.098,-0.706,0.722
172.726,0.128,-0.096,-0.722,0.740
172.736,0.138,-0.087,-0.737,0.755
172.746,0.143,-0.077,-0.760,0.777
172.756,0.142,-0.065,-0.811,0.826
172.766,0.136,-0.055,-0.880,0.892
172.776,0.131,-0.051,-0.947,0.957
172.786,0.129,-0.052,-0.993,1.002
172.796,0.127,-0.055,-1.009,1.019
172.806,0.126,-0.063,-0.989,0.999
172.816,0.135,-0.079,-0.951,0.964
172.826,0.156,-0.102,-0.922,0.940
172.836,0.188,-0.125,-0.921,0.948
172.846,0.216,-0.133,-0.943,0.977
172.856,0.222,-0.127,-0.976,1.009
172.866,0.207,-0.122,-1.011,1.039
172.876,0.181,-0.113,-1.049,1.070
172.886,0.160,-0.099,-1.101,1.117
172.896,0.154,-0.065,-1.179,1.191
172.906,0.169,-0.015,-1.278,1.289
172.916,0.203,0.027,-1.375,1.390
172.926,0.239,0.050,-1.444,1.464
172.936,0.265,0.059,-1.451,1.476
172.945,0.270,0.053,-1.397,1.424
172.955,0.253,0.032,-1.299,1.324
172.965,0.213,0.006,-1.184,1.203
172.976,0.171,-0.020,-1.090,1.103
172.985,0.128,-0.042,-1.023,1.032
172.995,0.096,-0.056,-0.988,0.994
173.005,0.083,-0.068,-0.980,0.986
173.015,0.079,-0.080,-0.982,0.989
173.025,0.074,-0.089,-0.979,0.986
173.035,0.066,-0.099,-0.958,0.966
173.045,0.062,-0.110,-0.923,0.931
173.055,0.059,-0.121,-0.881,0.891
173.065,0.061,-0.136,-0.837,0.850
173.075,0.073,-0.146,-0.800,0.817
173.085,0.093,-0.153,-0.775,0.796
173.095,0.114,-0.159,-0.760,0.785
173.105,0.139,-0.158,-0.752,0.781
173.115,0.166,-0.163,-0.747,0.783
173.125,0.189,-0.175,-0.743,0.787
173.135,0.210,-0.185,-0.742,0.793
173.145,0.237,-0.195,-0.755,0.815
173.155,0.266,-0.199,-0.787,0.854
173.165,0.290,-0.206,-0.833,0.905
173.175,0.304,-0.215,-0.894,0.969
173.185,0.309,-0.226,-0.968,1.041
173.195,0.317,-0.228,-1.050,1.120
173.205,0.339,-0.211,-1.138,1.206
173.215,0.373,-0.186,-1.235,1.303
173.225,0.410,-0.150,-1.319,1.390
173.235,0.446,-0.113,-1.386,1.460
173.245,0.473,-0.093,-1.413,1.493
173.255,0.492,-0.097,-1.395,1.483
173.265,0.504,-0.117,-1.336,1.433
173.275,0.500,-0.140,-1.256,1.359
173.285,0.480,-0.168,-1.182,1.287
173.294,0.464,-0.192,-1.126,1.233
173.305,0.452,-0.206,-1.100,1.207
173.314,0.440,-0.220,-1.091,1.196
173.324,0.419,-0.234,-1.089,1.190
173.334,0.383,-0.236,-1.089,1.178
173.344,0.341,-0.233,-1.091,1.166
173.354,0.295,-0.233,-1.082,1.145
173.364,0.250,-0.237,-1.055,1.110
173.374,0.219,-0.244,-1.010,1.062
173.384,0.199,-0.251,-0.952,1.005
173.394,0.185,-0.260,-0.900,0.955
173.404,0.183,-0.262,-0.863,0.921
173.414,0.171,-0.229,-0.846,0.893
173.424,0.143,-0.170,-0.856,0.885
173.434,0.135,-0.134,-0.902,0.922
173.444,0.148,-0.113,-0.981,0.998
173.454,0.164,-0.089,-1.047,1.064
173.464,0.161,-0.060,-1.065,1.079
173.474,0.153,-0.060,-1.040,1.053
173.484,0.174,-0.085,-0.991,1.010
173.494,0.206,-0.109,-0.927,0.956
173.504,0.214,-0.107,-0.851,0.884
173.514,0.201,-0.108,-0.769,0.802
173.524,0.185,-0.136,-0.703,0.740
173.534,0.177,-0.162,-0.647,0.690
173.544,0.169,-0.172,-0.604,0.651
173.554,0.153,-0.182,-0.600,0.646
173.564,0.147,-0.197,-0.632,0.678
173.574,0.146,-0.206,-0.683,0.729
173.583,0.132,-0.204,-0.734,0.773
173.594,0.113,-0.198,-0.771,0.804
173.604,0.102,-0.195,-0.803,0.833
173.614,0.095,-0.190,-0.829,0.856
173.623,0.090,-0.186,-0.856,0.880
173.633,0.088,-0.185,-0.873,0.897
173.643,0.088,-0.186,-0.880,0.904
173.653,0.088,-0.184,-0.875,0.898
173.663,0.082,-0.188,-0.859,0.883
173.673,0.075,-0.202,-0.852,0.879
173.683,0.067,-0.221,-0.859,0.889
173.693,0.057,-0.239,-0.876,0.910
173.703,0.044,-0.260,-0.902,0.939
173.713,0.030,-0.276,-0.926,0.966
173.723,0.014,-0.277,-0.932,0.972
173.733,0.003,-0.273,-0.926,0.966
173.743,0.004,-0.279,-0.916,0.957
173.753,0.007,-0.286,-0.902,0.946
173.763,0.009,-0.296,-0.891,0.939
173.773,0.003,-0.307,-0.889,0.941
173.783,-0.008,-0.321,-0.900,0.955
173.793,-0.018,-0.327,-0.913,0.970
173.803,-0.031,-0.325,-0.938,0.993
173.813,-0.038,-0.312,-0.970,1.020
173.823,-0.031,-0.293,-1.002,1.045
173.833,-0.018,-0.270,-1.041,1.075
173.843,-0.004,-0.259,-1.079,1.109
173.853,-0.002,-0.256,-1.103,1.132
173.863,-0.019,-0.262,-1.108,1.139
173.873,-0.043,-0.274,-1.101,1.135
173.883,-0.052,-0.296,-1.097,1.137
173.893,-0.051,-0.328,-1.090,1.140
173.903,-0.053,-0.363,-1.070,1.131
173.913,-0.060,-0.394,-1.030,1.105
173.923,-0.079,-0.410,-0.981,1.066
173.933,-0.106,-0.401,-0.937,1.025
173.943,-0.130,-0.385,-0.916,1.002
173.952,-0.130,-0.360,-0.936,1.011
173.963,-0.098,-0.328,-0.999,1.056
173.973,-0.055,-0.282,-1.078,1.115
173.982,-0.030,-0.232,-1.140,1.164
173.993,-0.017,-0.209,-1.177,1.195
174.002,-0.016,-0.208,-1.179,1.197
174.012,-0.027,-0.223,-1.145,1.167
174.022,-0.038,-0.247,-1.073,1.102
174.032,-0.043,-0.274,-0.974,1.013
174.042,-0.036,-0.300,-0.870,0.921
174.052,-0.031,-0.312,-0.776,0.837
174.062,-0.026,-0.328,-0.705,0.778
174.072,-0.020,-0.347,-0.663,0.749
174.082,-0.021,-0.362,-0.657,0.750
174.092,-0.021,-0.371,-0.675,0.770
174.102,-0.020,-0.369,-0.711,0.801
174.112,-0.021,-0.374,-0.762,0.849
174.122,-0.024,-0.381,-0.809,0.894
174.132,-0.024,-0.383,-0.843,0.926
174.142,-0.020,-0.384,-0.865,0.947
174.152,-0.009,-0.381,-0.884,0.963
174.162,0.009,-0.380,-0.894,0.971
174.172,0.022,-0.381,-0.890,0.969
174.182,0.029,-0.378,-0.882,0.960
174.192,0.036,-0.382,-0.873,0.954
174.202,0.044,-0.388,-0.869,0.953
174.212,0.048,-0.391,-0.869,0.954
174.222,0.055,-0.399,-0.863,0.952
174.232,0.058,-0.415,-0.853,0.950
174.242,0.059,-0.430,-0.844,0.949
174.252,0.060,-0.442,-0.838,0.949
174.262,0.060,-0.451,-0.829,0.945
174.272,0.060,-0.459,-0.826,0.947
174.281,0.060,-0.459,-0.837,0.957
174.292,0.069,-0.461,-0.858,0.977
174.301,0.082,-0.461,-0.885,1.001
174.311,0.084,-0.456,-0.911,1.022
174.321,0.093,-0.457,-0.929,1.040
174.331,0.102,-0.464,-0.940,1.053
174.341,0.113,-0.470,-0.941,1.058
174.351,0.118,-0.480,-0.930,1.053
174.361,0.114,-0.494,-0.915,1.046
174.371,0.111,-0.508,-0.910,1.048
174.381,0.116,-0.515,-0.917,1.058
174.391,0.119,-0.508,-0.927,1.064
174.401,0.105,-0.496,-0.923,1.053
174.411,0.085,-0.480,-0.906,1.029
174.421,0.059,-0.461,-0.893,1.007
174.431,0.041,-0.448,-0.900,1.006
174.441,0.050,-0.439,-0.920,1.021
174.451,0.077,-0.422,-0.941,1.034
174.461,0.097,-0.401,-0.946,1.032
174.471,0.110,-0.388,-0.930,1.013
174.481,0.121,-0.387,-0.899,0.987
174.491,0.127,-0.392,-0.872,0.965
174.501,0.129,-0.390,-0.872,0.964
174.511,0.135,-0.380,-0.888,0.975
174.521,0.153,-0.364,-0.922,1.003
174.531,0.173,-0.346,-0.965,1.039
174.541,0.184,-0.322,-0.999,1.066
174.551,0.198,-0.312,-1.006,1.072
174.561,0.206,-0.318,-0.990,1.060
174.571,0.208,-0.325,-0.964,1.038
174.581,0.202,-0.325,-0.938,1.013
174.591,0.185,-0.316,-0.923,0.993
174.601,0.159,-0.306,-0.931,0.993
174.610,0.131,-0.303,-0.963,1.018
174.621,0.102,-0.294,-0.994,1.041
174.631,0.076,-0.275,-1.018,1.057
174.641,0.064,-0.254,-1.033,1.065
174.651,0.059,-0.236,-1.040,1.068
174.661,0.050,-0.215,-1.044,1.067
174.671,0.042,-0.194,-1.040,1.059
174.680,0.039,-0.183,-1.036,1.053
174.690,0.030,-0.181,-1.025,1.041
174.700,0.023,-0.187,-1.007,1.024
174.710,0.018,-0.199,-0.989,1.009
174.720,0.019,-0.212,-0.968,0.991
174.730,0.020,-0.225,-0.950,0.976
174.740,0.018,-0.234,-0.929,0.958
174.750,0.015,-0.239,-0.900,0.931
174.760,0.012,-0.249,-0.866,0.901
174.770,0.014,-0.263,-0.840,0.881
174.780,0.017,-0.278,-0.832,0.878
174.790,0.016,-0.287,-0.843,0.891
174.800,0.011,-0.288,-0.865,0.912
174.810,0.009,-0.284,-0.880,0.925
174.820,0.000,-0.277,-0.898,0.940
174.830,-0.007,-0.272,-0.917,0.956
174.840,-0.009,-0.280,-0.943,0.984
174.850,-0.004,-0.285,-0.967,1.008
174.860,-0.009,-0.270,-0.994,1.030
174.870,-0.019,-0.249,-1.018,1.049
174.880,-0.022,-0.231,-1.047,1.072
174.890,-0.022,-0.215,-1.089,1.110
174.900,-0.031,-0.200,-1.137,1.155
174.910,-0.034,-0.178,-1.166,1.180
174.920,-0.038,-0.163,-1.162,1.174
174.930,-0.047,-0.165,-1.138,1.151
174.939,-0.035,-0.182,-1.116,1.131
174.950,-0.016,-0.210,-1.097,1.117
174.960,-0.000,-0.236,-1.066,1.092
174.969,0.003,-0.271,-1.026,1.061
174.980,-0.006,-0.308,-0.989,1.036
174.989,-0.030,-0.333,-0.955,1.012
174.999,-0.059,-0.337,-0.935,0.995
175.009,-0.071,-0.321,-0.946,1.002
175.019,-0.072,-0.273,-1.015,1.054
175.029,-0.058,-0.202,-1.116,1.136
175.039,-0.055,-0.134,-1.194,1.203
175.049,-0.046,-0.088,-1.236,1.240
175.059,-0.041,-0.076,-1.239,1.242
175.069,-0.052,-0.084,-1.187,1.192
175.079,-0.075,-0.115,-1.100,1.109
175.089,-0.088,-0.170,-1.012,1.030
175.099,-0.092,-0.220,-0.935,0.965
175.109,-0.097,-0.251,-0.879,0.919
175.119,-0.102,-0.267,-0.852,0.899
175.129,-0.102,-0.270,-0.853,0.901
175.139,-0.103,-0.265,-0.875,0.920
175.149,-0.104,-0.255,-0.901,0.943
175.159,-0.104,-0.242,-0.928,0.964
175.169,-0.096,-0.236,-0.942,0.976
175.179,-0.081,-0.234,-0.938,0.970
175.189,-0.074,-0.236,-0.915,0.948
175.199,-0.072,-0.247,-0.878,0.915
175.209,-0.064,-0.272,-0.844,0.889
175.219,-0.054,-0.292,-0.821,0.873
175.229,-0.047,-0.300,-0.807,0.862
175.239,-0.032,-0.306,-0.804,0.861
175.249,-0.018,-0.302,-0.807,0.861
175.259,-0.011,-0.292,-0.809,0.860
175.269,0.001,-0.291,-0.811,0.862
175.279,0.012,-0.296,-0.808,0.861
175.289,0.015,-0.307,-0.796,0.853
175.299,0.020,-0.326,-0.780,0.846
175.309,0.029,-0.348,-0.770,0.846
175.319,0.035,-0.368,-0.765,0.850
175.329,0.034,-0.386,-0.762,0.855
175.339,0.034,-0.405,-0.770,0.871
175.349,0.036,-0.412,-0.787,0.889
175.358,0.035,-0.400,-0.818,0.912
175.369,0.041,-0.378,-0.858,0.939
175.378,0.049,-0.360,-0.895,0.966
175.388,0.057,-0.351,-0.927,0.992
175.398,0.071,-0.356,-0.950,1.017
175.408,0.085,-0.366,-0.955,1.027
175.418,0.090,-0.385,-0.942,1.021
175.428,0.101,-0.425,-0.925,1.023
175.438,0.110,-0.472,-0.918,1.038
175.448,0.118,-0.500,-0.915,1.049
175.458,0.118,-0.507,-0.903,1.042
175.468,0.102,-0.497,-0.887,1.022
175.478,0.078,-0.479,-0.885,1.010
175.488,0.061,-0.460,-0.909,1.020
175.498,0.060,-0.433,-0.956,1.051
175.508,0.073,-0.399,-1.008,1.087
175.518,0.094,-0.365,-1.040,1.106
175.528,0.123,-0.343,-1.043,1.105
175.538,0.150,-0.332,-1.019,1.083
175.548,0.158,-0.327,-0.989,1.054
175.558,0.155,-0.327,-0.977,1.042
175.568,0.153,-0.319,-0.990,1.051
175.578,0.151,-0.296,-1.019,1.072
175.588,0.161,-0.270,-1.054,1.100
175.598,0.172,-0.258,-1.072,1.116
175.608,0.178,-0.260,-1.078,1.123
175.618,0.178,-0.277,-1.050,1.100
175.628,0.173,-0.300,-0.989,1.048
175.638,0.183,-0.327,-0.922,0.995
175.648,0.192,-0.345,-0.866,0.952
175.658,0.184,-0.344,-0.825,0.913
175.668,0.166,-0.338,-0.804,0.888
175.677,0.135,-0.333,-0.802,0.878
175.687,0.097,-0.326,-0.823,0.890
175.698,0.065,-0.310,-0.873,0.928
175.707,0.041,-0.279,-0.938,0.980
175.717,0.014,-0.237,-0.992,1.020
175.727,-0.013,-0.199,-1.031,1.050
175.737,-0.027,-0.175,-1.057,1.071
175.747,-0.034,-0.158,-1.065,1.077
175.757,-0.046,-0.152,-1.050,1.062
175.767,-0.058,-0.162,-1.021,1.035
175.777,-0.070,-0.178,-0.985,1.004
175.787,-0.073,-0.194,-0.953,0.975
175.797,-0.065,-0.205,-0.928,0.953
175.807,-0.056,-0.206,-0.908,0.933
175.817,-0.053,-0.206,-0.892,0.917
175.827,-0.047,-0.209,-0.885,0.911
175.837,-0.050,-0.209,-0.887,0.912
175.847,-0.061,-0.208,-0.897,0.923
175.857,-0.075,-0.209,-0.908,0.934
175.867,-0.085,-0.219,-0.910,0.940
175.877,-0.091,-0.235,-0.900,0.935
175.887,-0.087,-0.248,-0.891,0.929
175.897,-0.080,-0.257,-0.880,0.920
175.907,-0.065,-0.269,-0.873,0.916
175.917,-0.048,-0.281,-0.870,0.915
175.927,-0.044,-0.288,-0.870,0.918
175.937,-0.048,-0.284,-0.875,0.921
175.947,-0.053,-0.283,-0.884,0.930
175.957,-0.057,-0.277,-0.903,0.946
175.967,-0.048,-0.264,-0.945,0.983
175.977,-0.029,-0.250,-0.990,1.022
175.987,-0.009,-0.239,-1.021,1.049
175.997,0.015,-0.237,-1.036,1.062
176.007,0.051,-0.254,-1.039,1.071
176.017,0.081,-0.291,-1.025,1.069
176.027,0.101,-0.334,-0.999,1.059
176.036,0.106,-0.370,-0.974,1.047
176.046,0.079,-0.381,-0.957,1.033
176.056,0.023,-0.363,-0.975,1.041
176.066,-0.019,-0.308,-1.056,1.100
176.076,-0.023,-0.210,-1.210,1.228
176.086,-0.003,-0.082,-1.393,1.396
176.096,0.017,0.031,-1.538,1.538
176.106,0.031,0.094,-1.606,1.609
176.116,0.033,0.109,-1.591,1.595
176.126,0.016,0.082,-1.501,1.504
176.136,-0.014,0.034,-1.352,1.352
176.146,-0.039,-0.026,-1.182,1.183
176.156,-0.055,-0.085,-1.028,1.033
176.166,-0.066,-0.133,-0.903,0.915
176.176,-0.073,-0.172,-0.821,0.842
176.186,-0.073,-0.200,-0.777,0.806
176.196,-0.074,-0.221,-0.758,0.793
176.206,-0.081,-0.235,-0.758,0.798
176.216,-0.090,-0.253,-0.772,0.817
176.226,-0.093,-0.269,-0.786,0.836
176.236,-0.095,-0.278,-0.794,0.847
176.246,-0.090,-0.283,-0.799,0.853
176.256,-0.074,-0.283,-0.799,0.851
176.266,-0.051,-0.283,-0.799,0.849
176.276,-0.027,-0.282,-0.802,0.850
176.286,-0.004,-0.278,-0.799,0.846
176.296,0.019,-0.273,-0.791,0.837
176.306,0.044,-0.270,-0.784,0.831
176.316,0.067,-0.269,-0.788,0.835
176.325,0.086,-0.269,-0.798,0.847
176.335,0.099,-0.272,-0.814,0.864
176.345,0.112,-0.272,-0.831,0.882
176.355,0.124,-0.270,-0.845,0.896
176.365,0.130,-0.273,-0.853,0.905
176.375,0.133,-0.278,-0.860,0.914
176.386,0.134,-0.281,-0.873,0.927
176.395,0.136,-0.278,-0.891,0.943
176.405,0.138,-0.274,-0.914,0.964
176.415,0.145,-0.269,-0.933,0.982
176.425,0.151,-0.264,-0.946,0.993
176.435,0.157,-0.262,-0.950,0.998
176.445,0.170,-0.268,-0.962,1.013
176.455,0.183,-0.274,-0.978,1.032
176.465,0.196,-0.284,-0.993,1.051
176.475,0.211,-0.294,-1.002,1.065
176.485,0.225,-0.300,-0.999,1.067
176.495,0.235,-0.308,-0.983,1.056
176.505,0.247,-0.323,-0.961,1.043
176.515,0.254,-0.336,-0.949,1.039
176.525,0.244,-0.338,-0.941,1.029
176.535,0.223,-0.328,-0.934,1.014
176.545,0.206,-0.319,-0.940,1.014
176.555,0.210,-0.318,-0.973,1.045
176.565,0.233,-0.309,-1.019,1.090
176.575,0.264,-0.299,-1.052,1.125
176.585,0.284,-0.299,-1.049,1.127
176.595,0.277,-0.293,-1.015,1.092
176.605,0.249,-0.280,-0.972,1.042
176.615,0.216,-0.257,-0.954,1.011
176.625,0.197,-0.224,-0.985,1.029
176.635,0.201,-0.177,-1.058,1.091
176.645,0.227,-0.127,-1.146,1.175
176.655,0.250,-0.083,-1.224,1.252
176.664,0.264,-0.065,-1.284,1.312
176.675,0.262,-0.068,-1.317,1.344
176.685,0.240,-0.087,-1.312,1.337
176.695,0.200,-0.117,-1.280,1.301
176.704,0.150,-0.148,-1.233,1.251
176.714,0.102,-0.172,-1.172,1.189
176.724,0.047,-0.188,-1.104,1.121
176.734,0.011,-0.202,-1.044,1.063
176.744,-0.005,-0.204,-0.996,1.017
176.754,-0.015,-0.191,-0.963,0.982
176.764,-0.020,-0.168,-0.954,0.969
176.774,-0.020,-0.146,-0.960,0.971
176.784,-0.029,-0.127,-0.969,0.978
176.794,-0.050,-0.122,-0.982,0.991
176.804,-0.068,-0.123,-0.988,0.998
176.814,-0.088,-0.129,-0.977,0.990
176.824,-0.112,-0.150,-0.948,0.966
176.834,-0.126,-0.178,-0.913,0.938
176.844,-0.120,-0.204,-0.882,0.913
176.854,-0.102,-0.223,-0.865,0.899
176.864,-0.090,-0.231,-0.856,0.891
176.874,-0.079,-0.231,-0.860,0.894
176.884,-0.075,-0.231,-0.872,0.905
176.894,-0.073,-0.231,-0.877,0.910
176.904,-0.068,-0.234,-0.876,0.910
176.914,-0.062,-0.242,-0.870,0.905
176.924,-0.053,-0.248,-0.864,0.900
176.934,-0.051,-0.257,-0.853,0.892
176.944,-0.058,-0.274,-0.839,0.885
176.954,-0.063,-0.290,-0.832,0.883
176.964,-0.068,-0.308,-0.838,0.895
176.974,-0.070,-0.318,-0.855,0.915
176.984,-0.064,-0.320,-0.871,0.930
176.993,-0.060,-0.319,-0.875,0.934
177.004,-0.047,-0.314,-0.875,0.930
177.014,-0.028,-0.307,-0.867,0.920
177.024,-0.013,-0.305,-0.858,0.911
177.034,-0.002,-0.307,-0.857,0.911
177.043,0.010,-0.310,-0.865,0.919
177.054,0.007,-0.312,-0.867,0.922
177.063,-0.013,-0.309,-0.866,0.920
177.073,-0.029,-0.311,-0.868,0.923
177.083,-0.032,-0.324,-0.882,0.940
177.093,-0.029,-0.342,-0.901,0.964
177.103,-0.038,-0.348,-0.899,0.965
177.113,-0.060,-0.347,-0.883,0.951
177.123,-0.086,-0.345,-0.861,0.931
177.133,-0.105,-0.343,-0.852,0.924
177.143,-0.123,-0.328,-0.888,0.955
177.153,-0.139,-0.280,-0.973,1.022
177.163,-0.129,-0.203,-1.084,1.110
177.173,-0.107,-0.133,-1.184,1.196
177.183,-0.069,-0.090,-1.246,1.251
177.193,-0.034,-0.071,-1.261,1.263
177.203,-0.017,-0.078,-1.226,1.228
177.213,-0.007,-0.111,-1.147,1.152
177.223,0.005,-0.161,-1.063,1.075
177.233,0.027,-0.211,-0.994,1.016
177.243,0.029,-0.251,-0.933,0.966
177.253,0.016,-0.289,-0.892,0.938
177.263,0.005,-0.326,-0.864,0.923
177.273,-0.008,-0.347,-0.848,0.917
177.283,-0.021,-0.355,-0.849,0.920
177.293,-0.032,-0.356,-0.860,0.931
177.303,-0.035,-0.350,-0.878,0.946
177.313,-0.039,-0.344,-0.898,0.962
177.323,-0.040,-0.338,-0.913,0.975
177.333,-0.041,-0.333,-0.928,0.987
177.343,-0.038,-0.333,-0.942,1.000
177.353,-0.028,-0.333,-0.953,1.010
177.362,-0.015,-0.336,-0.957,1.014
177.372,-0.000,-0.341,-0.953,1.012
177.383,0.015,-0.346,-0.938,0.999
177.393,0.025,-0.344,-0.918,0.981
177.402,0.030,-0.341,-0.902,0.964
177.412,0.046,-0.344,-0.889,0.954
177.422,0.062,-0.343,-0.884,0.950
177.432,0.066,-0.345,-0.887,0.954
177.442,0.065,-0.355,-0.899,0.969
177.452,0.054,-0.368,-0.916,0.989
177.462,0.044,-0.375,-0.930,1.003
177.472,0.041,-0.382,-0.936,1.011
177.482,0.042,-0.388,-0.941,1.019
177.492,0.050,-0.389,-0.950,1.028
177.502,0.049,-0.385,-0.960,1.035
177.512,0.037,-0.386,-0.971,1.046
177.522,0.026,-0.389,-0.987,1.061
177.532,0.021,-0.376,-0.996,1.065
177.542,0.025,-0.366,-1.001,1.066
177.552,0.037,-0.361,-1.006,1.070
177.562,0.047,-0.356,-1.007,1.069
177.572,0.053,-0.362,-1.005,1.070
177.582,0.066,-0.371,-1.006,1.074
177.592,0.076,-0.382,-1.004,1.077
177.602,0.081,-0.392,-0.997,1.074
177.612,0.087,-0.403,-0.983,1.066
177.622,0.093,-0.414,-0.963,1.053
177.632,0.097,-0.423,-0.946,1.041
177.642,0.090,-0.427,-0.927,1.025
177.652,0.070,-0.431,-0.919,1.017
177.662,0.057,-0.431,-0.935,1.031
177.672,0.061,-0.419,-0.971,1.059
177.682,0.084,-0.409,-1.016,1.098
177.691,0.106,-0.403,-1.044,1.124
177.701,0.123,-0.393,-1.050,1.128
177.711,0.128,-0.373,-1.045,1.117
177.721,0.123,-0.345,-1.043,1.106
177.731,0.116,-0.306,-1.059,1.108
177.741,0.121,-0.264,-1.103,1.141
177.752,0.149,-0.231,-1.150,1.183
177.761,0.176,-0.209,-1.181,1.212
177.771,0.189,-0.205,-1.179,1.212
177.781,0.192,-0.223,-1.136,1.173
177.791,0.182,-0.269,-1.065,1.113
177.801,0.170,-0.324,-0.993,1.058
177.811,0.167,-0.368,-0.944,1.027
177.821,0.155,-0.395,-0.917,1.010
177.831,0.131,-0.409,-0.908,1.004
177.841,0.107,-0.410,-0.919,1.012
177.851,0.084,-0.393,-0.956,1.037
177.861,0.067,-0.366,-1.013,1.079
177.871,0.046,-0.327,-1.060,1.111
177.881,0.011,-0.280,-1.087,1.122
177.891,-0.010,-0.252,-1.094,1.123
177.901,-0.024,-0.241,-1.074,1.101
177.911,-0.045,-0.249,-1.031,1.061
177.921,-0.058,-0.265,-0.974,1.011
177.931,-0.057,-0.277,-0.923,0.966
177.941,-0.050,-0.294,-0.885,0.934
177.951,-0.039,-0.316,-0.859,0.916
177.961,-0.025,-0.329,-0.839,0.901
177.971,-0.019,-0.345,-0.821,0.891
177.981,-0.015,-0.363,-0.805,0.883
177.991,-0.023,-0.385,-0.790,0.879
178.001,-0.038,-0.402,-0.791,0.888
178.011,-0.035,-0.405,-0.781,0.880
178.021,-0.033,-0.407,-0.750,0.855
178.030,-0.032,-0.411,-0.718,0.828
178.040,-0.038,-0.449,-0.679,0.815
178.050,-0.027,-0.481,-0.659,0.817
178.060,-0.035,-0.508,-0.665,0.838
178.070,-0.069,-0.529,-0.701,0.881
178.080,-0.111,-0.515,-0.754,0.920
178.090,-0.132,-0.489,-0.825,0.968
178.100,-0.111,-0.470,-0.876,1.000
